GEOID,adult_population,baseline_ndvi,feasible_increment,median_income,acs_population,households,low_income_households,high_income_households,occupied_households,renter_households,race_total,nonhisp_white,svi,ice_income,renter_share,minority_share,cases,rate,health_efficiency,z_health_efficiency,z_svi,z_baseline_ndvi,z_renter_share,health_score,equity_score,balanced_score,safeguard_flag,local_moran_i,lisa_p,priority_cluster,priority_decile
06075032700,6045.967575550079,0.23033945127687555,4.066847932338713,158889.0,6729.0,2414.0,285.0,1253.0,2414.0,842.0,6729.0,2270.0,0.5455,0.4009942004971003,0.3487986743993372,0.662654183385347,31.17314910888672,0.0051560232037881045,7.665186804995693,0.054323454987139724,0.5451880353625578,0.4788872285889475,0.18609265651097703,0.054323454987139724,0.296144455582123,0.17523395528463137,0,-0.04768032974684103,0.416,not significant,5.0
06075035400,6299.8557577692845,0.19124567259686062,17.386251294612897,142540.0,7154.0,2444.0,260.0,1085.0,2444.0,499.0,7154.0,2331.0,0.6032,0.33756137479541737,0.2041734860883797,0.6741682974559686,31.880496978759766,0.0050605122092586335,1.833661347609642,0.010177119459000917,0.6112637991846456,0.34126204000313753,0.0005570719861064986,0.010177119459000917,0.31784158344365576,0.16400935145132833,0,0.011064130564122941,0.354,not significant,6.0
06075022903,2739.56334900856,0.255003994380508,0.8043430328369142,201250.0,2675.0,1058.0,77.0,623.0,1058.0,593.0,2675.0,1092.0,0.1961,0.5160680529300568,0.5604914933837429,0.5917757009345794,14.688817024230957,0.005361736580957982,18.26188134237151,0.13454349963149245,0.14506893866520087,0.5657159392082036,0.4576674172334393,0.13454349963149245,0.183188487467336,0.15886599354941422,0,0.20905618193407452,0.454,not significant,3.0
06075010800,4208.557037353516,0.18812091149894364,0.9336979269981386,150298.0,4334.0,2382.0,360.0,1196.0,2382.0,1911.0,4334.0,2012.0,0.5305,0.3509655751469353,0.8022670025188917,0.5357637286571297,25.453298568725586,0.006047987075572935,27.260742294414808,0.20266748157463957,0.528010627089918,0.3302616749858191,0.7678344146636467,0.20266748157463957,0.3865982090209182,0.2946328452977789,0,0.3220876494881203,0.016,high-high priority,7.0
06075022902,1982.9659729003906,0.2139428659815695,0.0,199671.0,2019.0,727.0,52.0,438.0,727.0,399.0,2019.0,653.0,0.6217,0.530949105914718,0.5488308115543329,0.6765725606736008,11.542791366577148,0.00582097298910987,,,0.6324492693875681,0.4211649203439429,0.4427082566304711,,,,0,,,not ranked (missing SVI or zero feasible capacity),
06075025600,4820.656925201416,0.2138720495121007,0.15000000000000002,114250.0,5290.0,1656.0,85.0,674.0,1656.0,559.0,5290.0,908.0,0.7352,0.3556763285024155,0.33756038647342995,0.8283553875236295,23.140270233154297,0.00480023170953769,154.26846822102863,1.0,0.762424991983876,0.4209156190409044,0.1716753731612134,1.0,0.8537114043382209,0.9268557021691104,0,0.5036903944994172,0.636,not significant,10.0
06075030202,4289.265302658081,0.2294173793796497,1.1060731172561646,149306.0,4017.0,2045.0,155.0,1015.0,2045.0,1573.0,4017.0,1863.0,0.367,0.42053789731051344,0.7691931540342298,0.5362210604929052,24.38383674621582,0.005684851606428966,22.045411253376088,0.1631859161231161,0.34077687691814396,0.47564117965149205,0.7254049050965097,0.1631859161231161,0.2795186880351846,0.22135230207915035,0,0.10312476421553932,0.23,not significant,5.0
06075030600,2246.242826461792,0.3392971360098413,6.779870247840887,238750.0,2356.0,903.0,0.0,701.0,903.0,137.0,2356.0,1173.0,0.1212,0.7763012181616833,0.15171650055370986,0.5021222410865874,11.486659049987793,0.005113720972046999,1.6942299233006453,0.009121583221408913,0.05929641335715268,0.8624603293624824,0.0,0.009121583221408913,0.04594548688133553,0.027533535051372224,0,1.682049119597652,0.006,low-low priority,1.0
06075011902,2543.6977005004883,0.13340163478054679,0.0,77241.0,2732.0,1678.0,206.0,359.0,1678.0,1592.0,2732.0,1138.0,0.6694,0.09117997616209773,0.9487485101311085,0.5834553440702781,15.649306297302246,0.0061521879326396165,,,0.6870734276945627,0.1376287028884385,0.9557514189857618,,,,0,,,not ranked (missing SVI or zero feasible capacity),
06075012601,2531.095371246338,0.17860086346535306,0.0,176750.0,2045.0,1291.0,74.0,742.0,1291.0,1028.0,2045.0,1370.0,0.0701,0.517428350116189,0.796281951975213,0.33007334963325186,17.182727813720703,0.006788652853195234,,,0.0007787091750263387,0.29674743179400764,0.7601563617324741,,,,0,,,not ranked (missing SVI or zero feasible capacity),
06075025701,4589.961216837168,0.2011253953218287,2.5142388105392444,129663.0,5047.0,1559.0,64.0,628.0,1559.0,592.0,5047.0,450.0,0.5519,0.3617703656189865,0.3797305965362412,0.9108381216564295,20.963191986083984,0.004567182813916937,8.337788716891168,0.05941524613104995,0.5525170628922175,0.37604247691941683,0.22577434903751636,0.05941524613104995,0.31668222353988856,0.18804873483546924,0,-0.030502480770132626,0.03,low-high outlier,6.0
06075012502,4585.112686157227,0.1151395311606103,0.0,19128.0,4689.0,2270.0,1435.0,97.0,2270.0,2270.0,4689.0,888.0,0.9892,-0.5894273127753304,1.0,0.8106206014075495,22.175561904907227,0.004836426806228075,,,1.0,0.07333905017312822,1.0,,,,1,,,not ranked (missing SVI or zero feasible capacity),
06075980200,76.46438740030862,0.5985529515791036,13.996573233604474,-666666666.0,179.0,0.0,0.0,0.0,0.0,0.0,179.0,32.0,,,,0.8212290502793296,0.6297495365142822,0.008235854074360118,0.04499312267393507,0.0,,1.0,,0.0,,,0,,,not ranked (missing SVI or zero feasible capacity),
06075017803,2994.7763481140137,0.09805671745632294,0.0,126319.0,2318.0,1174.0,202.0,563.0,1174.0,874.0,2318.0,733.0,0.6185,0.3074957410562181,0.7444633730834753,0.683779119930975,15.25011157989502,0.005092237218147829,,,0.6287847556227383,0.013200953089392701,0.6936797649777285,,,,0,,,not ranked (missing SVI or zero feasible capacity),
06075016601,3143.8995780944824,0.2805191463415037,0.6549922823905946,146691.0,3027.0,1511.0,132.0,740.0,1511.0,1200.0,3027.0,2136.0,0.1622,0.40238252812706815,0.7941760423560555,0.29435084241823584,20.18459129333496,0.006420240466322033,30.816533012671727,0.22958584646271377,0.10624799596903488,0.6555391212845566,0.7574547495395355,0.22958584646271377,0.20364885362783558,0.21661735004527466,0,0.5221847443111399,0.028,low-low priority,4.0
06075025501,2944.809243748896,0.30298673028291084,5.64646329879761,146477.0,4073.0,1031.0,78.0,511.0,1031.0,198.0,4073.0,572.0,0.5308,0.41998060135790494,0.19204655674102813,0.859562975693592,15.634565353393555,0.0053091946062658844,2.768912950646977,0.017257244783434114,0.5283541752553709,0.734633687770768,0.0,0.017257244783434114,0.23335753056548164,0.12530738767445787,0,-0.24542234647489802,0.156,not significant,4.0
06075010901,2636.8762588500977,0.18486393313773358,0.0,190139.0,2069.0,1071.0,78.0,655.0,1071.0,818.0,2069.0,1234.0,0.1063,0.5387488328664799,0.7637721755368814,0.4035766070565491,17.025909423828125,0.0064568480855650276,,,0.04223352113966379,0.3187958541745251,0.7184504843213417,,,,0,,,not ranked (missing SVI or zero feasible capacity),
06075010702,1450.1581344604492,0.12188947012549953,0.0,80472.0,1380.0,674.0,127.0,232.0,674.0,549.0,1380.0,348.0,0.7656,0.15578635014836795,0.814540059347181,0.7478260869565218,8.803523063659668,0.006070733152791738,,,0.7972378727497594,0.09710144036286138,0.783579173921264,,,,1,,,not ranked (missing SVI or zero feasible capacity),
06075012802,1894.8754920959473,0.19143265605988827,0.15000000000000002,250001.0,2035.0,935.0,9.0,678.0,935.0,702.0,2035.0,1433.0,0.0776,0.7155080213903743,0.7508021390374332,0.29582309582309585,13.153675079345703,0.0069417094337930595,87.691167195638,0.6601432884269365,0.009367413311346258,0.3419202939563366,0.7018115894556699,0.6601432884269365,0.43206219477898894,0.5461027416029627,0,-0.5098595623729788,0.024,high-low outlier,8.0
06075010102,1794.000545501709,0.18811177738596885,0.0,108417.0,1795.0,907.0,189.0,358.0,907.0,605.0,1795.0,554.0,0.7832,0.18632855567805953,0.6670341786108048,0.6913649025069638,9.744261741638184,0.005431582373857702,,,0.8173926984563236,0.33022951938297984,0.5943480301426537,,,,0,,,not ranked (missing SVI or zero feasible capacity),
06075030800,5494.480507612228,0.33971498099151,31.059884417056875,190625.0,5769.0,1998.0,115.0,1102.0,1998.0,553.0,5769.0,3272.0,0.2362,0.493993993993994,0.27677677677677676,0.4328306465591957,29.281047821044922,0.005329174938463795,0.9427288082554781,0.003432502273895506,0.19098987678072463,0.8639313049586886,0.09369779065081124,0.003432502273895506,0.08897301226639807,0.04620275727014679,0,1.1039089391293861,0.018,low-low priority,2.0
06075035202,3599.7088356018066,0.1940520476953811,0.30000000000000004,118590.0,4559.0,1709.0,170.0,642.0,1709.0,1099.0,4559.0,1693.0,0.691,0.2761849034523113,0.6430661205383265,0.62864663303356,22.076204299926758,0.006132774984906803,73.58734766642252,0.553373292528787,0.711808895607164,0.35114156342648584,0.5636000828705505,0.553373292528787,0.623148525212928,0.5882609088708575,0,0.04247430695605978,0.94,not significant,10.0
06075040200,5223.406477689743,0.2847339288721717,3.393133962154387,175978.0,4903.0,2326.0,176.0,1259.0,2326.0,1497.0,4903.0,2262.0,0.4407,0.4656061908856406,0.6435941530524506,0.538649806241077,30.834957122802734,0.005903227568925615,9.087456453745444,0.0650904478750245,0.42517520956438093,0.6703767824218744,0.564277480924792,0.0650904478750245,0.2308000299217644,0.14794523889839445,0,0.04674329601691745,0.772,not significant,4.0
06075045100,4552.449884414673,0.24085006716496804,0.49047682285308847,195893.0,4664.0,1919.0,44.0,1124.0,1919.0,1405.0,4664.0,2602.0,0.3218,0.5627931214174049,0.7321521625846795,0.4421097770154374,25.810693740844727,0.005669627210879953,52.62367667182462,0.3946722355940433,0.2890156199899226,0.5158886529227691,0.6778860594498115,0.3946722355940433,0.37110828685507924,0.38289026122456127,0,-0.01946757439729163,0.842,not significant,7.0
06075022702,2420.120352745056,0.23310149434421742,0.0,250001.0,2017.0,1001.0,74.0,597.0,1001.0,619.0,2017.0,1024.0,0.2312,0.5224775224775224,0.6183816183816184,0.4923153197818543,15.081863403320312,0.006231865033577149,,,0.18526407402317802,0.4886106861532934,0.5319330296425668,,,,0,,,not ranked (missing SVI or zero feasible capacity),
06075026003,4379.229890823364,0.22332060086196875,0.15000000000000002,99044.0,4873.0,1393.0,71.0,444.0,1393.0,427.0,4873.0,610.0,0.5348,0.26776740847092606,0.3065326633165829,0.8748204391545249,21.075359344482422,0.004812572043464912,140.50239562988278,1.0,0.5329348174614081,0.4541781663129862,0.13187078020190163,1.0,0.7684004611645449,0.8842002305822725,0,2.370436089079218,0.014,high-high priority,10.0
06075026403,4008.7052507400513,0.1855157283838929,0.9948871016502382,73750.0,3453.0,1109.0,249.0,344.0,1109.0,335.0,3453.0,175.0,0.7494,0.08566275924256087,0.30207394048692515,0.9493194323776426,17.080516815185547,0.004260856248294208,17.168296570388506,0.1262647463918444,0.7786862718153084,0.3210904249911821,0.1261508101462273,0.1262647463918444,0.4375090045826028,0.2818868754872236,0,0.11589443239075571,0.586,not significant,8.0
06075011200,3363.244697570801,0.157221479056289,0.32887233495712287,118347.0,2678.0,1633.0,333.0,758.0,1633.0,1271.0,2678.0,1348.0,0.4121,0.26025719534598896,0.7783221065523577,0.4966392830470501,21.621883392333984,0.006428876081467104,65.74552218006711,0.49400840394113893,0.3924236177912144,0.22148374763522571,0.7371161814055087,0.49400840394113893,0.5011299060522106,0.49756915499667476,0,1.028381605862569,0.01,high-high priority,9.0
06075011800,1946.636375427246,0.08485689861117862,0.0,43833.0,1635.0,716.0,274.0,31.0,716.0,712.0,1635.0,122.0,0.9298,-0.3393854748603352,0.994413407821229,0.9253822629969419,7.226001739501953,0.0037120449564783235,,,0.98527323530759,0.0,1.0,,,,1,,,not ranked (missing SVI or zero feasible capacity),
06075015900,4399.513292312622,0.26801043861743173,2.429508936405181,83162.0,4876.0,2159.0,551.0,813.0,2159.0,1650.0,4876.0,1650.0,0.8001,0.12135247799907364,0.7642427049559981,0.6616078753076292,24.561870574951172,0.005582860862784238,10.10980869709996,0.07282995025615695,0.8367459117768311,0.6115036425558085,0.7190541132730585,0.07282995025615695,0.387550497866598,0.23019022406137749,0,0.33686231315651677,0.006,high-high priority,7.0
06075016300,4154.689422607422,0.25018946101793843,0.5781619310379029,101964.0,3794.0,1944.0,302.0,747.0,1944.0,1662.0,3794.0,2172.0,0.4281,0.22890946502057613,0.8549382716049383,0.4275171323141803,27.254823684692383,0.006560014699627694,47.14046743922616,0.35316275470055103,0.41074618661536344,0.5487669236781433,0.8354049036751101,0.35316275470055103,0.3880275041139312,0.37059512940724115,0,0.18789837888622815,0.142,not significant,7.0
06075021200,2733.1833305358887,0.320346791247394,2.645291829109191,195714.0,3052.0,1424.0,115.0,880.0,1424.0,590.0,3052.0,1727.0,0.1603,0.5372191011235955,0.4143258426966292,0.43414154652686765,17.092697143554688,0.006253768985267213,6.461554432469063,0.0452116095603501,0.10407219092116715,0.7957478022096345,0.2701556168727477,0.0452116095603501,0.08966890127113838,0.06744025541574425,0,1.5565110907260469,0.002,low-low priority,2.0
06075021500,5235.139667510986,0.2730023426596414,1.3224603891372682,176417.0,5341.0,2513.0,122.0,1568.0,2513.0,1465.0,5341.0,2606.0,0.1086,0.575407879029049,0.5829685634699562,0.5120763901891032,32.285099029541016,0.006166998605576985,24.412904382416176,0.18110852433239513,0.04486739040813523,0.6290770713316403,0.4865026179723696,0.18110852433239513,0.16189628810929885,0.171502406220847,0,0.45827793040824777,0.158,not significant,3.0
06075022901,3583.552188873291,0.24310118364666006,0.30000000000000004,94214.0,4197.0,1408.0,145.0,456.0,1408.0,1090.0,4197.0,1093.0,0.8091,0.22088068181818182,0.7741477272727273,0.7395758875387182,23.1732234954834,0.006466551140913988,77.24407831827799,0.5810558019292006,0.847052356740415,0.5238134517215065,0.7317609876891176,0.5810558019292006,0.6584242080655196,0.61974000499736,0,-0.5097436535681907,0.472,not significant,10.0
06075026002,2830.1300048828125,0.24099490473061116,0.8839611291885378,119038.0,3731.0,1038.0,137.0,465.0,1038.0,253.0,3731.0,1117.0,0.6419,0.3159922928709056,0.24373795761078998,0.7006164567140176,14.2841157913208,0.005047158881986506,16.159212571296422,0.11862568846000036,0.6555815125280564,0.516398537051625,0.051313219210924486,0.11862568846000036,0.36130659305707613,0.23996614075853825,0,0.2598970915355821,0.004,high-high priority,7.0
06075012901,2728.1463775634766,0.17107130080723582,0.15000000000000002,231841.0,2887.0,1454.0,38.0,1047.0,1454.0,1130.0,2887.0,1928.0,0.0955,0.6939477303988996,0.7771664374140302,0.3321787322480083,18.33584976196289,0.006720991920653006,122.23899841308592,0.9216803699058895,0.029865787183363114,0.2702404653205467,0.7356336059869315,0.9216803699058895,0.5807571406690398,0.7512187552874647,0,-0.8980940903491557,0.088,not significant,9.0
06075015802,2862.9341201782227,0.2209096857623474,0.0,142700.0,3163.0,1572.0,188.0,763.0,1572.0,1234.0,3163.0,1562.0,0.3931,0.3657760814249364,0.7849872773536896,0.5061650331963325,18.752216339111328,0.0065499992497012015,,,0.37066556731253725,0.4456908147073614,0.7456667414775506,,,,0,,,not ranked (missing SVI or zero feasible capacity),
06075022704,3984.4692081212997,0.2848164988292975,4.388371992111205,240000.0,3982.0,1822.0,128.0,1224.0,1822.0,891.0,3982.0,1977.0,0.0702,0.601536772777168,0.48902305159165754,0.5035158211953792,24.19729232788086,0.0060729023275072624,5.513956513116785,0.03803801904802414,0.0008932252301772741,0.6706674605375401,0.3659825642846835,0.03803801904802414,0.0687315192739431,0.053384769160983614,0,0.393805930537389,0.406,not significant,1.0
06075061200,3729.8192076683044,0.19825180023357303,0.0,117132.0,4163.0,1153.0,169.0,442.0,1153.0,627.0,4163.0,352.0,0.6991,0.2367736339982654,0.5437987857762359,0.9154455921210666,20.557865142822266,0.005511759149225362,,,0.7210846960743896,0.3659263131896975,0.4362528123542218,,,,0,,,not ranked (missing SVI or zero feasible capacity),
06075011901,1880.3551635742188,0.11929477729967662,0.0,101827.0,2084.0,1217.0,147.0,509.0,1217.0,1005.0,2084.0,846.0,0.3489,0.29745275267050125,0.8258011503697618,0.5940499040307101,12.24476432800293,0.006511942299628025,,,0.3200494709358252,0.08796712023486936,0.7980257107221015,,,,0,,,not ranked (missing SVI or zero feasible capacity),
06075017804,5354.712290763855,0.14119333037284026,0.0,138561.0,3911.0,2132.0,455.0,881.0,2132.0,1465.0,3911.0,1153.0,0.6476,0.199812382739212,0.6871482176360225,0.7051904883661468,27.526290893554688,0.005140573274316487,,,0.6621089276716594,0.165058478456304,0.6201517648259646,,,,0,,,not ranked (missing SVI or zero feasible capacity),
06075061503,5068.405586242676,0.1283357234671712,0.0,187067.0,3612.0,1998.0,255.0,1239.0,1998.0,1556.0,3612.0,1229.0,0.4602,0.4924924924924925,0.7787787787787788,0.6597452934662237,28.617908477783203,0.005646333544312564,,,0.4475058403188127,0.11979473995615444,0.737702033354639,,,,0,,,not ranked (missing SVI or zero feasible capacity),
06075020802,2537.087677001953,0.1190183198974504,0.0,117000.0,2274.0,1114.0,171.0,406.0,1114.0,920.0,2274.0,644.0,0.6228,0.21095152603231598,0.8258527827648114,0.7167985927880387,15.511919975280762,0.00611406539706622,,,0.6337089459942283,0.08699388348462458,0.7980919484688442,,,,0,,,not ranked (missing SVI or zero feasible capacity),
06075033002,3809.073843292892,0.3801122908003095,13.193449735641508,173615.0,3940.0,1533.0,133.0,833.0,1533.0,681.0,3940.0,1538.0,0.3351,0.45662100456621,0.44422700587084146,0.6096446700507614,19.94011116027832,0.005234897505436747,1.5113644694769262,0.00773723880929931,0.3042462553249966,1.0,0.3085149777302276,0.00773723880929931,0.11035480876839845,0.059046023788848885,0,0.4535168081998822,0.294,not significant,2.0
06075061101,2119.3026580810547,0.13325679101014756,0.15000000000000002,17569.0,1814.0,935.0,532.0,51.0,935.0,865.0,1814.0,39.0,0.9666,-0.5144385026737968,0.9251336898395722,0.9785005512679162,9.276110649108887,0.004376963627039491,61.8407376607259,0.4644480549697415,1.0,0.13711879691644652,0.9254566305231907,0.4644480549697415,0.7116562079474037,0.5880521314585726,1,0.3383071312137131,0.666,not significant,10.0
06075061501,2201.8510310053825,0.1586577057765395,1.0848992228507996,230332.0,1807.0,1195.0,245.0,688.0,1195.0,387.0,1807.0,613.0,0.1534,0.3707112970711297,0.3238493723849372,0.6607636967349197,13.666154861450195,0.006206666422482778,12.596704443698941,0.09165647083900141,0.09617058311575284,0.22653981997973668,0.154085898996674,0.09165647083900141,0.1955069665130537,0.14358171867602754,0,-0.8820132531730022,0.006,low-high outlier,3.0
06075016101,2440.675392150879,0.20172226319102932,0.0,-666666666.0,2444.0,1572.0,596.0,350.0,1572.0,1422.0,2444.0,1017.0,0.7838,-0.15648854961832062,0.9045801526717557,0.5838788870703764,14.59653091430664,0.005980529390040372,,,0.8180797947872291,0.3781436821708176,0.8990890760396294,,,,1,,,not ranked (missing SVI or zero feasible capacity),
06075013001,2593.9268226623535,0.20721112380749615,0.504580593109131,127031.0,1770.0,863.0,35.0,407.0,863.0,634.0,1770.0,1435.0,0.1888,0.43105446118192353,0.7346465816917729,0.18926553672316382,17.49280548095703,0.006743754422109245,34.66801085862151,0.2587426484880121,0.1367092666391828,0.39746658988064826,0.6810860795326861,0.2587426484880121,0.2675995790856228,0.26317111378681746,0,-0.0012594768254022368,0.99,not significant,5.0
06075012001,1977.041244506836,0.09430685782855427,0.0,91040.0,1738.0,1004.0,123.0,267.0,1004.0,910.0,1738.0,660.0,0.3694,0.14342629482071714,0.9063745019920318,0.620253164556962,12.247336387634277,0.006194780418295886,,,0.3435252622417663,0.0,0.901390996292023,,,,0,,,not ranked (missing SVI or zero feasible capacity),
06075020602,2454.134677886963,0.3475076223104975,1.8281063079833983,204044.0,2369.0,1317.0,114.0,768.0,1317.0,730.0,2369.0,1672.0,0.1565,0.49658314350797267,0.554290053151101,0.29421696918531026,13.900550842285156,0.00566413529279236,7.603797865354443,0.053858722946282946,0.09972058082543173,0.8913644098495054,0.44971176405921215,0.053858722946282946,0.07812690328461677,0.06599281311544986,0,0.18210736479145412,0.742,not significant,2.0
06075012902,3637.331123352051,0.2181729578579628,1.1578687310218814,210921.0,2735.0,1700.0,38.0,1053.0,1700.0,1313.0,2735.0,1908.0,0.104,0.5970588235294118,0.7723529411764706,0.30237659963436925,25.173124313354492,0.006920767854139088,21.74091383497148,0.16088078253524568,0.03959965187119234,0.4360564762866162,0.7294585071091088,0.16088078253524568,0.17889179797954774,0.1698862902573967,0,0.08336788511828727,0.8,not significant,3.0
06075035201,5185.203552329316,0.1937012849934775,20.84999999999998,112413.0,5136.0,1867.0,191.0,747.0,1867.0,490.0,5136.0,1455.0,0.5475,0.2978039635779325,0.26245313336904125,0.7167056074766356,27.63393211364746,0.005329382315422052,1.3253684466977211,0.006329195084117548,0.5474783564655765,0.34990674334440897,0.07532239157118448,0.006329195084117548,0.2922960108033492,0.14931260294373339,0,-0.012062855369471652,0.854,not significant,5.0
06075047702,3716.7547454833984,0.21816630045713373,0.45000000000000007,119957.0,3441.0,1592.0,152.0,644.0,1592.0,975.0,3441.0,1373.0,0.4563,0.30904522613065327,0.6124371859296482,0.6009880848590525,19.214881896972656,0.005169800864671684,42.69973754882812,0.31954514415183166,0.4430397141679263,0.43603303966637813,0.5243070845183084,0.31954514415183166,0.39943151608473326,0.35948833011828246,0,0.018262529653324637,0.908,not significant,7.0
06075025401,3188.49679851532,0.31703903393457866,2.82298480272293,183902.0,3706.0,1357.0,99.0,774.0,1357.0,603.0,3706.0,1695.0,0.5263,0.4974207811348563,0.4443625644804716,0.5426335671883432,19.263729095458984,0.006041633507183974,6.823886928784746,0.047954571427187294,0.5232009527735788,0.7841032198913481,0.30868888205608425,0.047954571427187294,0.23948213620064399,0.14371835381391565,0,0.06304555954170392,0.728,not significant,4.0
06075016500,4576.509906768799,0.23371452533510173,0.5394890904426576,180152.0,5393.0,2303.0,336.0,1210.0,2303.0,1573.0,5393.0,3650.0,0.438,0.3795049934867564,0.683022145028224,0.3231967365102911,31.903478622436523,0.006971137236095632,59.136466682318485,0.443975940967294,0.42208327607530577,0.4907687918309246,0.6148585423795814,0.443975940967294,0.4461017983353653,0.44503886965132966,0,-0.1839599796137012,0.404,not significant,8.0
06075030101,3947.8437881469727,0.273667111362253,1.3064913988113402,151384.0,4588.0,2098.0,84.0,1111.0,2098.0,1612.0,4588.0,2082.0,0.2515,0.48951382268827454,0.7683508102955195,0.546207497820401,25.731853485107422,0.006517951283271359,19.6953868265176,0.14539555104531016,0.2085108332188173,0.6314173137219119,0.7243242860165439,0.14539555104531016,0.20096397009095435,0.17317976056813225,0,0.4217365921236086,0.09,not significant,3.0
06075031302,5652.600351810455,0.24415629091214175,9.897207283973708,127050.0,4727.0,1733.0,107.0,707.0,1733.0,644.0,4727.0,431.0,0.6062,0.3462204270051933,0.37160992498557416,0.9088216627882377,25.307451248168945,0.004477134358183184,2.5570295258086233,0.01565322593208575,0.6146992808391736,0.5275278364981413,0.2153565680099957,0.01565322593208575,0.2938421857850324,0.15474770585855907,0,-0.023888346295279864,0.714,not significant,5.0
06075015300,2553.386371612549,0.22995371976688903,0.7346423864364625,215417.0,2427.0,1077.0,62.0,649.0,1077.0,650.0,2427.0,1525.0,0.3534,0.5450324976787372,0.6035283194057567,0.37165224557066334,16.512741088867188,0.006466996641185501,22.477250691953284,0.16645506566023519,0.32520269341761715,0.47752930480675443,0.5128781503383898,0.16645506566023519,0.2754190798052704,0.22093707273275281,0,-0.10693589182238629,0.274,not significant,5.0
06075020900,3871.2547550201416,0.1534904680091005,0.0,94360.0,3644.0,1557.0,225.0,462.0,1557.0,1318.0,3644.0,1212.0,0.8161,0.15221579961464354,0.8464996788696211,0.6673984632272228,24.58102035522461,0.006349626131772544,,,0.8550684806009803,0.2083491488237899,0.8245792705056785,,,,1,,,not ranked (missing SVI or zero feasible capacity),
06075026100,6249.213490217924,0.15663441561754216,1.850458753108978,123070.0,6601.0,2007.0,176.0,843.0,2007.0,663.0,6601.0,493.0,0.7552,0.3323368211260588,0.3303437967115097,0.9253143463111649,30.681425094604492,0.004909645852655062,16.58044257568901,0.12181452150965835,0.7853282030140625,0.21941705776288878,0.16241741322082434,0.12181452150965835,0.45285957314531766,0.287337047327488,0,0.3197990229606395,0.18,not significant,8.0
06075026202,3234.7654314041138,0.192606510959132,1.5036444902420043,144127.0,3664.0,1043.0,86.0,487.0,1043.0,363.0,3664.0,343.0,0.6956,0.3844678811121764,0.3480345158197507,0.9063864628820961,14.687407493591309,0.0045404861048041895,9.767872385331883,0.07024139340960343,0.7170766341441069,0.34605271623260486,0.18511233897162532,0.07024139340960343,0.3841896112203484,0.22721550231497592,0,0.028546237302473073,0.826,not significant,7.0
06075012504,1456.8680419921875,0.138823111925055,0.0,22639.0,651.0,333.0,175.0,28.0,333.0,278.0,651.0,49.0,0.9962,-0.44144144144144143,0.8348348348348348,0.9247311827956989,6.731863498687744,0.004620777795003512,,,1.0,0.1567143947713782,0.8096147703265519,,,,1,,,not ranked (missing SVI or zero feasible capacity),
06075010402,2180.683235168457,0.33633226719400694,2.232602167129516,158500.0,2012.0,1202.0,125.0,648.0,1202.0,836.0,2012.0,1130.0,0.2776,0.435108153078203,0.6955074875207987,0.4383697813121272,13.543961524963379,0.006210879831851008,6.066446465192237,0.04222052789214759,0.2383995236132106,0.8520228468860191,0.6308756369424761,0.04222052789214759,0.12674667017779462,0.0844835990349711,0,-0.5942314861218387,0.114,not significant,2.0
06075010401,2056.546859741211,0.15345063901070174,0.0,207500.0,2393.0,944.0,157.0,530.0,944.0,628.0,2393.0,1290.0,0.4211,0.3951271186440678,0.6652542372881356,0.4609277058086084,13.00521469116211,0.00632381150449382,,,0.4027300627547982,0.20820893537804763,0.5920645935049682,,,,0,,,not ranked (missing SVI or zero feasible capacity),
06075013401,1571.7653045654297,0.37836662248159064,1.1104067564010622,208608.0,1456.0,797.0,65.0,552.0,797.0,594.0,1456.0,884.0,0.273,0.6110414052697616,0.7452948557089084,0.3928571428571429,10.593944549560547,0.006740156764364779,9.540598063268783,0.06852086101168345,0.23313178507626772,1.0,0.6947464506410883,0.06852086101168345,0.11585655528253543,0.09218870814710944,0,-0.2859749043798144,0.526,not significant,2.0
06075040100,4066.463050842285,0.27462716866084325,5.788792693614963,143674.0,4277.0,1677.0,130.0,809.0,1677.0,955.0,4277.0,1727.0,0.5065,0.4048896839594514,0.569469290399523,0.5962122983399579,24.86191177368164,0.0061138909816313225,4.2948353982522685,0.028808919358837153,0.5005267738536943,0.6347970859320413,0.4691847804017899,0.028808919358837153,0.24436926763840539,0.13658909349862128,0,0.010610645238795277,0.948,not significant,4.0
06075017000,4071.958486557007,0.35401989228841735,8.432371246814737,240556.0,4016.0,2146.0,159.0,1422.0,2146.0,1041.0,4016.0,2808.0,0.0339,0.5885368126747437,0.4850885368126747,0.30079681274900394,24.465885162353516,0.006008382758106244,2.901424100794342,0.01826039254269081,0.0,0.9142901134804798,0.36093508598670704,0.01826039254269081,0.02198667924927343,0.02012353589598212,0,1.4015215033567043,0.018,low-low priority,1.0
06075016802,4106.622940063477,0.18828304711024504,0.0,109107.0,3754.0,1924.0,318.0,883.0,1924.0,1610.0,3754.0,1881.0,0.3402,0.29365904365904366,0.8367983367983368,0.49893446989877466,25.175031661987305,0.006130348958114516,,,0.31008657413769414,0.3308324549113022,0.8121336917452111,,,,0,,,not ranked (missing SVI or zero feasible capacity),
06075015702,3288.560393333435,0.208471355146898,0.15000000000000002,211641.0,3109.0,1397.0,53.0,963.0,1397.0,742.0,3109.0,1683.0,0.1218,0.651395848246242,0.5311381531853973,0.4586683821164361,21.36443328857422,0.006496591436144572,142.42955525716144,1.0,0.059983509688058274,0.40190309056190854,0.4200108430566932,1.0,0.6107087648065341,0.8053543824032671,0,-0.36387736112921304,0.522,not significant,10.0
06075020801,3726.349380493164,0.1438854451400119,0.0,103997.0,3732.0,1519.0,239.0,562.0,1519.0,1261.0,3732.0,1031.0,0.6393,0.21263989466754443,0.8301514154048716,0.7237406216505895,22.311580657958984,0.005987517105818498,,,0.6526040950941321,0.17453576141631735,0.8036065433250075,,,,0,,,not ranked (missing SVI or zero feasible capacity),
06075035101,3585.9873542785645,0.2246096345109438,1.5551514267921447,104648.0,3848.0,1460.0,104.0,599.0,1460.0,803.0,3848.0,1675.0,0.5445,0.339041095890411,0.55,0.5647089397089398,20.14877700805664,0.0056187529451314,12.956151189481336,0.09437758673908016,0.5440428748110485,0.4587160622397448,0.4442081755880193,0.09437758673908016,0.3187963902174453,0.20658698847826273,0,-0.011673302884322891,0.264,not significant,6.0
06075015202,2364.8562545776367,0.1971594942912746,0.15000000000000002,177533.0,2334.0,1065.0,120.0,579.0,1065.0,521.0,2334.0,1161.0,0.5045,0.4309859154929577,0.4892018779342723,0.5025706940874036,13.99040412902832,0.005915963856977432,93.26936086018878,0.7023718289616082,0.4982364527506756,0.3620809747144206,0.36621197556769003,0.7023718289616082,0.6212565267363774,0.6618141778489928,0,0.14194351295541366,0.824,not significant,10.0
06075012202,1973.1630897521973,0.0737975180023708,0.0,54650.0,3017.0,1488.0,531.0,246.0,1488.0,1310.0,3017.0,1104.0,0.939,-0.19153225806451613,0.8803763440860215,0.6340735830294995,14.838741302490234,0.007520281207142275,,,0.9958087123814757,0.0,0.8680386910677742,,,,1,,,not ranked (missing SVI or zero feasible capacity),
06075023003,3786.1847953796387,0.2394197410374946,3.2954938769340503,118889.0,4025.0,1206.0,141.0,536.0,1206.0,210.0,4025.0,418.0,0.4923,0.3275290215588723,0.17412935323383086,0.8961490683229814,19.073644638061523,0.00503769511232983,5.78779550208317,0.04011105945159208,0.48426549402226193,0.5108533529420749,0.0,0.04011105945159208,0.26292044969227646,0.15151575457193428,0,-0.25508375300153524,0.05,not significant,5.0
06075021100,3776.11997795105,0.2978833179119267,3.5435279250144944,244813.0,4054.0,2021.0,74.0,1310.0,2021.0,1110.0,4054.0,2708.0,0.0517,0.6115784265215239,0.5492330529440871,0.3320177602368032,24.634319305419922,0.006523712024316209,6.951919055447872,0.04892381168230659,0.0,0.7166677066427554,0.44322428079085235,0.04892381168230659,0.06696174984473999,0.057942780763523286,0,0.5893596177335102,0.262,not significant,1.0
06075015201,1325.8438568115234,0.1747532022472854,0.0,113450.0,1532.0,973.0,195.0,297.0,973.0,866.0,1532.0,840.0,0.6002,0.10483042137718397,0.8900308324768756,0.45169712793733685,9.724020004272461,0.007334212059976221,,,0.6078283175301176,0.2832021793617691,0.8804241625600177,,,,0,,,not ranked (missing SVI or zero feasible capacity),
06075020701,2669.260383605957,0.24994007441825394,0.2739540219306946,217386.0,3032.0,1397.0,70.0,1024.0,1397.0,896.0,3032.0,1854.0,0.3638,0.6828919112383679,0.6413743736578382,0.38852242744063326,16.546920776367188,0.006199065807890058,60.40035718312344,0.45354395786563284,0.3371123631533141,0.547888986600398,0.5614297884010654,0.45354395786563284,0.41257795804641667,0.43306095795602473,0,0.027649653340660392,0.862,not significant,8.0
06075020201,2375.2484970092773,0.2046201947815479,0.15000000000000002,-666666666.0,1847.0,1005.0,237.0,445.0,1005.0,765.0,1847.0,852.0,0.6253,0.20696517412935322,0.7611940298507462,0.5387114239306985,12.951543807983398,0.005452711084457456,86.34362538655597,0.6499420069137806,0.6365718473730017,0.3883455197807946,0.7151430537661685,0.6499420069137806,0.6395193220703216,0.6447306644920511,0,0.8090301254337227,0.214,not significant,10.0
06075020702,2340.050064086914,0.20145840067174528,0.15000000000000002,148898.0,2046.0,1104.0,163.0,526.0,1104.0,888.0,2046.0,1162.0,0.3507,0.328804347826087,0.8043478260869565,0.4320625610948191,15.500226020812988,0.006623886496574237,103.33484013875324,0.7785704203473713,0.322110759928542,0.3772147842693273,0.7705038446675264,0.7785704203473713,0.5954417585082762,0.6870060894278238,0,0.06158504110447565,0.916,not significant,9.0
06075010701,3090.7660522460938,0.07553791356357661,0.0,27531.0,3280.0,1834.0,898.0,92.0,1834.0,1737.0,3280.0,160.0,0.9873,-0.4394765539803708,0.9471101417666303,0.9512195121951219,16.514434814453125,0.005343152647367763,,,1.0,0.0,0.953649602312466,,,,1,,,not ranked (missing SVI or zero feasible capacity),
06075020202,3802.474075317383,0.16925054215467894,0.0,166932.0,3929.0,2173.0,234.0,1181.0,2173.0,1691.0,3929.0,1798.0,0.457,0.4358030372756558,0.7781868384721583,0.5423771952150674,23.99144744873047,0.006309430905647388,,,0.4438413265539829,0.2638306921702351,0.7369426497916838,,,,0,,,not ranked (missing SVI or zero feasible capacity),
06075047701,3902.671802520752,0.2106069389556784,0.30000000000000004,116750.0,4742.0,2008.0,238.0,815.0,2008.0,1168.0,4742.0,1549.0,0.5106,0.2873505976095618,0.5816733067729084,0.6733445803458457,23.40226173400879,0.005996471883414119,78.00753911336263,0.5868354211160975,0.5052219321148825,0.4094211697639698,0.4848409696025171,0.5868354211160975,0.5588322113336622,0.5728338162248798,0,0.048635325379394516,0.938,not significant,9.0
06075060502,2704.0489110946655,0.2752776598155668,23.55667375326152,42548.0,3087.0,925.0,310.0,157.0,925.0,666.0,3087.0,158.0,0.9134,-0.1654054054054054,0.72,0.94881762228701,15.373228073120117,0.005685262574224908,0.652606061201303,0.0012361891086023879,0.9664926022628372,0.6370870658435507,0.6622963920155188,0.0012361891086023879,0.39332744546976156,0.19728181728918198,0,0.30213270701279094,0.032,high-high priority,7.0
06075023400,4028.2950201323256,0.1709106767582496,9.062304258346568,80788.0,3811.0,1169.0,304.0,450.0,1169.0,520.0,3811.0,341.0,0.9005,0.12489307100085544,0.4448246364414029,0.910522172658095,23.507553100585938,0.005835608609374826,2.5939929217157984,0.015933049537401708,0.9517200311483669,0.26967500667777694,0.3092816611726764,0.015933049537401708,0.45061728466896267,0.2332751671031822,0,0.11263589560089027,0.672,not significant,8.0
06075010202,2229.421011203405,0.17759407382192358,3.8026724219322188,206484.0,1761.0,1091.0,73.0,791.0,1091.0,753.0,1761.0,1179.0,0.124,0.6581118240146654,0.69019248395967,0.3304940374787053,14.382091522216797,0.006451043320190823,3.782101092712306,0.024927372265445818,0.06250286290137877,0.29320314369442685,0.6240571684309916,0.024927372265445818,0.14035921659404144,0.08264329442974362,0,0.007821992842051075,0.984,not significant,2.0
06075010201,2335.7128295898438,0.24433660204859747,0.3739404797554017,160221.0,2608.0,1375.0,84.0,879.0,1375.0,840.0,2608.0,1762.0,0.0827,0.5781818181818181,0.610909090909091,0.3243865030674846,17.2059326171875,0.007366458923894723,46.01249008516563,0.3446236396603469,0.01520773212404379,0.5281626012867271,0.5223467344149844,0.3446236396603469,0.24841013588057972,0.2965168877704633,0,0.02767913715264817,0.86,not significant,4.0
06075030900,6441.476562976837,0.3375754083202301,45.606849956512185,204375.0,6425.0,2310.0,208.0,1369.0,2310.0,90.0,6425.0,2480.0,0.4462,0.5025974025974026,0.03896103896103896,0.6140077821011674,34.79003143310547,0.00540094046651747,0.7628246955507572,0.002070576071156315,0.4314735925976822,0.8563991834211901,0.0,0.002070576071156315,0.17359116793158838,0.08783087200137235,0,0.056810787257842076,0.836,not significant,3.0
06075023300,4612.755947113037,0.15432779610651237,1.6860235691070558,92574.0,3934.0,1281.0,244.0,341.0,1281.0,609.0,3934.0,296.0,0.9042,0.07572209211553474,0.47540983606557374,0.9247585155058464,22.603248596191406,0.004900161390575626,13.40624710730612,0.0977849431080679,0.9559571251889515,0.21129686688035673,0.34851855314393787,0.0977849431080679,0.5017829353381134,0.29978393922309066,0,0.5380852499927903,0.134,not significant,9.0
06075017801,3463.9471373558044,0.15799204231749592,0.0,31215.0,3335.0,2381.0,1110.0,794.0,2381.0,1767.0,3335.0,533.0,0.8515,-0.13271734565308693,0.74212515749685,0.8401799100449775,15.221278190612793,0.004394200484893057,,,0.8956071641244102,0.22419642770150727,0.6906801339959044,,,,0,,,not ranked (missing SVI or zero feasible capacity),
06075010300,3800.372772216797,0.1956896135702679,0.7500000000000001,158973.0,3791.0,2143.0,260.0,1280.0,2143.0,1644.0,3791.0,2258.0,0.2832,0.4759682687820812,0.7671488567428838,0.40437879187549464,24.042606353759766,0.006326381067017135,32.05680847167968,0.23897509065975867,0.24481242270166279,0.35690642729901284,0.7227823336252319,0.23897509065975867,0.3016359291806094,0.27030550992018404,0,0.001977339819096304,0.976,not significant,6.0
06075061402,2584.8028935194016,0.2507904885986119,6.148289704322819,218125.0,2354.0,1189.0,46.0,750.0,1189.0,689.0,2354.0,1421.0,0.0589,0.592094196804037,0.5794785534062237,0.39634664401019537,15.869770050048828,0.006139644183251805,2.581168229416858,0.015835962904853947,0.0,0.5508827727193041,0.4820253822658199,0.015835962904853947,0.07528556554453136,0.04556076422469266,0,0.48250047413796016,0.324,not significant,1.0
06075012405,5164.349745750427,0.16033446856572175,1.0682533502578737,107311.0,3878.0,2513.0,314.0,1034.0,2513.0,2470.0,3878.0,1337.0,0.625,0.28651014723438123,0.9828889773179467,0.6552346570397112,29.568084716796875,0.005725422593837196,27.67890660924135,0.20583310646698144,0.6362282992075489,0.23244267211801933,0.9995492636726977,0.20583310646698144,0.4407300571384299,0.32328158180270566,0,0.7541322581124802,0.002,high-high priority,8.0
06075010902,1884.4347381591797,0.13747991010231872,0.0,141591.0,2568.0,1452.0,186.0,678.0,1452.0,1310.0,2568.0,1591.0,0.4151,0.33884297520661155,0.9022038567493113,0.38045171339563866,13.44725227355957,0.007135960721407413,,,0.3958590994457423,0.1519858059676209,0.8960405928665126,,,,0,,,not ranked (missing SVI or zero feasible capacity),
06075015801,3918.217089653015,0.26686979705103175,0.9111553311347963,149643.0,3220.0,1416.0,205.0,706.0,1416.0,1093.0,3220.0,1333.0,0.7377,0.3538135593220339,0.7718926553672316,0.5860248447204969,24.93008041381836,0.006362608258652174,27.360955439693523,0.2034261240890439,0.7652878933626495,0.6074881440293164,0.7288680193962628,0.2034261240890439,0.4284406031170518,0.31593336360304786,0,0.2848410074448906,0.176,not significant,8.0
06075031401,2682.269109725952,0.22158698987008796,1.9108732461929319,102644.0,2700.0,658.0,106.0,217.0,658.0,267.0,2700.0,248.0,0.7669,0.16869300911854104,0.40577507598784196,0.9081481481481481,12.902957916259766,0.004810463599447731,6.75238817748198,0.047413305185974704,0.7987265814667216,0.44807518656153034,0.25918607886917683,0.047413305185974704,0.38604967812211033,0.2167314916540425,0,0.04685509457651851,0.716,not significant,7.0
06075047600,4901.460549354553,0.26334986054038595,2.200889098644256,162289.0,5208.0,2220.0,97.0,1269.0,2220.0,1218.0,5208.0,1868.0,0.3096,0.527927927927928,0.5486486486486486,0.641321044546851,26.242647171020508,0.005354046392248584,11.923657210709042,0.08656130848551731,0.27504466126150884,0.5950966090474255,0.44247456496458915,0.08656130848551731,0.2002817943271729,0.1434215514063451,0,-0.23181655348794242,0.374,not significant,3.0
06075016200,3986.565347671509,0.1641397138370476,0.30000000000000004,125913.0,3198.0,1872.0,148.0,848.0,1872.0,1406.0,3198.0,1424.0,0.4209,0.37393162393162394,0.7510683760683761,0.5547217010631644,25.5228271484375,0.006402209652312607,85.07609049479166,0.640346400921085,0.4025010306444964,0.24583860404795577,0.7021531374511127,0.640346400921085,0.5741727705789228,0.6072595857500038,0,1.2403177918503527,0.006,high-high priority,9.0
06075061000,5398.075859889301,0.29134097974718626,60.65667303800539,125327.0,4558.0,1625.0,119.0,714.0,1625.0,454.0,4558.0,527.0,0.7005,0.36615384615384616,0.2793846153846154,0.8843791136463361,26.76154136657715,0.004957607499633389,0.4411969866828879,0.0,0.7226879208465027,0.6936361513898263,0.0970433134197189,0.0,0.298895349587802,0.149447674793901,0,-0.05641874342235096,0.252,not significant,6.0
06075026303,3903.826992034912,0.21406750014035875,2.551954197883605,94167.0,4425.0,1342.0,115.0,480.0,1342.0,259.0,4425.0,577.0,0.4748,0.2719821162444113,0.19299552906110284,0.8696045197740113,17.599700927734375,0.0045083199034290046,6.896558309052026,0.048504714809054716,0.4642251843708488,0.42160368068348436,0.0,0.048504714809054716,0.2734906198318018,0.16099766732042825,0,-0.13738105115753638,0.148,not significant,5.0
06075012100,3301.347297668457,0.09981103485747092,0.15,92059.0,3250.0,2080.0,264.0,700.0,2080.0,1933.0,3250.0,1425.0,0.534,0.20961538461538462,0.9293269230769231,0.5615384615384615,20.505474090576172,0.006211244150246766,136.70316060384116,1.0,0.5320186890202007,0.019376827392783697,0.9308360114514164,1.0,0.8333000170481527,0.9166500085240763,0,2.730091482799659,0.006,high-high priority,10.0
06075013500,2783.559150695801,0.23246977553624687,0.15000000000000002,182241.0,2544.0,1614.0,74.0,911.0,1614.0,1168.0,2544.0,1856.0,0.221,0.5185873605947955,0.7236679058240396,0.2704402515723271,18.23556137084961,0.006551167186905765,121.57040913899738,0.9166189555915536,0.17358343639778295,0.486386792147248,0.667001845187218,0.9166189555915536,0.5961056617129137,0.7563623086522336,0,-0.2939185900427455,0.598,not significant,9.0
06075015600,3209.615135192871,0.25590077349234647,1.3921662330627442,89792.0,2927.0,1376.0,256.0,482.0,1376.0,985.0,2927.0,1115.0,0.5282,0.16424418604651161,0.715843023255814,0.6190638879398702,21.41588020324707,0.006672413763390406,15.38313435180256,0.11275055171847033,0.5253767578214465,0.5688729477797406,0.6569635235221651,0.11275055171847033,0.30492619892978035,0.20883837532412533,0,-0.02110915795099521,0.612,not significant,6.0
06075020300,3275.7796516418457,0.20592067740667777,0.30000000000000004,179313.0,3372.0,2189.0,183.0,1297.0,2189.0,1387.0,3372.0,2082.0,0.2189,0.5089081772498858,0.6336226587482869,0.3825622775800712,22.430662155151367,0.006847427037379925,74.76887385050455,0.562317787710867,0.1711785992396134,0.39292372052217156,0.551485331466486,0.562317787710867,0.4321328455109725,0.49722531661091973,0,0.2196039304020726,0.332,not significant,8.0
06075021300,2433.113842010498,0.33221785863727243,3.9570147633552533,216944.0,2948.0,1212.0,34.0,926.0,1212.0,573.0,2948.0,1976.0,0.0615,0.735973597359736,0.47277227722772275,0.3297150610583447,15.698373794555664,0.006451968470815157,3.967226491023909,0.026328825111423388,0.0,0.8375385408747119,0.34513490312823486,0.026328825111423388,0.03753363142450491,0.03193122826796415,0,1.6857792429997178,0.006,low-low priority,1.0
06075021600,4500.089822769165,0.36494939811026567,10.73746733665468,237909.0,4417.0,2111.0,120.0,1561.0,2111.0,964.0,4417.0,2272.0,0.0916,0.6826148744670772,0.45665561345333966,0.48562372651120667,24.128658294677734,0.005361817040316315,2.2471461414657172,0.013307319023204789,0.025399661032476758,0.9527661920451375,0.32445928867342955,0.013307319023204789,0.022628612066198636,0.017967965544701713,0,1.6342364636609332,0.01,low-low priority,1.0
06075021700,4072.6696926709265,0.46001980787345836,34.80246807336789,139722.0,4459.0,1798.0,83.0,868.0,1798.0,541.0,4459.0,2205.0,0.4138,0.43659621802002224,0.30088987764182423,0.5054945054945055,23.335073471069336,0.005729674938545236,0.6705005352458373,0.0013716554563088905,0.39437039072878016,1.0,0.12463180924019125,0.0013716554563088905,0.1387154644832275,0.07004355996976819,0,1.031757101336731,0.008,low-low priority,2.0
06075026004,3800.0891914367676,0.19596366978861313,0.15000000000000002,133542.0,3924.0,1121.0,75.0,520.0,1121.0,374.0,3924.0,703.0,0.4245,0.39696699375557537,0.33363068688670827,0.8208460754332314,19.01953125,0.005005022327596723,126.79687499999999,0.9561848148529496,0.4066236086299299,0.35787121095529717,0.1666340721378957,0.9561848148529496,0.7167299888036557,0.8364574018283026,0,1.10733361439013,0.152,not significant,10.0
06075026301,4614.88395690918,0.17684848053613678,0.0,102131.0,4955.0,1365.0,221.0,409.0,1365.0,567.0,4955.0,494.0,0.903,0.13772893772893774,0.4153846153846154,0.9003027245206862,21.58277130126953,0.004676774433072549,,,0.9545829325271403,0.2905783675783954,0.27151388656171865,,,,0,,,not ranked (missing SVI or zero feasible capacity),
06075030102,5655.104638082092,0.5353915832583778,27.149309468269234,206515.0,4808.0,2120.0,302.0,1238.0,2120.0,1142.0,4808.0,2337.0,0.2517,0.44150943396226416,0.5386792452830189,0.5139351081530782,35.88630676269531,0.006345825419574557,1.3218128735332089,0.006302278366174288,0.20873986532911915,1.0,0.42968509791249215,0.006302278366174288,0.07621009204827883,0.04125618520722656,0,0.9483123349230012,0.078,not significant,1.0
06075033201,900.1215474536875,0.30262310747468735,26.866857945918937,68250.0,3535.0,595.0,218.0,197.0,595.0,589.0,3535.0,910.0,0.7402,-0.03529411764705882,0.9899159663865547,0.7425742574257426,7.601925849914551,0.008445443697486512,0.28294807919916365,0.0,0.7681507947414227,0.7333535951512883,1.0,0.0,0.30884973888680467,0.15442486944340234,1,0.034195296465596804,0.282,not significant,6.0
06075030500,3098.879541564733,0.466094182046438,34.81007658243158,182375.0,3778.0,1008.0,119.0,593.0,1008.0,293.0,3778.0,1584.0,0.6351,0.47023809523809523,0.2906746031746032,0.5807305452620435,16.733787536621094,0.005399947726968315,0.4807167688067233,0.0,0.647794420777793,1.0,0.11152692107034648,0.0,0.22672804727222753,0.11336402363611377,0,0.6461487584556067,0.002,low-low priority,4.0
06075017101,3632.1787452697754,0.34699519723653793,2.1144690155982966,200357.0,4125.0,1776.0,44.0,1027.0,1776.0,1177.0,4125.0,2782.0,0.1719,0.553490990990991,0.6627252252252253,0.32557575757575763,23.450698852539062,0.0064563724687501005,11.090585238915692,0.08025471254340467,0.11735605331867528,0.8895604758267287,0.5888201950924755,0.08025471254340467,0.09776790355922939,0.08901130805131703,0,0.9697361417753111,0.032,low-low priority,2.0
06075020401,2992.9130516052246,0.3111773372153054,2.2753481030464164,190966.0,3409.0,1607.0,93.0,997.0,1607.0,860.0,3409.0,2118.0,0.075,0.5625388923459863,0.5351586807716241,0.37870343209152246,19.012310028076172,0.006352443154965385,8.355780815524879,0.059551451525151955,0.006389995877422016,0.7634677852093789,0.42516866476479775,0.059551451525151955,0.06749205653826684,0.0635217540317094,0,1.5755027678941822,0.002,low-low priority,1.0
06075031202,3265.3793437480927,0.2364525005955931,0.9000000000000001,156250.0,2919.0,818.0,73.0,439.0,818.0,256.0,2919.0,233.0,0.5776,0.4474327628361858,0.31295843520782396,0.9201781431997259,14.73597526550293,0.004512791230126595,16.373305850558808,0.12024643654893581,0.581947689066007,0.5004075214265633,0.14011422214855293,0.12024643654893581,0.33874378123358584,0.22949510889126082,0,0.018043836191437523,0.54,not significant,6.0
06075032802,3837.0190840048017,0.20776731493544875,2.9455433130264272,113092.0,4185.0,1528.0,207.0,637.0,1528.0,497.0,4185.0,1194.0,0.4879,0.281413612565445,0.325261780104712,0.7146953405017922,20.178630828857422,0.00525893418486635,6.850563269471903,0.04815651904711006,0.47922678759562093,0.3994245973043042,0.15589783711710997,0.04815651904711006,0.2818939455863767,0.16502523231674338,0,-0.05289528111561994,0.528,not significant,5.0
06075980300,1846.5906751594002,0.620820995363441,98.9027358889594,104333.0,49.0,40.0,0.0,7.0,40.0,40.0,49.0,37.0,0.0144,0.175,1.0,0.24489795918367352,12.737868309020996,0.006898046481211353,0.1287918700582977,0.0,0.0,1.0,1.0,0.0,0.0,0.0,0,-1.2332845650339412,0.062,not significant,1.0
06075017603,5753.050062179565,0.09884615553146235,0.0,132600.0,4527.0,2376.0,550.0,1096.0,2376.0,1949.0,4527.0,1460.0,0.7706,0.2297979797979798,0.8202861952861953,0.6774906118842501,36.00719451904297,0.006258800832579841,,,0.802963675507306,0.015980079785155716,0.7909507300288497,,,,1,,,not ranked (missing SVI or zero feasible capacity),
06075060703,5450.524325847626,0.1609080165043158,0.9940667033195497,191910.0,5936.0,2784.0,352.0,1552.0,2784.0,1567.0,5936.0,2487.0,0.4297,0.43103448275862066,0.5628591954022989,0.5810309973045822,30.698352813720703,0.00563218343382895,30.88158240408592,0.2300782891829346,0.41257844349777845,0.23446178221372263,0.46070487552907846,0.2300782891829346,0.37427233248363134,0.302175310833283,0,0.29202297943522615,0.004,high-high priority,7.0
06075015701,4711.955412864685,0.2783291767579767,9.73076634407045,156581.0,4958.0,1217.0,173.0,651.0,1217.0,830.0,4958.0,2163.0,0.4307,0.39276910435497125,0.6820049301561216,0.563735377168213,32.37919616699219,0.006871711068952348,3.3275073125892916,0.021485965777046253,0.41372360404928776,0.6478295831660486,0.6135535860432264,0.021485965777046253,0.20837180683086653,0.1149288863039564,0,-0.09161222338212444,0.69,not significant,4.0
06075060702,3493.484972141683,0.12539963414412414,0.0,107989.0,2359.0,1349.0,261.0,515.0,1349.0,1036.0,2359.0,406.0,0.643,0.1882876204595997,0.7679762787249814,0.827893175074184,20.737491607666016,0.005936047177255463,,,0.6568411891347167,0.10945857240129733,0.7238438100035177,,,,0,,,not ranked (missing SVI or zero feasible capacity),
06075012801,2624.782558441162,0.2727167344236948,1.2370273590087892,236553.0,2547.0,1210.0,154.0,825.0,1210.0,761.0,2547.0,1817.0,0.2005,0.5545454545454546,0.6289256198347107,0.28661170003926184,17.70367431640625,0.00674481558842738,14.311465455858574,0.10463770800353954,0.1501076450918419,0.6280716201150788,0.5454596324126484,0.10463770800353954,0.16064578676665262,0.13264174738509607,0,0.5874009745538753,0.056,not significant,3.0
06075012403,2201.5653076171875,0.09847578515901285,0.0,46185.0,2696.0,1181.0,378.0,30.0,1181.0,1155.0,2696.0,254.0,0.9441,-0.29466553767993225,0.9779847586790855,0.905786350148368,13.765238761901855,0.006252478050174373,,,1.0,0.01467623313548365,0.9932577795790523,,,,1,,,not ranked (missing SVI or zero feasible capacity),
06075061506,5602.20085144043,0.1793909842851541,0.15000000000000002,250001.0,4918.0,2762.0,20.0,2281.0,2762.0,1708.0,4918.0,1874.0,0.0478,0.8186097031136857,0.6183924692251991,0.6189507930052867,28.727996826171875,0.005127984088393649,191.51997884114581,1.0,0.0,0.2995289620144742,0.5319469498844682,1.0,0.6050706556978289,0.8025353278489145,0,1.448004344053338,0.012,high-high priority,10.0
06075011001,2574.739814758301,0.11804597364881864,0.0,117750.0,2327.0,1405.0,354.0,587.0,1405.0,1093.0,2327.0,1468.0,0.2692,0.16583629893238433,0.7779359430604982,0.36914482165878815,17.795249938964844,0.006911475030200417,,,0.22878017498053227,0.083570849427621,0.7366207831279261,,,,0,,,not ranked (missing SVI or zero feasible capacity),
06075012002,2106.196876525879,0.0943295196560559,0.0,71619.0,2035.0,1359.0,259.0,306.0,1359.0,1183.0,2035.0,529.0,0.8642,0.034584253127299486,0.8704930095658573,0.74004914004914,11.332901000976562,0.005380741528621916,,,0.9101507031285785,7.977837878345819e-05,0.8553596393156627,,,,1,,,not ranked (missing SVI or zero feasible capacity),
06075011002,2455.8159370422363,0.12386407183288638,0.0,155575.0,1755.0,1129.0,198.0,593.0,1129.0,772.0,1755.0,686.0,0.5121,0.34986713906111605,0.6837909654561559,0.6091168091168091,13.87584400177002,0.005650197065860713,,,0.5069396729421465,0.10405280043949426,0.6158448404729973,,,,0,,,not ranked (missing SVI or zero feasible capacity),
06075015402,2644.745611190796,0.2515997281968594,1.1858388543128968,207292.0,2747.0,1331.0,43.0,978.0,1331.0,1006.0,2747.0,1669.0,0.0213,0.7024793388429752,0.7558226897069872,0.3924281033855115,17.563568115234375,0.006640929108991463,14.811091786506795,0.10842002393316527,0.0,0.5537316084184954,0.7082523126380635,0.10842002393316527,0.12115027070380832,0.1147851473184868,0,0.17764137569748897,0.72,not significant,2.0
06075013402,2071.2718658447266,0.28364308281060385,0.4126919627189637,170190.0,2302.0,1205.0,33.0,707.0,1205.0,920.0,2302.0,1549.0,0.0388,0.5593360995850623,0.7634854771784232,0.32710686359687224,13.43802261352539,0.006487812070988066,32.561871389476174,0.2427985631276057,0.0,0.6665365832901873,0.7180826870645839,0.2427985631276057,0.17141879407027477,0.20710867859894022,0,0.6266945961322908,0.048,low-low priority,3.0
06075020601,3017.6353578567505,0.33625426316068746,3.321287190914153,182465.0,3073.0,1399.0,233.0,807.0,1399.0,853.0,3073.0,1859.0,0.3317,0.41029306647605435,0.6097212294496068,0.3950536934591604,18.50206184387207,0.006131311324842442,5.570750368859115,0.03846796497381308,0.30035270944986486,0.8517482425842985,0.520822860373444,0.03846796497381308,0.14659519440671445,0.09253157969026377,0,-0.24483419126378872,0.508,not significant,3.0
06075010101,2208.395805105567,0.17292330885380372,1.1293111801147462,101974.0,2004.0,1212.0,270.0,377.0,1212.0,1099.0,2004.0,770.0,0.8308,0.08828382838283828,0.9067656765676567,0.6157684630738522,12.631551742553711,0.005719786151264623,11.185182582953136,0.08097084181703383,0.8719023407081672,0.2767602483979918,0.9018928231479632,0.08097084181703383,0.45413720289667664,0.2675540223568552,1,-0.09527988359044759,0.692,not significant,9.0
06075031000,4130.776079564821,0.28030830048438576,6.811254572868352,196389.0,4336.0,1540.0,193.0,945.0,1540.0,372.0,4336.0,1607.0,0.5479,0.4883116883116883,0.24155844155844156,0.6293819188191883,22.802509307861328,0.0055201513876936125,3.3477693520209666,0.021639355279976773,0.5479364206861803,0.6547968624948421,0.04851717939603171,0.021639355279976773,0.25437789550592516,0.13800862539295097,0,0.15607258591809747,0.244,not significant,5.0
06075033100,3541.7721338272095,0.22465775677938113,7.426342105865486,161193.0,3866.0,1413.0,137.0,808.0,1413.0,157.0,3866.0,1162.0,0.2829,0.4748761500353857,0.1111111111111111,0.6994309363683393,16.559581756591797,0.004675507381864697,2.229843645839138,0.013176334123458247,0.24446887453620997,0.45888547119668077,0.0,0.013176334123458247,0.1733194524699005,0.09324789329667937,0,0.35052396688641074,0.27,not significant,3.0
06075035300,6990.091056765057,0.24578716504166884,11.726505148410814,163657.0,6922.0,2551.0,344.0,1388.0,2551.0,653.0,6922.0,1956.0,0.4283,0.40925127401019207,0.2559780478243826,0.7174227101993643,33.78631591796875,0.004833458626446665,2.8811922640521335,0.018107231682861102,0.4109752187256654,0.5332691428444276,0.06701568652618395,0.018107231682861102,0.22290457096874927,0.12050590132580519,0,0.1965956025624465,0.34,not significant,4.0
06075042700,4988.509466171265,0.21701771556967642,0.45000000000000007,119276.0,5365.0,2594.0,381.0,1028.0,2594.0,1909.0,5365.0,1856.0,0.7304,0.24942174248265228,0.735929067077872,0.654054054054054,29.086544036865234,0.005830708397791109,64.63676452636717,0.4856147875954135,0.7569282213366314,0.4319895775841637,0.6827313439470901,0.4856147875954135,0.5929338346279032,0.5392743111116584,0,0.12270727761725281,0.854,not significant,9.0
06075047902,3417.889335870743,0.2502368343058632,0.6268583178520204,126058.0,3327.0,1517.0,182.0,705.0,1517.0,727.0,3327.0,1347.0,0.4269,0.34475939353988133,0.4792353328938695,0.5951307484220019,19.34366226196289,0.005659534397135445,30.85810893958539,0.22990058826275156,0.4093719939535523,0.5489336959346176,0.3534261753805971,0.22990058826275156,0.3258904376249264,0.27789551294383896,0,0.0013746916833316072,0.76,not significant,6.0
06075060100,3927.278519278014,0.5601452300153299,204.5714312911108,236190.0,3808.0,1338.0,47.0,904.0,1338.0,1338.0,3808.0,2081.0,0.1447,0.64050822122571,1.0,0.45351890756302526,26.727386474609375,0.006805574482026527,0.13065063047134653,0.0,0.08620768631762173,1.0,1.0,0.0,0.030172690211167603,0.015086345105583801,0,1.0785635096828783,0.078,not significant,1.0
06075022802,1511.1719613075256,0.21406870295467362,1.4688441753387451,137969.0,2236.0,751.0,60.0,359.0,751.0,422.0,2236.0,1005.0,0.7227,0.3981358189081225,0.5619174434087882,0.5505366726296959,10.585151672363281,0.007004597718451969,7.20644970384427,0.050850682359355616,0.7481104850900095,0.4216079150540801,0.45949672839624445,0.050850682359355616,0.3740228237030691,0.21243675303121237,0,-0.055775520221238425,0.58,not significant,7.0
06075023103,4876.135996451427,0.21090155722598974,24.467964792251532,28393.0,4512.0,1518.0,695.0,9.0,1518.0,1473.0,4512.0,0.0,0.9425,-0.4519104084321476,0.9703557312252964,1.0,32.95767593383789,0.00675897390019938,1.3469725093063263,0.006492744090918576,0.9998167743117584,0.4104583397787771,0.9834707149292093,0.006492744090918576,0.4416134920877582,0.2240531180893384,1,0.07378225071050705,0.77,not significant,8.0
06075026001,4653.8662185668945,0.20780980030673715,0.38445193767547614,119088.0,6010.0,1785.0,122.0,803.0,1785.0,841.0,6010.0,805.0,0.7169,0.3815126050420168,0.4711484593837535,0.8660565723793677,24.112293243408203,0.005181131581997497,62.718615463870776,0.47109384402331633,0.7414685538912554,0.3995741622078036,0.3430517529082678,0.47109384402331633,0.585124791542427,0.5281093177828717,0,1.477888957448273,0.008,high-high priority,9.0
06075026404,3022.4957427978516,0.2163210868086989,1.1960180521011354,83500.0,2404.0,694.0,121.0,197.0,694.0,310.0,2404.0,153.0,0.6561,0.10951008645533142,0.44668587896253603,0.9363560732113145,13.785362243652344,0.004560920317754217,11.526048640682768,0.08355129653075319,0.6718427923594887,0.4295371754925531,0.3116693968301643,0.08355129653075319,0.36249004926731465,0.22302067289903393,0,0.03029710106611483,0.694,not significant,7.0
06075010600,3539.4472122192383,0.13676094122302646,0.6000000000000001,86111.0,3293.0,1836.0,483.0,471.0,1836.0,1641.0,3293.0,893.0,0.8493,-0.006535947712418301,0.8937908496732027,0.7288187063467962,20.175777435302734,0.00570026227984129,33.626295725504555,0.2508565634271857,0.8930878109110897,0.1494547580377233,0.8852477828193335,0.2508565634271857,0.5655908018268156,0.4082236826270007,1,0.33003067224377397,0.508,not significant,9.0
06075011300,3369.2484436035156,0.08636028065750029,0.0,35507.0,2518.0,1333.0,497.0,247.0,1333.0,1203.0,2518.0,488.0,0.9356,-0.18754688672168043,0.9024756189047262,0.8061953931691819,15.07590389251709,0.004474559874365615,,,0.9919151665063441,0.0,0.896389228888671,,,,1,,,not ranked (missing SVI or zero feasible capacity),
06075011700,1895.312596321106,0.08970777271088304,1.4919350147247314,51964.0,1947.0,1111.0,285.0,266.0,1111.0,983.0,1947.0,825.0,0.9222,-0.017101710171017102,0.8847884788478848,0.576271186440678,12.537007331848145,0.006614743845518194,8.403185935120154,0.05991032200093011,0.9765700151161193,0.0,0.873698894602201,0.05991032200093011,0.5217546662911068,0.29083249414601847,1,0.8052195379746957,0.06,not significant,9.0
06075013300,4061.6946125030518,0.30567839659437607,4.8230030059814455,177898.0,4160.0,1999.0,381.0,1054.0,1999.0,1181.0,4160.0,2835.0,0.4814,0.3366683341670835,0.5907953976988495,0.3185096153846154,26.609039306640625,0.006551216141344165,5.517110247213267,0.038061893727918315,0.47178324401081034,0.7441093919936204,0.49654344336797573,0.038061893727918315,0.2225386734686997,0.130300283598309,0,0.27502960242438895,0.184,not significant,4.0
06075016000,3297.984832763672,0.16115048736333848,0.15000000000000002,141304.0,2725.0,1724.0,339.0,523.0,1724.0,1290.0,2725.0,934.0,0.7357,0.10672853828306264,0.7482598607888631,0.6572477064220184,17.26742172241211,0.005235749282673995,115.1161448160807,0.8677583066123251,0.7629975722596307,0.23531537321531643,0.698550172226887,0.8677583066123251,0.8156309976147358,0.8416946521135305,0,2.3963713881572537,0.012,high-high priority,10.0
06075016400,3648.6966285705566,0.29612224783247326,1.7586214661598203,183281.0,3481.0,1679.0,176.0,933.0,1679.0,1430.0,3481.0,2209.0,0.2368,0.4508636092912448,0.851697438951757,0.3654122378626832,23.969093322753906,0.006569220673230987,13.629478420443458,0.09947486875825366,0.1916769731116303,0.7104680603056387,0.8312473306570377,0.09947486875825366,0.16025416592235162,0.12986451734030263,0,-0.29963669960894884,0.378,not significant,3.0
06075017700,3039.6544244252145,0.10925716270539153,0.7006489157676699,178125.0,2360.0,1174.0,88.0,649.0,1174.0,887.0,2360.0,1005.0,0.5527,0.4778534923339012,0.7555366269165247,0.5741525423728814,20.002090454101562,0.006580383050577821,28.547950341414804,0.21241201904646154,0.553433191333425,0.05263084300269783,0.7078853307336033,0.21241201904646154,0.4420130000395248,0.3272125095429932,0,0.5346658482350816,0.018,high-high priority,8.0
06075018000,5570.13388941437,0.09383325348826685,0.0,209083.0,3636.0,1525.0,155.0,969.0,1525.0,1131.0,3636.0,1122.0,0.6099,0.5337704918032787,0.741639344262295,0.6914191419141914,32.336788177490234,0.005805387952871999,,,0.6189363748797581,0.0,0.6900568978674282,,,,0,,,not ranked (missing SVI or zero feasible capacity),
06075021400,3260.9935913085938,0.272163327289175,0.7002881169319154,228056.0,3522.0,1716.0,137.0,1117.0,1716.0,1039.0,3522.0,2439.0,0.1019,0.5710955710955711,0.6054778554778555,0.307495741056218,21.005386352539062,0.006441406818009071,29.99534883522989,0.22336924456452095,0.03719481471302277,0.626123413422745,0.5153791553079492,0.22336924456452095,0.18078429541840668,0.20207676999146382,0,0.6468785092756679,0.022,low-low priority,3.0
06075022600,6669.8158918702975,0.13021280824574233,1.65,243007.0,4210.0,2185.0,31.0,1707.0,2185.0,1761.0,4210.0,1809.0,0.1442,0.7670480549199085,0.8059496567505721,0.5703087885985748,39.78778076171875,0.005965349180059867,24.11380652225379,0.17884426696320999,0.08563510604186707,0.12640280280822322,0.7725587881525076,0.17884426696320999,0.25043400017502493,0.21463913356911746,0,0.1575146457401125,0.264,not significant,4.0
06075022801,4975.893222808838,0.1684578432009735,0.0,143531.0,4755.0,1895.0,293.0,913.0,1895.0,1016.0,4755.0,1767.0,0.6369,0.32717678100263853,0.5361477572559367,0.628391167192429,32.13979721069336,0.006459101064180552,,,0.6498557097705098,0.26104008592343464,0.42643752315523364,,,,0,,,not ranked (missing SVI or zero feasible capacity),
06075025200,4966.691200137138,0.3197406518594599,10.358901309967054,163321.0,5610.0,2463.0,394.0,1313.0,2463.0,773.0,5610.0,2916.0,0.2146,0.37312220868859114,0.31384490458790093,0.4802139037433155,31.599868774414062,0.0063623582584601875,3.0505038931116686,0.019388969718628572,0.16625440886812334,0.7936139576340943,0.14125144877219165,0.019388969718628572,0.09884143431804332,0.05911520201833595,0,0.25126400628890216,0.568,not significant,2.0
06075025100,3046.233087360859,0.28948303700973815,7.596795928478248,139600.0,3342.0,1306.0,62.0,615.0,1306.0,522.0,3342.0,1793.0,0.2763,0.4234303215926493,0.3996937212863706,0.4634949132256134,21.136993408203125,0.00693873147655796,2.782356352230878,0.01735901522434177,0.23691081489624846,0.6870954759100818,0.25138448004384223,0.01735901522434177,0.13853397143934557,0.07794649333184367,0,0.046532963904138754,0.902,not significant,2.0
06075025800,1975.366400718689,0.21869765120230134,0.5107450246810914,82546.0,1776.0,621.0,123.0,197.0,621.0,321.0,1776.0,192.0,0.7491,0.11916264090177134,0.5169082125603864,0.8918918918918919,10.152654647827148,0.005139631130778245,19.878127357513574,0.14677894975545738,0.7783427236498557,0.4379035993558738,0.401755652640353,0.14677894975545738,0.43012388825179704,0.2884514190036272,0,0.38748716654619064,0.07,not significant,8.0
06075025900,4092.594315128401,0.23799386716118753,10.136514055728925,151418.0,4134.0,1444.0,168.0,760.0,1444.0,163.0,4134.0,619.0,0.6118,0.4099722991689751,0.1128808864265928,0.8502660861151428,19.75397300720215,0.004826760603703372,1.9487935298661827,0.011048703401337396,0.6211121799276258,0.5058337266037629,0.0,0.011048703401337396,0.2970385556847733,0.15404362954305534,0,-0.09758444697336172,0.072,not significant,6.0
06075030201,3633.8605518341064,0.21747779632521388,1.1512250423431398,115292.0,4120.0,1971.0,236.0,820.0,1971.0,1442.0,4120.0,1806.0,0.707,0.2962962962962963,0.7316083206494165,0.5616504854368932,23.388286590576172,0.006436209165696102,20.31599881025255,0.15009376338562427,0.7301314644313132,0.433609239404624,0.6771883799340469,0.15009376338562427,0.41555150833307813,0.2828226358593512,0,-0.06254421937832783,0.744,not significant,8.0
06075026401,3543.585334777832,0.19803163794994028,1.4295828580856322,80563.0,3470.0,1035.0,151.0,299.0,1035.0,296.0,3470.0,157.0,0.7008,0.14299516908212562,0.28599033816425123,0.9547550432276657,16.93583869934082,0.004779294725352685,11.846699618390613,0.08597871723786632,0.7230314690119554,0.36515125698312184,0.10551760929751469,0.08597871723786632,0.39127768422564924,0.23862820073175778,0,0.081889927424346,0.52,not significant,7.0
06075042602,3369.3957147598267,0.2847366091116334,2.4175335645675653,168667.0,3060.0,1346.0,101.0,749.0,1346.0,745.0,3060.0,1353.0,0.2494,0.4814264487369985,0.5534918276374443,0.557843137254902,20.088882446289062,0.005962161807913683,8.309660201091127,0.05920230512522027,0.20610599606064772,0.6703862178991761,0.4486877430087397,0.05920230512522027,0.1511803184989604,0.10519131181209034,0,0.2325676135185145,0.518,not significant,3.0
06075047801,4275.810314178467,0.2447922721043872,2.038012599945068,171120.0,4227.0,1703.0,63.0,967.0,1703.0,783.0,4227.0,1824.0,0.3669,0.5308279506752789,0.45977686435701703,0.5684882895670689,20.4516544342041,0.004783106108890516,10.035097150407877,0.07226436222396936,0.340662360862993,0.5297667357418349,0.3284634536299338,0.07226436222396936,0.225898997052757,0.1490816796383632,0,-0.3786612131808944,0.056,not significant,4.0
06075980900,1982.4213656695538,0.08149287344017009,8.208545744419107,53800.0,322.0,180.0,65.0,52.0,180.0,156.0,322.0,32.0,0.5685,-0.07222222222222222,0.8666666666666667,0.9006211180124224,12.941415786743164,0.00652808530560417,1.5765783842456966,0.008230927018932209,0.5715267280472722,0.0,0.8504509316784598,0.008230927018932209,0.35414981832601133,0.18119037267247176,0,-0.04140818882286335,0.54,not significant,7.0
06075012301,3044.0223541259766,0.06771395229512737,0.0,24284.0,1766.0,1311.0,689.0,79.0,1311.0,1283.0,1766.0,657.0,0.9518,-0.4652936689549962,0.9786422578184591,0.6279728199320498,20.449604034423828,0.0067179546190604365,,,1.0,0.0,0.9941012667238088,,,,1,,,not ranked (missing SVI or zero feasible capacity),
06075980501,435.47259648814975,0.5348444752283618,69.54238263368578,13569.0,155.0,123.0,115.0,0.0,123.0,123.0,155.0,0.0,,-0.9349593495934959,1.0,1.0,1.8743503093719482,0.0043041751065108725,0.02695263288928539,0.0,,1.0,1.0,0.0,,,0,,,not ranked (missing SVI or zero feasible capacity),
06075013102,2981.701198577881,0.3338841697975491,2.1297890782356252,250001.0,2725.0,1565.0,56.0,971.0,1565.0,1084.0,2725.0,1778.0,0.2894,0.5846645367412141,0.6926517571884984,0.3475229357798165,20.881980895996094,0.007003378107087233,9.804717804870748,0.07052032389966545,0.25191241812102055,0.8434045992456042,0.6272121008555979,0.07052032389966545,0.1469188184053493,0.10871957115250737,0,-0.025287044697869597,0.938,not significant,3.0
06075017102,3771.065357208252,0.3510653966436019,1.6398630738258357,176304.0,3550.0,1538.0,125.0,922.0,1538.0,1034.0,3550.0,2544.0,0.1744,0.5182054616384916,0.6723016905071522,0.28338028169014085,26.065092086791992,0.006911864318917075,15.894675904849526,0.11662306933027188,0.12021895469744859,0.9038891485693662,0.601105572933742,0.11662306933027188,0.11480479652383802,0.11571393292705495,0,1.1221236841071636,0.008,low-low priority,2.0
06075025702,4298.48571062088,0.16285942880090903,0.15000000000000002,104250.0,4601.0,1135.0,139.0,389.0,1135.0,440.0,4601.0,374.0,0.6767,0.22026431718061673,0.3876651982378855,0.9187133231906107,19.933391571044922,0.0046373055333864795,132.88927714029947,1.0,0.6954330997205808,0.24133150661477176,0.23595342629148228,1.0,0.8572018589099876,0.9286009294549937,0,0.585654373435043,0.548,not significant,10.0
06075031201,5258.175127029419,0.20677534603809153,0.7488047480583192,107648.0,5906.0,1789.0,171.0,673.0,1789.0,862.0,5906.0,967.0,0.7532,0.2806036892118502,0.48183342649524874,0.8362682018286488,27.31540298461914,0.005194844660879686,36.478672251276556,0.2724498792893035,0.7830378819110438,0.39593248395073277,0.3567591965549295,0.2724498792893035,0.5008983257209071,0.38667410250510525,0,-0.10497689987882568,0.782,not significant,9.0
06075032801,3793.1013107299805,0.22906878416966878,4.686980283260346,148231.0,3946.0,1313.0,105.0,602.0,1313.0,464.0,3946.0,766.0,0.7284,0.37852246763137853,0.3533891850723534,0.8058793715154586,18.436508178710938,0.004860536713469127,3.9335578697775486,0.026073943903894906,0.7546379002336128,0.47441398997749257,0.19198169348256233,0.026073943903894906,0.355998138537088,0.19103604122049145,0,-0.11931166812084473,0.06,not significant,7.0
06075033204,3828.139438122511,0.35390239654351835,23.12014263868327,71750.0,3327.0,1634.0,498.0,453.0,1634.0,1634.0,3327.0,822.0,0.7877,-0.027539779681762546,1.0,0.7529305680793508,22.750349044799805,0.005942925907619912,0.9840055660701355,0.003744979277265459,0.8225459209381154,0.9138764831127913,1.0,0.003744979277265459,0.30268208950005443,0.15321353438865995,1,0.027562949795550597,0.536,not significant,6.0
06075026201,3479.4073753356934,0.20836213604400033,2.009587144851684,149067.0,3928.0,999.0,59.0,476.0,999.0,372.0,3928.0,164.0,0.6629,0.4174174174174174,0.37237237237237236,0.9582484725050917,14.000101089477539,0.0040237027686724405,6.966655377620264,0.049035369906278534,0.6796298841097522,0.40151859716830507,0.21633469030827,0.049035369906278534,0.35216035481630675,0.20059786236129265,0,-0.001749025404059948,0.978,not significant,6.0
06075020101,3899.0506052970886,0.10850684387420399,0.0,140132.0,4221.0,1917.0,332.0,852.0,1917.0,1432.0,4221.0,1397.0,0.693,0.2712571726656234,0.747000521648409,0.6690357735133854,23.11153793334961,0.005927478320479153,,,0.7140992167101826,0.04998943114310551,0.6969346014797166,,,,0,,,not ranked (missing SVI or zero feasible capacity),
06075017602,3730.994321346283,0.08984627885988257,0.0,83468.0,3251.0,1534.0,471.0,547.0,1534.0,1398.0,3251.0,760.0,0.7651,0.04954367666232073,0.9113428943937418,0.7662257766840972,23.62880516052246,0.006333112067561738,,,0.7966652924740047,0.0,0.9077648071002634,,,,1,,,not ranked (missing SVI or zero feasible capacity),
06075061502,2621.531080722809,0.15798927623368167,0.1677380681037903,119524.0,2195.0,1409.0,169.0,619.0,1409.0,1150.0,2195.0,1558.0,0.7765,0.319375443577005,0.8161816891412349,0.2902050113895216,15.927797317504883,0.006075761387926505,94.95636558571387,0.7151429430028335,0.8097201227612111,0.22418669001895433,0.7856851745907902,0.7151429430028335,0.7573455109649974,0.7362442269839155,1,0.9511623141576063,0.312,not significant,10.0
06075045201,3129.168188095093,0.2760531420011054,2.7594268083572375,178750.0,3113.0,1324.0,105.0,728.0,1324.0,646.0,3113.0,1261.0,0.364,0.4705438066465257,0.4879154078549849,0.5949245101188564,18.754383087158203,0.005993408458678947,6.796477815740002,0.04774707650843162,0.33734139526361595,0.6398170624218618,0.36456159930251864,0.04774707650843162,0.19597046723320213,0.12185877187081688,0,0.045491252159902684,0.856,not significant,3.0
06075061401,2873.0122351646423,0.2687874975088535,5.218496620655062,143665.0,2900.0,1459.0,184.0,698.0,1459.0,601.0,2900.0,1479.0,0.5244,0.3522960932145305,0.4119259766963674,0.49,18.00678253173828,0.006267562076952441,3.4505689743031676,0.02241757817390035,0.5210251477257112,0.6142391897473332,0.26707689631002945,0.02241757817390035,0.2514317123288491,0.1369246452513747,0,0.10149051720525194,0.48,not significant,5.0
06075060701,10837.230393419974,0.19802080609671696,4.315338730812072,248177.0,8415.0,3343.0,149.0,2166.0,3343.0,2200.0,8415.0,1611.0,0.468,0.6033502841758899,0.6580915345498055,0.8085561497326204,64.50809478759766,0.005952452097610193,14.948558806520005,0.10946068906168153,0.45643809262058543,0.3651131246793915,0.5828757637108342,0.10946068906168153,0.30971670824613695,0.20958869865390925,0,-0.039478892744047776,0.184,not significant,6.0
06075061504,2225.2768936157227,0.19996262695295391,0.15,249539.0,2133.0,1179.0,104.0,882.0,1179.0,807.0,2133.0,390.0,0.271,0.6598812553011026,0.6844783715012722,0.8171589310829817,14.986952781677246,0.006734870983774887,99.91301854451498,0.7526662405027402,0.2308414639732491,0.3719490835087202,0.6167266943455908,0.7526662405027402,0.5513352701156993,0.6520007553092197,0,0.8996212194780006,0.054,not significant,9.0
06075025502,4360.501974582672,0.21363771776399337,1.3983091950416564,168483.0,3451.0,1220.0,69.0,661.0,1220.0,323.0,3451.0,1139.0,0.5914,0.4852459016393443,0.2647540983606557,0.6699507389162562,21.583171844482422,0.004949698904000168,15.435192674850034,0.11314464829115617,0.5977509046768357,0.4200906808508951,0.07827423481285105,0.11314464829115617,0.3527715386548363,0.23295809347299623,0,0.033252508569345106,0.6,not significant,6.0
06075061102,1316.6862487792969,0.062382065481981455,0.0,42558.0,2017.0,917.0,362.0,81.0,917.0,801.0,2017.0,82.0,0.9635,-0.3064340239912759,0.8735005452562704,0.9593455627169063,8.221678733825684,0.006244220095294549,,,1.0,0.0,0.8592179222248643,,,,1,,,not ranked (missing SVI or zero feasible capacity),
06075045202,3435.8090591430664,0.20810425651242148,0.0021037697792053445,151480.0,3304.0,1465.0,94.0,755.0,1465.0,1071.0,3304.0,1532.0,0.2462,0.45119453924914676,0.7310580204778157,0.536319612590799,18.196189880371094,0.005296042232599925,8649.325634501854,1.0,0.20244148229581785,0.4006107616925775,0.6764824153286105,1.0,0.6607629045496496,0.8303814522748247,0,-0.5611541817325348,0.404,not significant,10.0
06075012404,2904.5975036621094,0.08455608346882988,0.0,35074.0,2587.0,1499.0,545.0,45.0,1499.0,1499.0,2587.0,783.0,0.8771,-0.333555703802535,1.0,0.697332817935833,20.244455337524414,0.006969797127485049,,,0.9249232742430488,0.0,1.0,,,,1,,,not ranked (missing SVI or zero feasible capacity),
06075012204,1904.3741912841797,0.18848346447888412,0.0,65217.0,2389.0,1566.0,401.0,280.0,1566.0,1347.0,2389.0,1003.0,0.7789,-0.0772669220945083,0.8601532567049809,0.5801590623691921,13.020998001098633,0.006837415703642866,,,0.8124685080848335,0.33153800139685907,0.842095061317253,,,,1,,,not ranked (missing SVI or zero feasible capacity),
06075011101,2924.1193237304688,0.10945430996694736,0.0,112418.0,2470.0,1473.0,156.0,529.0,1473.0,1319.0,2470.0,1100.0,0.5375,0.253224711473184,0.8954514596062457,0.5546558704453441,18.043542861938477,0.006170590480185768,,,0.5360267509504832,0.053324877449275054,0.8873781325750932,,,,0,,,not ranked (missing SVI or zero feasible capacity),
06075031301,3666.5736236572266,0.24461607545379116,0.5038997888565064,132222.0,3847.0,1560.0,222.0,668.0,1560.0,411.0,3847.0,668.0,0.5375,0.2858974358974359,0.26346153846153847,0.8263582011957369,18.774593353271484,0.005120473575693471,37.25858547366419,0.2783540481127025,0.5360267509504832,0.5291464555313965,0.07661604608917934,0.2783540481127025,0.3974144185593109,0.3378842333360067,0,-0.05463505994237491,0.724,not significant,7.0
06075032902,3477.7971720695496,0.212232805788517,2.5499999999999994,113265.0,3797.0,1330.0,93.0,502.0,1330.0,260.0,3797.0,777.0,0.4106,0.3075187969924812,0.19548872180451127,0.7953647616539373,16.14616584777832,0.004642641605855969,6.331829744226794,0.04422955612419937,0.39070587696395037,0.41514484849342487,0.0,0.04422955612419937,0.24659010772546858,0.14540983192483398,0,-0.10039489643192764,0.534,not significant,4.0
06075980600,1679.0529623890761,0.18226077294135112,33.01157407760607,142321.0,1290.0,573.0,69.0,268.0,573.0,222.0,1290.0,242.0,0.538,0.3472949389179756,0.387434554973822,0.8124031007751937,9.262247085571289,0.005516351951395449,0.2805757478815432,0.0,0.5365993312262379,0.3096317256343143,0.23565754053800805,0.0,0.2913650070840361,0.14568250354201806,0,-0.03332604593447391,0.612,not significant,5.0
06075012700,3691.631117105484,0.22549288234917406,4.303476309776305,250001.0,3973.0,2074.0,149.0,1514.0,2074.0,1461.0,3973.0,3180.0,0.0315,0.6581485053037609,0.7044358727097396,0.1995972816511452,24.80390167236328,0.006718954544898138,5.763689605079432,0.03992857083431513,0.0,0.4618254355059978,0.6423296110685573,0.03992857083431513,0.1006904700912579,0.07030952046278652,0,0.7732359272074405,0.07,not significant,2.0
06075021000,4082.396354675293,0.22699198432951823,0.39859993457794196,157027.0,3739.0,1758.0,96.0,930.0,1758.0,1037.0,3739.0,2300.0,0.4555,0.47440273037542663,0.5898748577929466,0.3848622626370687,27.118675231933594,0.006642832512055427,68.03482108106273,0.511339059212402,0.4421235857267189,0.46710285303176124,0.49536250862545395,0.511339059212402,0.4903473566557884,0.5008432079340952,0,-0.1164622278250849,0.72,not significant,9.0
06075022803,4125.405326843262,0.24490617698849962,0.0,158545.0,4098.0,1422.0,118.0,812.0,1422.0,815.0,4098.0,1341.0,0.6059,0.4880450070323488,0.5731364275668073,0.6727672035139092,24.676471710205078,0.005981587202993065,,,0.6143557326737208,0.5301677248937182,0.4738892474853665,,,,0,,,not ranked (missing SVI or zero feasible capacity),
06075025300,3838.0010414123535,0.23545789434846007,0.8725703597068788,189688.0,4218.0,1692.0,82.0,1070.0,1692.0,819.0,4218.0,1851.0,0.3564,0.5839243498817966,0.48404255319148937,0.5611664295874822,24.80750274658203,0.0064636519060070575,28.430375236348365,0.21152194147140008,0.3286381750721451,0.4969061235839371,0.3595932230316677,0.21152194147140008,0.29624841347336023,0.25388517747238015,0,0.029339234696539502,0.58,not significant,5.0
06075016900,4091.661018371582,0.2682004072760209,0.6124083995819093,174545.0,2890.0,1620.0,292.0,859.0,1620.0,1102.0,2890.0,1946.0,0.28,0.35,0.6802469135802469,0.32664359861591696,23.81130599975586,0.005819471821551921,38.88141641429448,0.29063934802848523,0.241147908936833,0.6121724055494736,0.6112982760462706,0.29063934802848523,0.2878955813097131,0.28926746466909914,0,-0.006724228805968667,0.934,not significant,5.0
06075023001,5082.121750354767,0.18315515732118015,2.2618840217590326,140179.0,5576.0,1319.0,126.0,611.0,1319.0,522.0,5576.0,446.0,0.7091,0.36770280515542075,0.3957543593631539,0.9200143472022956,22.47186851501465,0.004421749343853472,9.935022440955493,0.07150676770883775,0.7325363015894827,0.31278030382496885,0.24633078348092025,0.07150676770883775,0.3952240438369925,0.23336540577291512,0,0.0700298407085799,0.644,not significant,7.0
06075025403,3677.703953266144,0.28201946967640107,6.634662389755256,128947.0,4686.0,1380.0,268.0,629.0,1380.0,670.0,4686.0,878.0,0.6965,0.26159420289855073,0.4855072463768116,0.8126333760136577,22.828426361083984,0.006207249591368064,3.4407819147412706,0.02234348730035265,0.7181072786404653,0.66082083844971,0.3614722367046114,0.02234348730035265,0.31338616540688263,0.16786482635361763,0,-0.00729502379457364,0.718,not significant,6.0
06075016801,4290.919570922852,0.19277668976089882,0.15000000000000002,148173.0,4013.0,1997.0,225.0,989.0,1997.0,1608.0,4013.0,1735.0,0.2665,0.38257386079118677,0.8052078117175764,0.567655120857214,27.153623580932617,0.006328159531336232,181.0241572062174,1.0,0.22568824149145714,0.3466518112926697,0.7716070960342039,1.0,0.6769931128281095,0.8384965564140547,0,-0.045067951103805785,0.96,not significant,10.0
06075020402,4682.02448451519,0.36408251205448217,20.48163963556288,158451.0,4083.0,2385.0,293.0,1225.0,2385.0,1621.0,4083.0,2525.0,0.1577,0.3907756813417191,0.679664570230608,0.38158216997305905,25.80324935913086,0.005511130803452582,1.2598234232345302,0.005833000285835251,0.10109477348724293,0.9497144185676708,0.6105512041493814,0.005833000285835251,0.04584250807830202,0.025837754182068635,0,1.6219677043063478,0.004,low-low priority,1.0
06075032901,4645.714815378189,0.19801788810204368,3.4542576432228076,167723.0,5071.0,1642.0,110.0,1066.0,1642.0,430.0,5071.0,1039.0,0.482,0.582216808769793,0.2618757612667479,0.7951094458686649,21.575788497924805,0.004644234387032301,6.246143376205918,0.04358088551811532,0.4724703403417159,0.3651028522119872,0.07458169714763062,0.04358088551811532,0.2823896340468601,0.16298525978248773,0,0.0866101415993564,0.28,not significant,5.0
06075042601,3545.00719165802,0.2191501053033072,0.45000000000000007,136458.0,3999.0,1706.0,93.0,801.0,1706.0,1268.0,3999.0,1685.0,0.5197,0.41500586166471276,0.7432590855803048,0.5786446611652913,18.989009857177734,0.0053565504470236254,42.19779968261718,0.3157453292289695,0.5156428931336174,0.4394964124089949,0.6921348184269498,0.3157453292289695,0.42242321534990157,0.3690842722894355,0,-0.010609325462036462,0.966,not significant,8.0
06075010500,2859.71966318693,0.22232888803471498,3.0848190784454332,171667.0,3177.0,1738.0,195.0,916.0,1738.0,1374.0,3177.0,1352.0,0.4234,0.4148446490218642,0.7905638665132336,0.5744412968209003,13.868860244750977,0.0048497272034333724,4.495842346689604,0.03033060013585626,0.4053639320232697,0.45068695442500517,0.7528207907925736,0.03033060013585626,0.23943963311232175,0.134885116624089,0,-0.21549662796757887,0.2,not significant,4.0
06075023102,3253.3930130004883,0.32470032999659104,12.121081626415272,46331.0,3411.0,1128.0,351.0,156.0,1128.0,725.0,3411.0,79.0,0.9472,-0.17287234042553193,0.6427304964539007,0.9768396364702433,21.89126205444336,0.006728748099896431,1.8060485630866552,0.009968082688206405,1.0,0.8110739387869659,0.5631695201766532,0.009968082688206405,0.3833229505260583,0.19664551660713236,0,0.07788388609177636,0.514,not significant,7.0
06075030302,3568.298864364624,0.3046893356902542,5.880820012092595,170000.0,3492.0,1318.0,98.0,741.0,1318.0,436.0,3492.0,1350.0,0.1575,0.48786039453717756,0.330804248861912,0.6134020618556701,18.382144927978516,0.00515151494499373,3.125779209392522,0.01995882564977474,0.10086574137694106,0.7406275158985318,0.16300811432806814,0.01995882564977474,0.08418829492203697,0.05207356028590586,0,-0.11602929099808683,0.786,not significant,2.0
06075033001,3487.540189266205,0.22718558284162566,3.989733135700224,162379.0,3858.0,1373.0,16.0,759.0,1373.0,197.0,3858.0,988.0,0.406,0.5411507647487254,0.1434814275309541,0.7439087610160705,16.91889762878418,0.004851240906371891,4.2406088460888505,0.02839840866419407,0.3854381384270075,0.4677843945106958,0.0,0.02839840866419407,0.2289348936049453,0.12866665113456968,0,0.19187606847849814,0.288,not significant,4.0
06075012406,2287.344192504883,0.09728172780679804,0.0,26132.0,1358.0,947.0,440.0,134.0,947.0,799.0,1358.0,509.0,0.9469,-0.32312565997888065,0.8437170010559663,0.6251840942562592,10.724967002868652,0.004688829533400342,,,1.0,0.01047269042793657,0.8210094514393704,,,,1,,,not ranked (missing SVI or zero feasible capacity),
06075011102,2601.057571411133,0.09962670292173113,0.0,101976.0,2205.0,1312.0,223.0,382.0,1312.0,1218.0,2205.0,715.0,0.7744,0.1211890243902439,0.9283536585365854,0.6757369614512472,15.662885665893555,0.006021737403296338,,,0.8073152856030414,0.018727907838953402,0.9295874377589788,,,,1,,,not ranked (missing SVI or zero feasible capacity),
06075061508,2681.415412902832,0.1999722187433924,0.0,177806.0,2018.0,1117.0,12.0,802.0,1117.0,699.0,2018.0,861.0,0.4731,0.7072515666965085,0.6257833482542524,0.5733399405351833,14.805045127868652,0.0055213545266531786,,,0.46227841143328297,0.37198285031286515,0.5414285006213956,,,,0,,,not ranked (missing SVI or zero feasible capacity),
06075033203,3784.2691043019295,0.3728164366927183,22.274524295329996,74671.0,3339.0,1589.0,360.0,537.0,1589.0,1453.0,3339.0,907.0,0.6652,0.11139081183134046,0.9144115796098174,0.7283617849655586,22.088449478149414,0.00583691298619314,0.9916462944521964,0.0038028218025701562,0.6822637533782235,0.9804612040158113,0.9117015370152715,0.0038028218025701562,0.2436245439812916,0.12371368289193088,0,0.08457846904785105,0.636,not significant,4.0
06075016102,2785.8920872211456,0.29884674216565843,2.8672781944274894,-666666666.0,2798.0,1212.0,582.0,8.0,1212.0,1189.0,2798.0,348.0,0.9734,-0.4735973597359736,0.981023102310231,0.875625446747677,15.599845886230469,0.005599587276831999,5.440646086085587,0.03748303789719485,1.0,0.7200593318344065,0.9971555851285251,0.03748303789719485,0.41073261917343645,0.22410782853531566,1,0.43820806328545386,0.008,high-high priority,8.0
06075017604,3894.0417709350586,0.10759652239205532,0.15000000000000002,106438.0,3720.0,2175.0,375.0,774.0,2175.0,1953.0,3720.0,918.0,0.7082,0.18344827586206897,0.8979310344827586,0.7532258064516129,27.066394805908203,0.00695072020231793,180.442632039388,1.0,0.7315056570931244,0.04678474820161049,0.8905591094122527,1.0,0.899009267752352,0.949504633876176,0,3.811008289989136,0.002,high-high priority,10.0
06075031100,5470.026326358318,0.300747845430548,14.022041463851954,197432.0,6276.0,2387.0,205.0,1503.0,2387.0,859.0,6276.0,2440.0,0.3027,0.543778801843318,0.3598659405111018,0.6112173358827279,30.939802169799805,0.005656243740676481,2.2065119583022845,0.012999706495924692,0.26714305345609457,0.7267519490278752,0.20029054078770206,0.012999706495924692,0.14098712960341414,0.07699341804966942,0,0.2369743498765245,0.516,not significant,2.0
06075042800,2342.470382332802,0.3792350429017808,9.866406953334822,246635.0,2419.0,922.0,39.0,654.0,922.0,229.0,2419.0,1373.0,0.0983,0.6670281995661606,0.24837310195227766,0.4324100868127325,13.186281204223633,0.005629220033549273,1.3364825986390823,0.006413332431077528,0.03307223672758921,1.0,0.05725951545986017,0.006413332431077528,0.014781949070194986,0.010597640750636256,0,-0.5702266478902909,0.396,not significant,1.0
06075015100,3364.0542640686035,0.1163125183874447,0.0,170568.0,2840.0,1713.0,256.0,932.0,1713.0,1098.0,2840.0,1312.0,0.4505,0.39462930531231755,0.6409807355516638,0.5380281690140845,18.405170440673828,0.005471127691743586,,,0.4363977829691723,0.07746841790765106,0.5609248011511038,,,,0,,,not ranked (missing SVI or zero feasible capacity),
06075025402,2590.538794875145,0.22356011702562326,0.0,173352.0,3163.0,1087.0,47.0,692.0,1087.0,348.0,3163.0,1069.0,0.7136,0.593376264949402,0.3201471941122355,0.6620297186215618,15.103373527526855,0.005830205499105365,,,0.7376895240712747,0.45502135564656554,0.14933647866496721,,,,0,,,not ranked (missing SVI or zero feasible capacity),
06075026402,3592.6433420181274,0.20714121846420364,1.58848580121994,117230.0,4654.0,1262.0,98.0,541.0,1262.0,343.0,4654.0,985.0,0.5257,0.3510301109350238,0.27179080824088747,0.788354103996562,16.544601440429688,0.004605133286382929,10.415328501975662,0.07514282360552238,0.5225138564426732,0.39722049609338517,0.08730143191460109,0.07514282360552238,0.310868187143689,0.1930055053746057,0,-0.02258025546954767,0.364,not significant,6.0
06075015401,3339.705183029175,0.23193058891874455,0.7500000000000001,173409.0,3035.0,1632.0,98.0,865.0,1632.0,1074.0,3035.0,1568.0,0.3194,0.4699754901960784,0.6580882352941176,0.48336079077429983,20.165485382080078,0.006038103448337799,26.887313842773434,0.19984052011448966,0.2862672346663003,0.4844886471630018,0.5828715311885488,0.19984052011448966,0.27744049511599966,0.23864050761524466,0,0.05936160681966182,0.566,not significant,5.0
06075017903,2320.8190321988504,0.18019568649327353,69.20090717077235,91750.0,2829.0,617.0,98.0,210.0,617.0,617.0,2829.0,838.0,0.9283,0.18152350081037277,1.0,0.7037822552138565,19.566631317138672,0.008430916433238806,0.2827510811217056,0.0,0.9835554944803261,0.30236182434928016,1.0,0.0,0.4488901494157221,0.22444507470786104,1,0.25073361320312726,0.342,not significant,8.0
06075061507,3044.990676879883,0.1731431787255721,0.30000000000000004,167785.0,1550.0,771.0,39.0,402.0,771.0,564.0,1550.0,401.0,0.3789,0.4708171206225681,0.7315175097276264,0.7412903225806451,15.662468910217285,0.005143683699638181,52.208229700724274,0.39152718178018825,0.35440428748110486,0.2775342752019531,0.6770718811577802,0.39152718178018825,0.4281749502281878,0.409851066004188,0,0.3874016560885064,0.064,not significant,8.0
06075031402,3843.973030090332,0.2596733557114463,10.290336334705366,165130.0,4671.0,1204.0,30.0,662.0,1204.0,151.0,4671.0,569.0,0.5287,0.5249169435215947,0.12541528239202657,0.8781845429244273,19.334049224853516,0.005029704702272371,1.8788549369030016,0.010519248010311377,0.5259493380972011,0.5821538931600476,0.0,0.010519248010311377,0.25201880836516893,0.13126902818774017,0,-0.09461195813626044,0.506,not significant,5.0
06075012302,2472.4008169174194,0.07190489037893713,0.0,55741.0,2586.0,1886.0,472.0,242.0,1886.0,1886.0,2586.0,1064.0,0.8055,-0.12195121951219512,1.0,0.588553750966744,16.033634185791016,0.006485046468226658,,,0.8429297787549814,0.0,1.0,,,,1,,,not ranked (missing SVI or zero feasible capacity),
06075030400,4994.043830394745,0.3464378090902419,28.019640278816112,140524.0,5120.0,2193.0,178.0,1021.0,2193.0,342.0,5120.0,1836.0,0.1648,0.3844049247606019,0.15595075239398085,0.64140625,25.17147445678711,0.005040299066577771,0.8983510925305375,0.0030965501216358893,0.1092254134029591,0.8875982544365334,0.0,0.0030965501216358893,0.05663743158637362,0.029866990854004755,0,1.059843525337168,0.048,low-low priority,1.0
06075012503,5217.625114440918,0.0951630629400033,0.0,47301.0,4497.0,2205.0,780.0,39.0,2205.0,2194.0,4497.0,1031.0,0.9691,-0.3360544217687075,0.9950113378684807,0.7707360462530576,29.650148391723633,0.005682690446590416,,,1.0,0.0030141724312657847,1.0,,,,1,,,not ranked (missing SVI or zero feasible capacity),
06075035102,3833.453149795532,0.21708319184198901,2.6495930671691887,166741.0,3828.0,1271.0,99.0,686.0,1271.0,288.0,3828.0,1025.0,0.3727,0.4618410700236035,0.22659323367427223,0.7322361546499477,18.512374877929688,0.004829164242927319,6.986874742130953,0.049188436347705804,0.34730429206174707,0.43222007933224676,0.029318735302353797,0.049188436347705804,0.23131770849562733,0.14025307242166657,0,-0.0453307352858481,0.794,not significant,4.0
06075061505,866.6100769042969,0.1439098629423163,0.0,250001.0,1162.0,529.0,0.0,515.0,529.0,171.0,1162.0,291.0,0.0293,0.9735349716446124,0.32325141776937616,0.7495697074010327,3.6431047916412354,0.0042038569464310045,,,0.0,0.1746217215040976,0.1533187998460134,,,,0,,,not ranked (missing SVI or zero feasible capacity),
06075047802,3333.0738410949707,0.2261973755097294,0.6665733456611634,133625.0,3897.0,1465.0,138.0,647.0,1465.0,832.0,3897.0,1655.0,0.6814,0.34744027303754266,0.5679180887372014,0.5753143443674622,18.6910343170166,0.005607746845139285,28.04047662373488,0.20857029612574018,0.7008153543126746,0.46430552331926433,0.4671947874379364,0.20857029612574018,0.42992469357441654,0.31924749485007836,0,0.3190610346725815,0.164,not significant,8.0
06075026302,4115.530792710953,0.34990311475797287,13.172686088085198,99091.0,4707.0,1552.0,173.0,473.0,1552.0,463.0,4707.0,562.0,0.7694,0.19329896907216496,0.29832474226804123,0.8806033567027831,18.708057403564453,0.0045457216446292735,1.4202158374126932,0.007047217283466483,0.8015894828454948,0.8997974677674452,0.12134106924864171,0.007047217283466483,0.2991103074725396,0.15307876237800302,0,-0.12039724101859242,0.024,low-high outlier,6.0
06075016700,4786.661987149157,0.4246631507589309,2.2016151547431937,246989.0,5092.0,2315.0,33.0,1535.0,2315.0,1588.0,5092.0,3261.0,0.114,0.6488120950323975,0.6859611231101512,0.3595836606441477,31.520784378051758,0.006585128522272141,14.31711818940876,0.10468050083258251,0.05105125738628557,1.0,0.6186288746619756,0.10468050083258251,0.0702081905014912,0.08744434566703685,0,0.5280387375723898,0.318,not significant,1.0
06075030700,6800.214719698764,0.42645583724615804,36.75551263093927,156827.0,6600.0,2685.0,162.0,1394.0,2685.0,419.0,6600.0,3273.0,0.0727,0.45884543761638735,0.15605214152700186,0.5040909090909091,35.22113800048828,0.00517941557028489,0.9582545713385203,0.0035500367940485915,0.0037561266089505808,1.0,0.0,0.0035500367940485915,0.003089662710156999,0.0033198497521027956,0,1.4950294058350198,0.016,low-low priority,1.0
06075060400,2061.081524199195,0.464539797982676,160.8691024184269,100583.0,1818.0,1026.0,149.0,273.0,1026.0,742.0,1818.0,678.0,0.6088,0.12085769980506822,0.723196881091618,0.6270627062706271,12.735223770141602,0.00617890346433031,0.07916513226397434,0.0,0.6176766982730978,1.0,0.6663975808119998,0.0,0.21618684439558422,0.10809342219779211,0,0.13061771503260872,0.606,not significant,4.0
06075013200,4328.0085525512695,0.3020922757866906,3.3497579455375655,205265.0,3721.0,2209.0,222.0,1353.0,2209.0,1409.0,3721.0,2376.0,0.0633,0.5119963784517881,0.637845178813943,0.36146197258801394,28.712249755859375,0.006634055688021714,8.57144015259636,0.06118405512496563,0.0,0.731484862743356,0.5569022836426522,0.06118405512496563,0.0708692981509794,0.06602667663797251,0,0.2872429680867281,0.516,not significant,1.0
06075020500,2493.4664268493652,0.2772450797566319,1.977260935306549,248571.0,2895.0,1274.0,72.0,810.0,1274.0,723.0,2895.0,2112.0,0.15,0.5792778649921507,0.5675039246467818,0.2704663212435233,15.371405601501465,0.006164673177863517,7.774090575009679,0.05514788804611358,0.09227703724062113,0.6440131433310406,0.46666346798036035,0.05514788804611358,0.11326893555761808,0.08420841180186583,0,1.3052424995214067,0.002,low-low priority,2.0
06075030301,5837.088629722595,0.28240767010538986,5.864219188690189,191338.0,6509.0,2542.0,123.0,1610.0,2542.0,1098.0,6509.0,2577.0,0.2551,0.5849724626278521,0.43194335169158143,0.6040866492548779,32.12043762207031,0.005502818212920783,5.47735966009221,0.0377609702784178,0.21263341120425083,0.6621874537796316,0.29275662342924513,0.0377609702784178,0.14397406099375193,0.09086751563608486,0,0.6285249954972671,0.078,not significant,3.0
06075032601,4354.273809432983,0.18999384962903557,0.45000000000000007,151500.0,4511.0,1782.0,216.0,903.0,1782.0,1015.0,4511.0,1515.0,0.509,0.38552188552188554,0.5695847362514029,0.66415428951452,23.257734298706055,0.005341357782397863,51.68385399712456,0.38755750593412014,0.5033896752324676,0.33685514003490696,0.4693328826366749,0.38755750593412014,0.46943686829318765,0.4284971871136539,0,-0.0009219686810469093,1.0,not significant,9.0
06075021800,3959.776470184326,0.33218538970394934,5.828879177570346,222891.0,3999.0,1777.0,80.0,1224.0,1777.0,676.0,3999.0,2425.0,0.0784,0.6437816544738323,0.3804164321890827,0.39359839959989995,23.52151107788086,0.005940110825696669,4.035340304940982,0.026844466396925417,0.01028354175255371,0.8374242376985378,0.2266541882980493,0.026844466396925417,0.04140783715707584,0.03412615177700063,0,0.5238386261801383,0.392,not significant,1.0
06075012602,3023.812130600214,0.3223329107193693,15.782484912872345,237917.0,2956.0,1425.0,93.0,1022.0,1425.0,975.0,2956.0,2304.0,0.1888,0.6519298245614035,0.6842105263157895,0.2205683355886333,19.797922134399414,0.006547338683527805,1.2544236375763642,0.005792122345545459,0.1367092666391828,0.8027397092627198,0.61638308329394,0.005792122345545459,0.08033334810707875,0.043062735226312106,0,0.14978969430682712,0.772,not significant,2.0
06075020102,2605.3190002441406,0.12008141072527055,0.0,108095.0,3627.0,1396.0,247.0,572.0,1396.0,1150.0,3627.0,999.0,0.9034,0.2328080229226361,0.8237822349570201,0.7245657568238213,15.601560592651367,0.005988349446340109,,,0.9550409967477439,0.09073637348182167,0.7954357009486731,,,,1,,,not ranked (missing SVI or zero feasible capacity),
06075047904,2773.965401241032,0.33092119100069156,21.49492981433866,87494.0,3175.0,1469.0,250.0,494.0,1469.0,838.0,3175.0,1772.0,0.7126,0.16609938733832538,0.5704560925799864,0.4418897637795276,16.489646911621094,0.005944431356008934,0.7671412307018242,0.002103253491582672,0.7365443635197654,0.8329737703653626,0.47045072115181363,0.002103253491582672,0.2838960884229048,0.14299967095724375,0,-0.08995086622740342,0.258,not significant,5.0
06075047903,3419.870674133301,0.22060472168905906,0.30000000000000004,148800.0,3608.0,1378.0,198.0,677.0,1378.0,593.0,3608.0,1590.0,0.6586,0.34760522496371554,0.43033381712626995,0.5593126385809313,18.755956649780273,0.0054844052412986646,62.51985549926757,0.46958917356426505,0.6747056937382621,0.4446172234732743,0.29069179682555574,0.46958917356426505,0.554248996069533,0.5119190848168991,0,0.5226424950995175,0.298,not significant,9.0
06075012203,1896.059211730957,0.10261644780635834,0.0,22982.0,1895.0,1081.0,597.0,116.0,1081.0,1081.0,1895.0,1075.0,0.9674,-0.44495837187789083,1.0,0.43271767810026385,10.390027046203613,0.0054798009376080155,,,1.0,0.029252963678097037,1.0,,,,1,,,not ranked (missing SVI or zero feasible capacity),
06075015500,3881.530445098877,0.1808155166516644,0.6000000000000001,95909.0,3936.0,2250.0,778.0,889.0,2250.0,2080.0,3936.0,1570.0,0.8238,0.04933333333333333,0.9244444444444444,0.6011178861788617,20.553470611572266,0.005295197577935961,34.25578435262044,0.25562197452705626,0.8638862168476019,0.3045438657205668,0.9245724170002243,0.25562197452705626,0.5344895833021037,0.39505577891458,1,0.42720748434251377,0.302,not significant,9.0
06075023200,4871.030469858844,0.16372703899602967,7.050000000000006,111597.0,4214.0,1153.0,149.0,461.0,1153.0,381.0,4214.0,322.0,0.6251,0.27059843885516044,0.3304423243712056,0.9235880398671097,28.287256240844727,0.005807242721202779,4.012376771751022,0.026670625804352584,0.6363428152626998,0.24438582934217515,0.16254381158301168,0.026670625804352584,0.34939742384279493,0.18803402482357376,0,0.04183255628507134,0.436,not significant,6.0
06075016602,1903.0231256484985,0.2213099738092799,0.0,218394.0,1986.0,988.0,35.0,685.0,988.0,790.0,1986.0,1339.0,0.0356,0.6578947368421053,0.7995951417004049,0.32578046324269894,13.227781295776367,0.006950930399896585,,,0.0,0.4470999831174719,0.7644067596021977,,,,0,,,not ranked (missing SVI or zero feasible capacity),
06075013101,4244.074813842773,0.15367857477973892,0.0,206518.0,3935.0,2343.0,116.0,1489.0,2343.0,1683.0,3935.0,2568.0,0.3676,0.5860008536064875,0.7183098591549296,0.3473951715374841,26.046794891357422,0.006137213888502003,,,0.34146397324904953,0.20901135725330192,0.6601281578836796,,,,0,,,not ranked (missing SVI or zero feasible capacity),
06075032602,3855.6367588043213,0.21000248728983703,0.060989224910736106,157550.0,4105.0,1435.0,49.0,769.0,1435.0,747.0,4105.0,1185.0,0.6059,0.5017421602787456,0.5205574912891986,0.7113276492082825,18.720495223999023,0.004855357595927805,306.9475837969471,1.0,0.6143557326737208,0.40729326662154597,0.40643720963572627,1.0,0.8039305164425704,0.9019652582212851,0,-0.4717864950038226,0.624,not significant,10.0
06075013002,2081.4531326293945,0.2225001569376471,0.45000000000000007,238008.0,2785.0,1253.0,20.0,1075.0,1253.0,976.0,2785.0,1896.0,0.075,0.8419792498004789,0.7789305666400639,0.31921005385996404,13.617541313171387,0.006542324254002796,30.261202918158634,0.22538183691831626,0.006389995877422016,0.4512898870618794,0.7378967577307745,0.22538183691831626,0.19723393395697392,0.2113078854376451,0,0.13356004276697642,0.608,not significant,3.0
