GEOID,adult_population,baseline_ndvi,feasible_increment,median_income,acs_population,households,low_income_households,high_income_households,occupied_households,renter_households,race_total,nonhisp_white,svi,ice_income,renter_share,minority_share,cases,rate,health_efficiency,z_health_efficiency,z_svi,z_baseline_ndvi,z_renter_share,health_score,equity_score,balanced_score,safeguard_flag,local_moran_i,lisa_p,priority_cluster,priority_decile
06075032700,5127.755856513977,0.23033945127687555,4.066847932338713,158889.0,6729.0,2414.0,285.0,1253.0,2414.0,842.0,6729.0,2270.0,0.5455,0.4009942004971003,0.3487986743993372,0.662654183385347,26.713146209716797,0.00520951990640937,6.568513663198351,0.054336556232432956,0.5451880353625578,0.4788872285889475,0.18609265651097703,0.054336556232432956,0.29615100620476953,0.17524378121860124,0,-0.047679740342899006,0.364,not significant,5.0
06075035400,5343.773316242645,0.19124567259686062,17.386251294612897,142540.0,7154.0,2444.0,260.0,1085.0,2444.0,499.0,7154.0,2331.0,0.6032,0.33756137479541737,0.2041734860883797,0.6741682974559686,27.31976890563965,0.005112449067141369,1.5713432667400038,0.01018010564868153,0.6112637991846456,0.34126204000313753,0.0005570719861064986,0.01018010564868153,0.3178430765384961,0.16401159109358882,0,0.011077729281696822,0.336,not significant,6.0
06075022903,2323.366522550583,0.255003994380508,0.8043430328369142,201250.0,2675.0,1058.0,77.0,623.0,1058.0,593.0,2675.0,1092.0,0.1961,0.5160680529300568,0.5604914933837429,0.5917757009345794,12.581549644470215,0.005415223780817087,15.642019798561748,0.13451269462697224,0.14506893866520087,0.5657159392082036,0.4576674172334393,0.13451269462697224,0.1831730849650759,0.15884288979602407,0,0.20913067242712718,0.472,not significant,3.0
06075010800,3569.4035720825195,0.18812091149894364,0.9336979269981386,150298.0,4334.0,2382.0,360.0,1196.0,2382.0,1911.0,4334.0,2012.0,0.5305,0.3509655751469353,0.8022670025188917,0.5357637286571297,21.80989646911621,0.0061102355137700294,23.358621496821307,0.20269883088624052,0.528010627089918,0.3302616749858191,0.7678344146636467,0.20269883088624052,0.3866138836767187,0.2946563572814796,0,0.3220788998954089,0.01,high-high priority,7.0
06075022902,1681.794288635254,0.2139428659815695,0.0,199671.0,2019.0,727.0,52.0,438.0,727.0,399.0,2019.0,653.0,0.6217,0.530949105914718,0.5488308115543329,0.6765725606736008,9.88931655883789,0.005880217708946375,,,0.6324492693875681,0.4211649203439429,0.4427082566304711,,,,0,,,not ranked (missing SVI or zero feasible capacity),
06075025600,4088.428153991699,0.2138720495121007,0.15000000000000002,114250.0,5290.0,1656.0,85.0,674.0,1656.0,559.0,5290.0,908.0,0.7352,0.3556763285024155,0.33756038647342995,0.8283553875236295,19.825828552246094,0.0048492544825299985,132.17219034830728,1.0,0.762424991983876,0.4209156190409044,0.1716753731612134,1.0,0.8537114043382209,0.9268557021691104,0,0.5036807927661173,0.652,not significant,10.0
06075030202,3637.3717918395996,0.2294173793796497,1.1060731172561646,149306.0,4017.0,2045.0,155.0,1015.0,2045.0,1573.0,4017.0,1863.0,0.367,0.42053789731051344,0.7691931540342298,0.5362210604929052,20.900936126708984,0.005746164352404114,18.8965230242264,0.16327043139747957,0.34077687691814396,0.47564117965149205,0.7254049050965097,0.16327043139747957,0.27956094567236633,0.22141568853492294,0,0.10303703145696883,0.274,not significant,5.0
06075030600,1904.977819442749,0.3392971360098413,6.779870247840887,238750.0,2356.0,903.0,0.0,701.0,903.0,137.0,2356.0,1173.0,0.1212,0.7763012181616833,0.15171650055370986,0.5021222410865874,9.840728759765625,0.005165797028883134,1.4514626976673333,0.009120806084279834,0.05929641335715268,0.8624603293624824,0.0,0.009120806084279834,0.04594509831277099,0.027532952198525414,0,1.6820697689484145,0.002,low-low priority,1.0
06075011902,2157.3108978271484,0.13340163478054679,0.0,77241.0,2732.0,1678.0,206.0,359.0,1678.0,1592.0,2732.0,1138.0,0.6694,0.09117997616209773,0.9487485101311085,0.5834553440702781,13.407833099365234,0.006215067616294737,,,0.6870734276945627,0.1376287028884385,0.9557514189857618,,,,0,,,not ranked (missing SVI or zero feasible capacity),
06075012601,2146.673324584961,0.17860086346535306,0.0,176750.0,2045.0,1291.0,74.0,742.0,1291.0,1028.0,2045.0,1370.0,0.0701,0.517428350116189,0.796281951975213,0.33007334963325186,14.718231201171875,0.006856297617625405,,,0.0007787091750263387,0.29674743179400764,0.7601563617324741,,,,0,,,not ranked (missing SVI or zero feasible capacity),
06075025701,3881.413323432207,0.2011253953218287,2.5142388105392444,129663.0,5047.0,1559.0,64.0,628.0,1559.0,592.0,5047.0,450.0,0.5519,0.3617703656189865,0.3797305965362412,0.9108381216564295,17.964319229125977,0.004628293287054705,7.145032983272205,0.05943084857144571,0.5525170628922175,0.37604247691941683,0.22577434903751636,0.05943084857144571,0.31669002476008645,0.18806043666576608,0,-0.030502693134625735,0.036,low-high outlier,6.0
06075012502,3888.724868774414,0.1151395311606103,0.0,19128.0,4689.0,2270.0,1435.0,97.0,2270.0,2270.0,4689.0,888.0,0.9892,-0.5894273127753304,1.0,0.8106206014075495,18.993940353393555,0.00488436209666326,,,1.0,0.07333905017312822,1.0,,,,1,,,not ranked (missing SVI or zero feasible capacity),
06075980200,64.79703410321963,0.5985529515791036,13.996573233604474,-666666666.0,179.0,0.0,0.0,0.0,0.0,0.0,179.0,32.0,,,,0.8212290502793296,0.5418394207954407,0.008362102190237712,0.038712291341035855,0.0,,1.0,,0.0,,,0,,,not ranked (missing SVI or zero feasible capacity),
06075017803,2539.9173469543457,0.09805671745632294,0.0,126319.0,2318.0,1174.0,202.0,563.0,1174.0,874.0,2318.0,733.0,0.6185,0.3074957410562181,0.7444633730834753,0.683779119930975,13.06059455871582,0.005142133689656075,,,0.6287847556227383,0.013200953089392701,0.6936797649777285,,,,0,,,not ranked (missing SVI or zero feasible capacity),
06075016601,2666.114097595215,0.2805191463415037,0.6549922823905946,146691.0,3027.0,1511.0,132.0,740.0,1511.0,1200.0,3027.0,2136.0,0.1622,0.40238252812706815,0.7941760423560555,0.29435084241823584,17.297828674316406,0.0064880301596689826,26.409209908829293,0.22965471707368448,0.10624799596903488,0.6555391212845566,0.7574547495395355,0.22965471707368448,0.20368328893332094,0.21666900300350272,0,0.5220120888669326,0.03,low-low priority,4.0
06075025501,2497.6453570434824,0.30298673028291084,5.64646329879761,146477.0,4073.0,1031.0,78.0,511.0,1031.0,198.0,4073.0,572.0,0.5308,0.41998060135790494,0.19204655674102813,0.859562975693592,13.396380424499512,0.0053636039186752684,2.372525900832865,0.017259588352724262,0.5283541752553709,0.734633687770768,0.0,0.017259588352724262,0.23335870235012673,0.1253091453514255,0,-0.2454426188700014,0.188,not significant,4.0
06075010901,2236.292655944824,0.18486393313773358,0.0,190139.0,2069.0,1071.0,78.0,655.0,1071.0,818.0,2069.0,1234.0,0.1063,0.5387488328664799,0.7637721755368814,0.4035766070565491,14.588050842285156,0.006523319210258626,,,0.04223352113966379,0.3187958541745251,0.7184504843213417,,,,0,,,not ranked (missing SVI or zero feasible capacity),
06075010702,1229.832908630371,0.12188947012549953,0.0,80472.0,1380.0,674.0,127.0,232.0,674.0,549.0,1380.0,348.0,0.7656,0.15578635014836795,0.814540059347181,0.7478260869565218,7.544705390930176,0.00613474020575079,,,0.7972378727497594,0.09710144036286138,0.783579173921264,,,,1,,,not ranked (missing SVI or zero feasible capacity),
06075012802,1606.9842681884766,0.19143265605988827,0.15000000000000002,250001.0,2035.0,935.0,9.0,678.0,935.0,702.0,2035.0,1433.0,0.0776,0.7155080213903743,0.7508021390374332,0.29582309582309585,11.271463394165039,0.007014047129951776,75.14308929443358,0.6602814450255807,0.009367413311346258,0.3419202939563366,0.7018115894556699,0.6602814450255807,0.43213127307831106,0.5462063590519459,0,-0.5101235163068424,0.028,high-low outlier,8.0
06075010102,1521.4726943969727,0.18811177738596885,0.0,108417.0,1795.0,907.0,189.0,358.0,907.0,605.0,1795.0,554.0,0.7832,0.18632855567805953,0.6670341786108048,0.6913649025069638,8.351262092590332,0.0054889332706035245,,,0.8173926984563236,0.33022951938297984,0.5943480301426537,,,,0,,,not ranked (missing SVI or zero feasible capacity),
06075030800,4672.893069028854,0.33971498099151,31.059884417056875,190625.0,5769.0,1998.0,115.0,1102.0,1998.0,553.0,5769.0,3272.0,0.2362,0.493993993993994,0.27677677677677676,0.4328306465591957,25.08753204345703,0.005368736599117355,0.8077149195597115,0.0034324635429578273,0.19098987678072463,0.8639313049586886,0.09369779065081124,0.0034324635429578273,0.08897299290092923,0.04620272822194353,0,1.1039408196478193,0.02,low-low priority,2.0
06075035202,3048.9185836315155,0.1940520476953811,0.30000000000000004,118590.0,4559.0,1709.0,170.0,642.0,1709.0,1099.0,4559.0,1693.0,0.691,0.2761849034523113,0.6430661205383265,0.62864663303356,18.920522689819336,0.006205650354652442,63.068408966064446,0.5535860588502153,0.711808895607164,0.35114156342648584,0.5636000828705505,0.5535860588502153,0.6232549083736421,0.5884204836119287,0,0.04247654437301622,0.934,not significant,10.0
06075040200,4429.897394418716,0.2847339288721717,3.393133962154387,175978.0,4903.0,2326.0,176.0,1259.0,2326.0,1497.0,4903.0,2262.0,0.4407,0.4656061908856406,0.6435941530524506,0.538649806241077,26.42195701599121,0.005964462528924613,7.786888849862927,0.06510247363251849,0.42517520956438093,0.6703767824218744,0.564277480924792,0.06510247363251849,0.23080604280051137,0.14795425821651492,0,0.04675556861239173,0.818,not significant,4.0
06075045100,3861.031051635742,0.24085006716496804,0.49047682285308847,195893.0,4664.0,1919.0,44.0,1124.0,1919.0,1405.0,4664.0,2602.0,0.3218,0.5627931214174049,0.7321521625846795,0.4421097770154374,22.11438751220703,0.005727586029860645,45.087528058040185,0.3947017670857788,0.2890156199899226,0.5158886529227691,0.6778860594498115,0.3947017670857788,0.3711230526009469,0.38291240984336283,0,-0.019475664184287023,0.84,not significant,7.0
06075022702,2052.4402413368225,0.23310149434421742,0.0,250001.0,2017.0,1001.0,74.0,597.0,1001.0,619.0,2017.0,1024.0,0.2312,0.5224775224775224,0.6183816183816184,0.4923153197818543,12.920960426330566,0.006295413706132908,,,0.18526407402317802,0.4886106861532934,0.5319330296425668,,,,0,,,not ranked (missing SVI or zero feasible capacity),
06075026003,3713.985248565674,0.22332060086196875,0.15000000000000002,99044.0,4873.0,1393.0,71.0,444.0,1393.0,427.0,4873.0,610.0,0.5348,0.26776740847092606,0.3065326633165829,0.8748204391545249,18.051654815673828,0.004860454096484445,120.3443654378255,1.0,0.5329348174614081,0.4541781663129862,0.13187078020190163,1.0,0.7684004611645449,0.8842002305822725,0,2.370300759136771,0.006,high-high priority,10.0
06075026403,3399.746166706085,0.1855157283838929,0.9948871016502382,73750.0,3453.0,1109.0,249.0,344.0,1109.0,335.0,3453.0,175.0,0.7494,0.08566275924256087,0.30207394048692515,0.9493194323776426,14.630569458007812,0.004303429944648763,14.705758506407218,0.12623961762527522,0.7786862718153084,0.3210904249911821,0.1261508101462273,0.12623961762527522,0.4374964401993182,0.28186802891229673,0,0.1158566821439333,0.604,not significant,8.0
06075011200,2852.2869567871094,0.157221479056289,0.32887233495712287,118347.0,2678.0,1633.0,333.0,758.0,1633.0,1271.0,2678.0,1348.0,0.4121,0.26025719534598896,0.7783221065523577,0.4966392830470501,18.52631378173828,0.006495248922151509,56.332843515565614,0.49406864411899754,0.3924236177912144,0.22148374763522571,0.7371161814055087,0.49406864411899754,0.50116002614114,0.49761433513006875,0,1.028378170985423,0.006,high-high priority,9.0
06075011800,1650.9530715942383,0.08485689861117862,0.0,43833.0,1635.0,716.0,274.0,31.0,716.0,712.0,1635.0,122.0,0.9298,-0.3393854748603352,0.994413407821229,0.9253822629969419,6.187310218811035,0.0037477202261335485,,,0.98527323530759,0.0,1.0,,,,1,,,not ranked (missing SVI or zero feasible capacity),
06075015900,3731.111310005188,0.26801043861743173,2.429508936405181,83162.0,4876.0,2159.0,551.0,813.0,2159.0,1650.0,4876.0,1650.0,0.8001,0.12135247799907364,0.7642427049559981,0.6616078753076292,21.043630599975586,0.005640043636207231,8.661680673260975,0.07283238853562495,0.8367459117768311,0.6115036425558085,0.7190541132730585,0.07283238853562495,0.38755171700633206,0.2301920527709785,0,0.3368196119688836,0.026,high-high priority,7.0
06075016300,3523.52685546875,0.25018946101793843,0.5781619310379029,101964.0,3794.0,1944.0,302.0,747.0,1944.0,1662.0,3794.0,2172.0,0.4281,0.22890946502057613,0.8549382716049383,0.4275171323141803,23.35166358947754,0.0066273550755641866,40.38948664011339,0.35318850713007915,0.41074618661536344,0.5487669236781433,0.8354049036751101,0.35318850713007915,0.38804038032869526,0.37061444372938723,0,0.18789477510510194,0.144,not significant,7.0
06075021200,2318.096845626831,0.320346791247394,2.645291829109191,195714.0,3052.0,1424.0,115.0,880.0,1424.0,590.0,3052.0,1727.0,0.1603,0.5372191011235955,0.4143258426966292,0.43414154652686765,14.643770217895508,0.006317152040270225,5.535786281405041,0.04521107681452827,0.10407219092116715,0.7957478022096345,0.2701556168727477,0.04521107681452827,0.08966863489822746,0.06743985585637786,0,1.5565287680549298,0.006,low-low priority,2.0
06075021500,4440.083040237427,0.2730023426596414,1.3224603891372682,176417.0,5341.0,2513.0,122.0,1568.0,2513.0,1465.0,5341.0,2606.0,0.1086,0.575407879029049,0.5829685634699562,0.5120763901891032,27.65917205810547,0.006229426748880452,20.914934228124178,0.18110569966164938,0.04486739040813523,0.6290770713316403,0.4865026179723696,0.18110569966164938,0.16189487577392597,0.1715002877177877,0,0.45829542521345673,0.122,not significant,3.0
06075022901,3039.1724128723145,0.24310118364666006,0.30000000000000004,94214.0,4197.0,1408.0,145.0,456.0,1408.0,1090.0,4197.0,1093.0,0.8091,0.22088068181818182,0.7741477272727273,0.7395758875387182,19.85120964050293,0.0065317813350844415,66.17069880167642,0.5809987938491581,0.847052356740415,0.5238134517215065,0.7317609876891176,0.5809987938491581,0.6583957040254984,0.6196972489373282,0,-0.5097747550622037,0.424,not significant,10.0
06075026002,2400.219416618347,0.24099490473061116,0.8839611291885378,119038.0,3731.0,1038.0,137.0,465.0,1038.0,253.0,3731.0,1117.0,0.6419,0.3159922928709056,0.24373795761078998,0.7006164567140176,12.236687660217285,0.005098153766899141,13.843015553693373,0.11861617004682397,0.6555815125280564,0.516398537051625,0.051313219210924486,0.11861617004682397,0.361301833850488,0.23995900194865596,0,0.25979584875439343,0.004,high-high priority,7.0
06075012901,2313.7253608703613,0.17107130080723582,0.15000000000000002,231841.0,2887.0,1454.0,38.0,1047.0,1454.0,1130.0,2887.0,1928.0,0.0955,0.6939477303988996,0.7771664374140302,0.3321787322480083,15.711848258972168,0.006790714457597419,104.74565505981444,0.9218583232720592,0.029865787183363114,0.2702404653205467,0.7356336059869315,0.9218583232720592,0.5808461173521247,0.7513522203120919,0,-0.8983086194288434,0.078,not significant,9.0
06075015802,2428.083698272705,0.2209096857623474,0.0,142700.0,3163.0,1572.0,188.0,763.0,1572.0,1234.0,3163.0,1562.0,0.3931,0.3657760814249364,0.7849872773536896,0.5061650331963325,16.065593719482422,0.006616573279953733,,,0.37066556731253725,0.4456908147073614,0.7456667414775506,,,,0,,,not ranked (missing SVI or zero feasible capacity),
06075022704,3379.2590984106064,0.2848164988292975,4.388371992111205,240000.0,3982.0,1822.0,128.0,1224.0,1822.0,891.0,3982.0,1977.0,0.0702,0.601536772777168,0.48902305159165754,0.5035158211953792,20.7330265045166,0.0061353763948636345,4.724537149947066,0.03804264361286609,0.0008932252301772741,0.6706674605375401,0.3659825642846835,0.03804264361286609,0.06873383155636408,0.053388237584615084,0,0.3938543949723042,0.446,not significant,1.0
06075061200,3163.209692955017,0.19825180023357303,0.0,117132.0,4163.0,1153.0,169.0,442.0,1153.0,627.0,4163.0,352.0,0.6991,0.2367736339982654,0.5437987857762359,0.9154455921210666,17.615991592407227,0.005569024283037861,,,0.7210846960743896,0.3659263131896975,0.4362528123542218,,,,0,,,not ranked (missing SVI or zero feasible capacity),
06075011901,1594.7216033935547,0.11929477729967662,0.0,101827.0,2084.0,1217.0,147.0,509.0,1217.0,1005.0,2084.0,846.0,0.3489,0.29745275267050125,0.8258011503697618,0.5940499040307101,10.492532730102539,0.006579538840995516,,,0.3200494709358252,0.08796712023486936,0.7980257107221015,,,,0,,,not ranked (missing SVI or zero feasible capacity),
06075017804,4541.452910423279,0.14119333037284026,0.0,138561.0,3911.0,2132.0,455.0,881.0,2132.0,1465.0,3911.0,1153.0,0.6476,0.199812382739212,0.6871482176360225,0.7051904883661468,23.5699405670166,0.0051899559528450125,,,0.6621089276716594,0.165058478456304,0.6201517648259646,,,,0,,,not ranked (missing SVI or zero feasible capacity),
06075061503,4298.754177093506,0.1283357234671712,0.0,187067.0,3612.0,1998.0,255.0,1239.0,1998.0,1556.0,3612.0,1229.0,0.4602,0.4924924924924925,0.7787787787787788,0.6597452934662237,24.523021697998047,0.005704681097763694,,,0.4475058403188127,0.11979473995615444,0.737702033354639,,,,0,,,not ranked (missing SVI or zero feasible capacity),
06075020802,2151.807098388672,0.1190183198974504,0.0,117000.0,2274.0,1114.0,171.0,406.0,1114.0,920.0,2274.0,644.0,0.6228,0.21095152603231598,0.8258527827648114,0.7167985927880387,13.292951583862305,0.006177575858828798,,,0.6337089459942283,0.08699388348462458,0.7980919484688442,,,,0,,,not ranked (missing SVI or zero feasible capacity),
06075033002,3230.4844732144848,0.3801122908003095,13.193449735641508,173615.0,3940.0,1533.0,133.0,833.0,1533.0,681.0,3940.0,1538.0,0.3351,0.45662100456621,0.44422700587084146,0.6096446700507614,17.0815486907959,0.0052876120694673855,1.2946991903604155,0.00773559815367987,0.3042462553249966,1.0,0.3085149777302276,0.00773559815367987,0.11035398844058873,0.0590447932971343,0,0.45355425204775596,0.28,not significant,2.0
06075061101,1797.2617902755737,0.13325679101014756,0.15000000000000002,17569.0,1814.0,935.0,532.0,51.0,935.0,865.0,1814.0,39.0,0.9666,-0.5144385026737968,0.9251336898395722,0.9785005512679162,7.942318916320801,0.004419121888249239,52.948792775472,0.46416618784419145,1.0,0.13711879691644652,0.9254566305231907,0.46416618784419145,0.7115152743846287,0.58784073111441,1,0.33835033863382563,0.656,not significant,10.0
06075061501,1867.4072471261024,0.1586577057765395,1.0848992228507996,230332.0,1807.0,1195.0,245.0,688.0,1195.0,387.0,1807.0,613.0,0.1534,0.3707112970711297,0.3238493723849372,0.6607636967349197,11.723095893859863,0.006277739315782052,10.805700333211574,0.09177756963897442,0.09617058311575284,0.22653981997973668,0.154085898996674,0.09177756963897442,0.19556751591304017,0.1436725427760073,0,-0.8815999168369199,0.002,low-high outlier,3.0
06075016101,2069.9492950439453,0.20172226319102932,0.0,-666666666.0,2444.0,1572.0,596.0,350.0,1572.0,1422.0,2444.0,1017.0,0.7838,-0.15648854961832062,0.9045801526717557,0.5838788870703764,12.50623607635498,0.0060418079352467765,,,0.8180797947872291,0.3781436821708176,0.8990890760396294,,,,1,,,not ranked (missing SVI or zero feasible capacity),
06075013001,2199.9298362731934,0.20721112380749615,0.504580593109131,127031.0,1770.0,863.0,35.0,407.0,863.0,634.0,1770.0,1435.0,0.1888,0.43105446118192353,0.7346465816917729,0.18926553672316382,14.987775802612305,0.006812842644110165,29.70343292487815,0.25876342946082076,0.1367092666391828,0.39746658988064826,0.6810860795326861,0.25876342946082076,0.26760996957202715,0.2631866995164239,0,-0.0013041998286290914,0.994,not significant,5.0
06075012001,1676.7334060668945,0.09430685782855427,0.0,91040.0,1738.0,1004.0,123.0,267.0,1004.0,910.0,1738.0,660.0,0.3694,0.14342629482071714,0.9063745019920318,0.620253164556962,10.495361328125,0.006259409689190793,,,0.3435252622417663,0.0,0.901390996292023,,,,0,,,not ranked (missing SVI or zero feasible capacity),
06075020602,2081.3405570983887,0.3475076223104975,1.8281063079833983,204044.0,2369.0,1317.0,114.0,768.0,1317.0,730.0,2369.0,1672.0,0.1565,0.49658314350797267,0.554290053151101,0.29421696918531026,11.910486221313477,0.005722507150832619,6.515204378049572,0.053865499888827884,0.09972058082543173,0.8913644098495054,0.44971176405921215,0.053865499888827884,0.07813029175588923,0.06599789582235856,0,0.182142091831364,0.768,not significant,2.0
06075012902,3084.9359769821167,0.2181729578579628,1.1578687310218814,210921.0,2735.0,1700.0,38.0,1053.0,1700.0,1313.0,2735.0,1908.0,0.104,0.5970588235294118,0.7723529411764706,0.30237659963436925,21.57135772705078,0.006992481493296102,18.63022737302259,0.16091736559620476,0.03959965187119234,0.4360564762866162,0.7294585071091088,0.16091736559620476,0.1789100895100273,0.169913727553116,0,0.08326661505361868,0.778,not significant,3.0
06075035201,4402.359280807956,0.1937012849934775,20.84999999999998,112413.0,5136.0,1867.0,191.0,747.0,1867.0,490.0,5136.0,1455.0,0.5475,0.2978039635779325,0.26245313336904125,0.7167056074766356,23.68016815185547,0.005378972192271753,1.1357394797052993,0.006330983931734443,0.5474783564655765,0.34990674334440897,0.07532239157118448,0.006330983931734443,0.2922969052271576,0.14931394457944602,0,-0.012073118100218586,0.834,not significant,5.0
06075047702,3152.3659172058105,0.21816630045713373,0.45000000000000007,119957.0,3441.0,1592.0,152.0,644.0,1592.0,975.0,3441.0,1373.0,0.4563,0.30904522613065327,0.6124371859296482,0.6009880848590525,16.457542419433594,0.005220695455945421,36.572316487630204,0.3194588817950389,0.4430397141679263,0.43603303966637813,0.5243070845183084,0.3194588817950389,0.3993883849063369,0.3594236333506879,0,0.018297215685235155,0.918,not significant,7.0
06075025401,2704.1997146606445,0.31703903393457866,2.82298480272293,183902.0,3706.0,1357.0,99.0,774.0,1357.0,603.0,3706.0,1695.0,0.5263,0.4974207811348563,0.4443625644804716,0.5426335671883432,16.505529403686523,0.006103665093300195,5.846836082066754,0.04795960329298075,0.5232009527735788,0.7841032198913481,0.30868888205608425,0.04795960329298075,0.23948465213354073,0.14372212771326073,0,0.06306246773104732,0.706,not significant,4.0
06075016500,3881.793037414551,0.23371452533510173,0.5394890904426576,180152.0,5393.0,2303.0,336.0,1210.0,2303.0,1573.0,5393.0,3650.0,0.438,0.3795049934867564,0.683022145028224,0.3231967365102911,27.34626579284668,0.007044751105808703,50.689191454101,0.4441996935743918,0.42208327607530577,0.4907687918309246,0.6148585423795814,0.4441996935743918,0.4462136746389142,0.445206684106653,0,-0.18411133508704233,0.496,not significant,8.0
06075030101,3347.9771156311035,0.273667111362253,1.3064913988113402,151384.0,4588.0,2098.0,84.0,1111.0,2098.0,1612.0,4588.0,2082.0,0.2515,0.48951382268827454,0.7683508102955195,0.546207497820401,22.051860809326172,0.006586622323781724,16.87868808733773,0.1454402551961557,0.2085108332188173,0.6314173137219119,0.7243242860165439,0.1454402551961557,0.2009863221663771,0.1732132886812664,0,0.4216645852200201,0.096,not significant,3.0
06075031302,4794.126142024994,0.24415629091214175,9.897207283973708,127050.0,4727.0,1733.0,107.0,707.0,1733.0,644.0,4727.0,431.0,0.6062,0.3462204270051933,0.37160992498557416,0.9088216627882377,21.682636260986328,0.0045227504697712825,2.190783282481762,0.015653657734094623,0.6146992808391736,0.5275278364981413,0.2153565680099957,0.015653657734094623,0.29384240168603687,0.15474802971006574,0,-0.0238949938621994,0.716,not significant,5.0
06075015300,2165.522247314453,0.22995371976688903,0.7346423864364625,215417.0,2427.0,1077.0,62.0,649.0,1077.0,650.0,2427.0,1525.0,0.3534,0.5450324976787372,0.6035283194057567,0.37165224557066334,14.148009300231934,0.006533301293846055,19.258362383444588,0.1664677491827402,0.32520269341761715,0.47752930480675443,0.5128781503383898,0.1664677491827402,0.27542542156652294,0.22094658537463158,0,-0.10694670175208101,0.32,not significant,5.0
06075020900,3283.672062397003,0.1534904680091005,0.0,94360.0,3644.0,1557.0,225.0,462.0,1557.0,1318.0,3644.0,1212.0,0.8161,0.15221579961464354,0.8464996788696211,0.6673984632272228,21.06197166442871,0.0064141519811372295,,,0.8550684806009803,0.2083491488237899,0.8245792705056785,,,,1,,,not ranked (missing SVI or zero feasible capacity),
06075026100,5299.911517612636,0.15663441561754216,1.850458753108978,123070.0,6601.0,2007.0,176.0,843.0,2007.0,663.0,6601.0,493.0,0.7552,0.3323368211260588,0.3303437967115097,0.9253143463111649,26.28933334350586,0.004960334385987633,14.206927498025468,0.12183180179676904,0.7853282030140625,0.21941705776288878,0.16241741322082434,0.12183180179676904,0.45286821328887306,0.28735000754282103,0,0.3197973645976316,0.242,not significant,8.0
06075026202,2743.4699478149414,0.192606510959132,1.5036444902420043,144127.0,3664.0,1043.0,86.0,487.0,1043.0,363.0,3664.0,343.0,0.6956,0.3844678811121764,0.3480345158197507,0.9063864628820961,12.584141731262207,0.0045869435315976205,8.369093767128991,0.07024700556144695,0.7170766341441069,0.34605271623260486,0.18511233897162532,0.07024700556144695,0.38419241729627013,0.22721971142885855,0,0.02853150880458922,0.806,not significant,7.0
06075012504,1235.9254455566406,0.138823111925055,0.0,22639.0,651.0,333.0,175.0,28.0,333.0,278.0,651.0,49.0,0.9962,-0.44144144144144143,0.8348348348348348,0.9247311827956989,5.767611026763916,0.004666633450666013,,,1.0,0.1567143947713782,0.8096147703265519,,,,1,,,not ranked (missing SVI or zero feasible capacity),
06075010402,1849.3893928527832,0.33633226719400694,2.232602167129516,158500.0,2012.0,1202.0,125.0,648.0,1202.0,836.0,2012.0,1130.0,0.2776,0.435108153078203,0.6955074875207987,0.4383697813121272,11.605609893798828,0.006275373882131197,5.198243585295943,0.04222845140891651,0.2383995236132106,0.8520228468860191,0.6308756369424761,0.04222845140891651,0.12675063193617908,0.0844895416725478,0,-0.5941152975074452,0.134,not significant,2.0
06075010401,1744.1200637817383,0.15345063901070174,0.0,207500.0,2393.0,944.0,157.0,530.0,944.0,628.0,2393.0,1290.0,0.4211,0.3951271186440678,0.6652542372881356,0.4609277058086084,11.142105102539062,0.006388381931906611,,,0.4027300627547982,0.20820893537804763,0.5920645935049682,,,,0,,,not ranked (missing SVI or zero feasible capacity),
06075013401,1332.9764471054077,0.37836662248159064,1.1104067564010622,208608.0,1456.0,797.0,65.0,552.0,797.0,594.0,1456.0,884.0,0.273,0.6110414052697616,0.7452948557089084,0.3928571428571429,9.077857971191406,0.006810216332707308,8.175254625263303,0.0685341865438975,0.23313178507626772,1.0,0.6947464506410883,0.0685341865438975,0.11586321804864244,0.09219870229626997,0,-0.28599062167359407,0.52,not significant,2.0
06075040100,3448.780122756958,0.27462716866084325,5.788792693614963,143674.0,4277.0,1677.0,130.0,809.0,1677.0,955.0,4277.0,1727.0,0.5065,0.4048896839594514,0.569469290399523,0.5962122983399579,21.302104949951172,0.006176707181008179,3.679887340489389,0.02881181415759363,0.5005267738536943,0.6347970859320413,0.4691847804017899,0.02881181415759363,0.24437071503778363,0.13659126459768864,0,0.010614498981921596,0.954,not significant,4.0
06075017000,3453.443971633911,0.35401989228841735,8.432371246814737,240556.0,4016.0,2146.0,159.0,1422.0,2146.0,1041.0,4016.0,2808.0,0.0339,0.5885368126747437,0.4850885368126747,0.30079681274900394,20.963518142700195,0.006070322354985776,2.486076280218213,0.01826295252050387,0.0,0.9142901134804798,0.36093508598670704,0.01826295252050387,0.02198795923817996,0.020125455879341916,0,1.4014872741117608,0.024,low-low priority,1.0
06075016802,3482.8294677734375,0.18828304711024504,0.0,109107.0,3754.0,1924.0,318.0,883.0,1924.0,1610.0,3754.0,1881.0,0.3402,0.29365904365904366,0.8367983367983368,0.49893446989877466,21.568603515625,0.006192839389697062,,,0.31008657413769414,0.3308324549113022,0.8121336917452111,,,,0,,,not ranked (missing SVI or zero feasible capacity),
06075015702,2789.03680229187,0.208471355146898,0.15000000000000002,211641.0,3109.0,1397.0,53.0,963.0,1397.0,742.0,3109.0,1683.0,0.1218,0.651395848246242,0.5311381531853973,0.4586683821164361,18.30718231201172,0.00656398018734207,122.04788208007811,1.0,0.059983509688058274,0.40190309056190854,0.4200108430566932,1.0,0.6107087648065341,0.8053543824032671,0,-0.36373948819903823,0.53,not significant,10.0
06075020801,3160.557014465332,0.1438854451400119,0.0,103997.0,3732.0,1519.0,239.0,562.0,1519.0,1261.0,3732.0,1031.0,0.6393,0.21263989466754443,0.8301514154048716,0.7237406216505895,19.118465423583984,0.0060490810120121296,,,0.6526040950941321,0.17453576141631735,0.8036065433250075,,,,0,,,not ranked (missing SVI or zero feasible capacity),
06075035101,3040.890489578247,0.2246096345109438,1.5551514267921447,104648.0,3848.0,1460.0,104.0,599.0,1460.0,803.0,3848.0,1675.0,0.5445,0.339041095890411,0.55,0.5647089397089398,17.262432098388672,0.005676768748348733,11.10016156690052,0.09437951471641896,0.5440428748110485,0.4587160622397448,0.4442081755880193,0.09437951471641896,0.31879735420611477,0.20658843446126687,0,-0.011691318803680935,0.226,not significant,6.0
06075015202,2005.749382019043,0.1971594942912746,0.15000000000000002,177533.0,2334.0,1065.0,120.0,579.0,1065.0,521.0,2334.0,1161.0,0.5045,0.4309859154929577,0.4892018779342723,0.5025706940874036,11.984550476074219,0.005975098675593377,79.89700317382811,0.7022884102961003,0.4982364527506756,0.3620809747144206,0.36621197556769003,0.7022884102961003,0.6212148174036236,0.661751613849862,0,0.14199681230339417,0.802,not significant,10.0
06075012202,1673.4270248413086,0.0737975180023708,0.0,54650.0,3017.0,1488.0,531.0,246.0,1488.0,1310.0,3017.0,1104.0,0.939,-0.19153225806451613,0.8803763440860215,0.6340735830294995,12.716646194458008,0.007599163874901524,,,0.9958087123814757,0.0,0.8680386910677742,,,,1,,,not ranked (missing SVI or zero feasible capacity),
06075023003,3211.112735748291,0.2394197410374946,3.2954938769340503,118889.0,4025.0,1206.0,141.0,536.0,1206.0,210.0,4025.0,418.0,0.4923,0.3275290215588723,0.17412935323383086,0.8961490683229814,16.341548919677734,0.005089061102636633,4.958755661497703,0.040112266481522996,0.48426549402226193,0.5108533529420749,0.0,0.040112266481522996,0.2629210532072419,0.15151665984438245,0,-0.25509225605982155,0.04,low-high outlier,5.0
06075021100,3202.7813415527344,0.2978833179119267,3.5435279250144944,244813.0,4054.0,2021.0,74.0,1310.0,2021.0,1110.0,4054.0,2708.0,0.0517,0.6115784265215239,0.5492330529440871,0.3320177602368032,21.105648040771484,0.00658978737229039,5.956111673844126,0.048925194194533256,0.0,0.7166677066427554,0.44322428079085235,0.048925194194533256,0.06696244110085332,0.05794381764769329,0,0.5893846476429941,0.25,not significant,1.0
06075015201,1124.4814910888672,0.1747532022472854,0.0,113450.0,1532.0,973.0,195.0,297.0,973.0,866.0,1532.0,840.0,0.6002,0.10483042137718397,0.8900308324768756,0.45169712793733685,8.332571029663086,0.007410145116389975,,,0.6078283175301176,0.2832021793617691,0.8804241625600177,,,,0,,,not ranked (missing SVI or zero feasible capacity),
06075020701,2263.8109855651855,0.24994007441825394,0.2739540219306946,217386.0,3032.0,1397.0,70.0,1024.0,1397.0,896.0,3032.0,1854.0,0.3638,0.6828919112383679,0.6413743736578382,0.38852242744063326,14.175686836242676,0.00626186855997766,51.744766279901036,0.4535270596505868,0.3371123631533141,0.547888986600398,0.5614297884010654,0.4535270596505868,0.41256950893889366,0.43304828429474024,0,0.027610635561227996,0.872,not significant,8.0
06075020201,2014.3791618347168,0.2046201947815479,0.15000000000000002,-666666666.0,1847.0,1005.0,237.0,445.0,1005.0,765.0,1847.0,852.0,0.6253,0.20696517412935322,0.7611940298507462,0.5387114239306985,11.095020294189453,0.005507910578306418,73.96680196126302,0.6498874281362925,0.6365718473730017,0.3883455197807946,0.7151430537661685,0.6498874281362925,0.6394920326815776,0.6446897304089351,0,0.8088619630200213,0.212,not significant,10.0
06075020702,1984.6186141967773,0.20145840067174528,0.15000000000000002,148898.0,2046.0,1104.0,163.0,526.0,1104.0,888.0,2046.0,1162.0,0.3507,0.328804347826087,0.8043478260869565,0.4320625610948191,13.279626846313477,0.0066912739562749995,88.53084564208983,0.7785795526929835,0.322110759928542,0.3772147842693273,0.7705038446675264,0.7785795526929835,0.5954463246810823,0.687012938687033,0,0.06152082672388807,0.896,not significant,9.0
06075010701,2621.300308227539,0.07553791356357661,0.0,27531.0,3280.0,1834.0,898.0,92.0,1834.0,1737.0,3280.0,160.0,0.9873,-0.4394765539803708,0.9471101417666303,0.9512195121951219,14.152663230895996,0.005399100281060772,,,1.0,0.0,0.953649602312466,,,,1,,,not ranked (missing SVI or zero feasible capacity),
06075020202,3224.8612670898438,0.16925054215467894,0.0,166932.0,3929.0,2173.0,234.0,1181.0,2173.0,1691.0,3929.0,1798.0,0.457,0.4358030372756558,0.7781868384721583,0.5423771952150674,20.55417251586914,0.006373661008498977,,,0.4438413265539829,0.2638306921702351,0.7369426497916838,,,,0,,,not ranked (missing SVI or zero feasible capacity),
06075047701,3309.739646911621,0.2106069389556784,0.30000000000000004,116750.0,4742.0,2008.0,238.0,815.0,2008.0,1168.0,4742.0,1549.0,0.5106,0.2873505976095618,0.5816733067729084,0.6733445803458457,20.05263900756836,0.006058675650297704,66.84213002522786,0.5869317553635682,0.5052219321148825,0.4094211697639698,0.4848409696025171,0.5869317553635682,0.5588803784573976,0.5729060669104828,0,0.048699610863374786,0.922,not significant,9.0
06075060502,2293.262937784195,0.2752776598155668,23.55667375326152,42548.0,3087.0,925.0,310.0,157.0,925.0,666.0,3087.0,158.0,0.9134,-0.1654054054054054,0.72,0.94881762228701,13.17921257019043,0.0057469260733461714,0.5594683149341367,0.001238884365129077,0.9664926022628372,0.6370870658435507,0.6622963920155188,0.001238884365129077,0.39332879309802493,0.197283838731577,0,0.3020785016250336,0.026,high-high priority,7.0
06075023400,3416.157135860063,0.1709106767582496,9.062304258346568,80788.0,3811.0,1169.0,304.0,450.0,1169.0,520.0,3811.0,341.0,0.9005,0.12489307100085544,0.4448246364414029,0.910522172658095,20.1394100189209,0.0058953406468085475,2.2223277264578805,0.015932393612825228,0.9517200311483669,0.26967500667777694,0.3092816611726764,0.015932393612825228,0.45061695670667445,0.23327467515974984,0,0.11259726914060555,0.676,not significant,8.0
06075010202,1890.725958049763,0.17759407382192358,3.8026724219322188,206484.0,1761.0,1091.0,73.0,791.0,1091.0,753.0,1761.0,1179.0,0.124,0.6581118240146654,0.69019248395967,0.3304940374787053,12.327367782592773,0.006519912486581687,3.241764321189932,0.024940431771871593,0.06250286290137877,0.29320314369442685,0.6240571684309916,0.024940431771871593,0.14036574634725435,0.08265308905956298,0,0.0077315273689703085,0.988,not significant,2.0
06075010201,1980.8836822509766,0.24433660204859747,0.3739404797554017,160221.0,2608.0,1375.0,84.0,879.0,1375.0,840.0,2608.0,1762.0,0.0827,0.5781818181818181,0.610909090909091,0.3243865030674846,14.74321174621582,0.007442744810468819,39.4266268146725,0.3446803977545628,0.01520773212404379,0.5281626012867271,0.5223467344149844,0.3446803977545628,0.24843851492768765,0.29655945634112524,0,0.02764015866887147,0.84,not significant,4.0
06075030900,5450.231652736664,0.3375754083202301,45.606849956512185,204375.0,6425.0,2310.0,208.0,1369.0,2310.0,90.0,6425.0,2480.0,0.4462,0.5025974025974026,0.03896103896103896,0.6140077821011674,29.81077003479004,0.005469633574165878,0.6536467671679957,0.002071072552081019,0.4314735925976822,0.8563991834211901,0.0,0.002071072552081019,0.17359141617205073,0.08783124436206588,0,0.056805258123974016,0.872,not significant,3.0
06075023300,3912.329674720764,0.15432779610651237,1.6860235691070558,92574.0,3934.0,1281.0,244.0,341.0,1281.0,609.0,3934.0,296.0,0.9042,0.07572209211553474,0.47540983606557374,0.9247585155058464,19.366531372070312,0.004950127668740637,11.486512838208501,0.09779342688390708,0.9559571251889515,0.21129686688035673,0.34851855314393787,0.09779342688390708,0.5017871772260329,0.29979030205497004,0,0.5380047897982256,0.148,not significant,9.0
06075017801,2937.730094432831,0.15799204231749592,0.0,31215.0,3335.0,2381.0,1110.0,794.0,2381.0,1767.0,3335.0,533.0,0.8515,-0.13271734565308693,0.74212515749685,0.8401799100449775,13.04195499420166,0.004439466722595422,,,0.8956071641244102,0.22419642770150727,0.6906801339959044,,,,0,,,not ranked (missing SVI or zero feasible capacity),
06075010300,3223.15828704834,0.1956896135702679,0.7500000000000001,158973.0,3791.0,2143.0,260.0,1280.0,2143.0,1644.0,3791.0,2258.0,0.2832,0.4759682687820812,0.7671488567428838,0.40437879187549464,20.5990047454834,0.006390937990311135,27.465339660644528,0.23898698663749818,0.24481242270166279,0.35690642729901284,0.7227823336252319,0.23898698663749818,0.30164187716947916,0.2703144319034887,0,0.0019721711890996686,0.962,not significant,6.0
06075061402,2192.1981424093246,0.2507904885986119,6.148289704322819,218125.0,2354.0,1189.0,46.0,750.0,1189.0,689.0,2354.0,1421.0,0.0589,0.592094196804037,0.5794785534062237,0.39634664401019537,13.595403671264648,0.006201722101781678,2.2112496848848577,0.015834504816471473,0.0,0.5508827727193041,0.4820253822658199,0.015834504816471473,0.07528483650034012,0.0455596706584058,0,0.48254954212150175,0.352,not significant,1.0
06075012405,4380.137783527374,0.16033446856572175,1.0682533502578737,107311.0,3878.0,2513.0,314.0,1034.0,2513.0,2470.0,3878.0,1337.0,0.625,0.28651014723438123,0.9828889773179467,0.6552346570397112,25.32550048828125,0.00578189585348759,23.707391586619163,0.2057806648069258,0.6362282992075489,0.23244267211801933,0.9995492636726977,0.2057806648069258,0.4407038363084021,0.323242250557664,0,0.7538990224361419,0.002,high-high priority,8.0
06075010902,1598.2080917358398,0.13747991010231872,0.0,141591.0,2568.0,1452.0,186.0,678.0,1452.0,1310.0,2568.0,1591.0,0.4151,0.33884297520661155,0.9022038567493113,0.38045171339563866,11.521644592285156,0.007209101650693878,,,0.3958590994457423,0.1519858059676209,0.8960405928665126,,,,0,,,not ranked (missing SVI or zero feasible capacity),
06075015801,3323.0730514526367,0.26686979705103175,0.9111553311347963,149643.0,3220.0,1416.0,205.0,706.0,1416.0,1093.0,3220.0,1333.0,0.7377,0.3538135593220339,0.7718926553672316,0.5860248447204969,21.36382293701172,0.006428935688811538,23.446960366685442,0.20347941882547604,0.7652878933626495,0.6074881440293164,0.7288680193962628,0.20347941882547604,0.4284672504852679,0.315973334655372,0,0.2848382190658728,0.2,not significant,8.0
06075031401,2274.85346698761,0.22158698987008796,1.9108732461929319,102644.0,2700.0,658.0,106.0,217.0,658.0,267.0,2700.0,248.0,0.7669,0.16869300911854104,0.40577507598784196,0.9081481481481481,11.051046371459961,0.004857915699552243,5.7832440709906665,0.04739768579331078,0.7987265814667216,0.44807518656153034,0.25918607886917683,0.04739768579331078,0.38604186842577837,0.21671977710954457,0,0.04683639931830791,0.708,not significant,7.0
06075047600,4156.757749080658,0.26334986054038595,2.200889098644256,162289.0,5208.0,2220.0,97.0,1269.0,2220.0,1218.0,5208.0,1868.0,0.3096,0.527927927927928,0.5486486486486486,0.641321044546851,22.480995178222656,0.005408300539812486,10.214506124852411,0.08655360572025096,0.27504466126150884,0.5950966090474255,0.44247456496458915,0.08655360572025096,0.20027794294453974,0.14341577433239536,0,-0.23179605452327798,0.33,not significant,3.0
06075016200,3380.9329566955566,0.1641397138370476,0.30000000000000004,125913.0,3198.0,1872.0,148.0,848.0,1872.0,1406.0,3198.0,1424.0,0.4209,0.37393162393162394,0.7510683760683761,0.5547217010631644,21.865875244140625,0.006467408707657963,72.88625081380208,0.6403393640198697,0.4025010306444964,0.24583860404795577,0.7021531374511127,0.6403393640198697,0.5741692521283152,0.6072543080740924,0,1.2402350095706998,0.014,high-high priority,9.0
06075061000,4578.13626606272,0.29134097974718626,60.65667303800539,125327.0,4558.0,1625.0,119.0,714.0,1625.0,454.0,4558.0,527.0,0.7005,0.36615384615384616,0.2793846153846154,0.8843791136463361,22.91921615600586,0.005006232847611764,0.37785152083177176,0.0,0.7226879208465027,0.6936361513898263,0.0970433134197189,0.0,0.298895349587802,0.149447674793901,0,-0.05642854732915927,0.288,not significant,6.0
06075026303,3310.84561920166,0.21406750014035875,2.551954197883605,94167.0,4425.0,1342.0,115.0,480.0,1342.0,259.0,4425.0,577.0,0.4748,0.2719821162444113,0.19299552906110284,0.8696045197740113,15.080361366271973,0.004554836770041933,5.909338568371826,0.048511893434987415,0.4642251843708488,0.42160368068348436,0.0,0.048511893434987415,0.2734942091447681,0.16100305128987774,0,-0.13738405201948267,0.22,not significant,5.0
06075012100,2799.738929748535,0.09981103485747092,0.15,92059.0,3250.0,2080.0,264.0,700.0,2080.0,1933.0,3250.0,1425.0,0.534,0.20961538461538462,0.9293269230769231,0.5615384615384615,17.564640045166016,0.0062736706835532065,117.09760030110678,1.0,0.5320186890202007,0.019376827392783697,0.9308360114514164,1.0,0.8333000170481527,0.9166500085240763,0,2.729822866267401,0.018,high-high priority,10.0
06075013500,2360.703712463379,0.23246977553624687,0.15000000000000002,182241.0,2544.0,1614.0,74.0,911.0,1614.0,1168.0,2544.0,1856.0,0.221,0.5185873605947955,0.7236679058240396,0.2704402515723271,15.626348495483398,0.00661936032589935,104.17565663655597,0.9168216514733014,0.17358343639778295,0.486386792147248,0.667001845187218,0.9168216514733014,0.5962070096537876,0.7565143305635444,0,-0.2940955111747674,0.628,not significant,9.0
06075015600,2787.8652687072754,0.25590077349234647,1.3921662330627442,89792.0,2927.0,1376.0,256.0,482.0,1376.0,985.0,2927.0,1115.0,0.5282,0.16424418604651161,0.715843023255814,0.6190638879398702,18.349014282226562,0.006581743561350418,13.180189151592202,0.1127592432366577,0.5253767578214465,0.5688729477797406,0.6569635235221651,0.1127592432366577,0.30493054468887404,0.20884489396276587,0,-0.021117741215521478,0.6,not significant,6.0
06075020300,2778.446849822998,0.20592067740667777,0.30000000000000004,179313.0,3372.0,2189.0,183.0,1297.0,2189.0,1387.0,3372.0,2082.0,0.2189,0.5089081772498858,0.6336226587482869,0.3825622775800712,19.217849731445312,0.006916759891473034,64.0594991048177,0.5623436194823117,0.1711785992396134,0.39292372052217156,0.551485331466486,0.5623436194823117,0.4321457613966948,0.49724469043950326,0,0.21957694891875465,0.312,not significant,8.0
06075021300,2063.4943504333496,0.33221785863727243,3.9570147633552533,216944.0,2948.0,1212.0,34.0,926.0,1212.0,573.0,2948.0,1976.0,0.0615,0.735973597359736,0.47277227722772275,0.3297150610583447,13.450311660766602,0.006518220734620346,3.3991057565228138,0.02633074644254541,0.0,0.8375385408747119,0.34513490312823486,0.02633074644254541,0.03753459209006592,0.03193266926630566,0,1.685747131254751,0.002,low-low priority,1.0
06075021600,3816.7792711257935,0.36494939811026567,10.73746733665468,237909.0,4417.0,2111.0,120.0,1561.0,2111.0,964.0,4417.0,2272.0,0.0916,0.6826148744670772,0.45665561345333966,0.48562372651120667,20.670772552490234,0.00541576315635177,1.9251069087703818,0.013306064048802002,0.025399661032476758,0.9527661920451375,0.32445928867342955,0.013306064048802002,0.022627984578997243,0.017967024313899623,0,1.6342138672957598,0.008,low-low priority,1.0
06075021700,3454.252558124019,0.46001980787345836,34.80246807336789,139722.0,4459.0,1798.0,83.0,868.0,1798.0,541.0,4459.0,2205.0,0.4138,0.43659621802002224,0.30088987764182423,0.5054945054945055,19.99582290649414,0.005788755329851659,0.5745518640902272,0.0013721669911148815,0.39437039072878016,1.0,0.12463180924019125,0.0013721669911148815,0.13871572025063048,0.07004394362087268,0,1.03178008867304,0.012,low-low priority,2.0
06075026004,3222.876308441162,0.19596366978861313,0.15000000000000002,133542.0,3924.0,1121.0,75.0,520.0,1121.0,374.0,3924.0,703.0,0.4245,0.39696699375557537,0.33363068688670827,0.8208460754332314,16.295400619506836,0.005056166932881324,108.63600413004556,0.956234578801579,0.4066236086299299,0.35787121095529717,0.1666340721378957,0.956234578801579,0.7167548707779704,0.8364947247897747,0,1.1073414060407192,0.168,not significant,10.0
06075026301,3913.9459190368652,0.17684848053613678,0.0,102131.0,4955.0,1365.0,221.0,409.0,1365.0,567.0,4955.0,494.0,0.903,0.13772893772893774,0.4153846153846154,0.9003027245206862,18.49195098876953,0.004724631196059037,,,0.9545829325271403,0.2905783675783954,0.27151388656171865,,,,0,,,not ranked (missing SVI or zero feasible capacity),
06075030102,4796.461594761058,0.5353915832583778,27.149309468269234,206515.0,4808.0,2120.0,302.0,1238.0,2120.0,1142.0,4808.0,2337.0,0.2517,0.44150943396226416,0.5386792452830189,0.5139351081530782,30.741474151611328,0.0064091984360280805,1.1323114566703967,0.0063006929234774665,0.20873986532911915,1.0,0.42968509791249215,0.0063006929234774665,0.07620929932693042,0.04125499612520395,0,0.9482767485761227,0.07,not significant,1.0
06075033201,764.1079806046328,0.30262310747468735,26.866857945918937,68250.0,3535.0,595.0,218.0,197.0,595.0,589.0,3535.0,910.0,0.7402,-0.03529411764705882,0.9899159663865547,0.7425742574257426,6.515134811401367,0.008526458271311328,0.2424970878439104,0.0,0.7681507947414227,0.7333535951512883,1.0,0.0,0.30884973888680467,0.15442486944340234,1,0.03421390156825584,0.282,not significant,6.0
06075030500,2628.2339782603085,0.466094182046438,34.81007658243158,182375.0,3778.0,1008.0,119.0,593.0,1008.0,293.0,3778.0,1584.0,0.6351,0.47023809523809523,0.2906746031746032,0.5807305452620435,14.337749481201172,0.005455278943882947,0.4118850312566489,0.0,0.647794420777793,1.0,0.11152692107034648,0.0,0.22672804727222753,0.11336402363611377,0,0.6461896242681343,0.002,low-low priority,4.0
06075017101,3080.374683380127,0.34699519723653793,2.1144690155982966,200357.0,4125.0,1776.0,44.0,1027.0,1776.0,1177.0,4125.0,2782.0,0.1719,0.553490990990991,0.6627252252252253,0.32557575757575763,20.089677810668945,0.006521829282347021,9.501050931684851,0.08024930819156317,0.11735605331867528,0.8895604758267287,0.5888201950924755,0.08024930819156317,0.09776520138330863,0.0890072547874359,0,0.9696371182933057,0.044,low-low priority,2.0
06075020401,2538.440399169922,0.3111773372153054,2.2753481030464164,190966.0,3409.0,1607.0,93.0,997.0,1607.0,860.0,3409.0,2118.0,0.075,0.5625388923459863,0.5351586807716241,0.37870343209152246,16.289175033569336,0.00641700117871428,7.158981525402683,0.05955410194534234,0.006389995877422016,0.7634677852093789,0.42516866476479775,0.05955410194534234,0.06749338174836204,0.0635237418468522,0,1.5755102728582189,0.006,low-low priority,1.0
06075031202,2769.211103439331,0.2364525005955931,0.9000000000000001,156250.0,2919.0,818.0,73.0,439.0,818.0,256.0,2919.0,233.0,0.5776,0.4474327628361858,0.31295843520782396,0.9201781431997259,12.62385082244873,0.004558645170377238,14.02650091383192,0.12023750003860127,0.581947689066007,0.5004075214265633,0.14011422214855293,0.12023750003860127,0.3387393129784186,0.22948840650850993,0,0.018025932585846074,0.578,not significant,6.0
06075032802,3254.6264816109324,0.20776731493544875,2.9455433130264272,113092.0,4185.0,1528.0,207.0,637.0,1528.0,497.0,4185.0,1194.0,0.4879,0.281413612565445,0.325261780104712,0.7146953405017922,17.28992462158203,0.00531241441046227,5.869859236195488,0.048163042576997966,0.47922678759562093,0.3994245973043042,0.15589783711710997,0.048163042576997966,0.2818972073513206,0.1650301249641593,0,-0.05289710195908546,0.51,not significant,5.0
06075980300,1566.2658185785117,0.620820995363441,98.9027358889594,104333.0,49.0,40.0,0.0,7.0,40.0,40.0,49.0,37.0,0.0144,0.175,1.0,0.24489795918367352,10.932343482971191,0.006979877459684976,0.11053631008999801,0.0,0.0,1.0,1.0,0.0,0.0,0.0,0,-1.2332507179440768,0.064,not significant,1.0
06075017603,4879.39319229126,0.09884615553146235,0.0,132600.0,4527.0,2376.0,550.0,1096.0,2376.0,1949.0,4527.0,1460.0,0.7706,0.2297979797979798,0.8202861952861953,0.6774906118842501,30.849685668945312,0.006322443068880652,,,0.802963675507306,0.015980079785155716,0.7909507300288497,,,,1,,,not ranked (missing SVI or zero feasible capacity),
06075060703,4622.818283319473,0.1609080165043158,0.9940667033195497,191910.0,5936.0,2784.0,352.0,1552.0,2784.0,1567.0,5936.0,2487.0,0.4297,0.43103448275862066,0.5628591954022989,0.5810309973045822,26.297117233276367,0.0056885466011424935,26.45407712124422,0.23005117680802425,0.41257844349777845,0.23446178221372263,0.46070487552907846,0.23005117680802425,0.3742587762961762,0.3021549765521002,0,0.29188711619003777,0.01,high-high priority,7.0
06075015701,3930.3497490882874,0.2783291767579767,9.73076634407045,156581.0,4958.0,1217.0,173.0,651.0,1217.0,830.0,4958.0,2163.0,0.4307,0.39276910435497125,0.6820049301561216,0.563735377168213,27.744115829467773,0.007058943249491601,2.8511748045799044,0.02148906923659652,0.41372360404928776,0.6478295831660486,0.6135535860432264,0.02148906923659652,0.20837335856064168,0.1149312138986191,0,-0.09165050408039442,0.698,not significant,4.0
06075060702,2962.7875702679157,0.12539963414412414,0.0,107989.0,2359.0,1349.0,261.0,515.0,1349.0,1036.0,2359.0,406.0,0.643,0.1882876204595997,0.7679762787249814,0.827893175074184,17.767953872680664,0.005997039426985973,,,0.6568411891347167,0.10945857240129733,0.7238438100035177,,,,0,,,not ranked (missing SVI or zero feasible capacity),
06075012801,2226.1013679504395,0.2727167344236948,1.2370273590087892,236553.0,2547.0,1210.0,154.0,825.0,1210.0,761.0,2547.0,1817.0,0.2005,0.5545454545454546,0.6289256198347107,0.28661170003926184,15.168596267700195,0.006813973741755456,12.262134832534791,0.10464704834304576,0.1501076450918419,0.6280716201150788,0.5454596324126484,0.10464704834304576,0.16065045693640573,0.13264875263972575,0,0.5873493031288545,0.082,not significant,3.0
06075012403,1867.343521118164,0.09847578515901285,0.0,46185.0,2696.0,1181.0,378.0,30.0,1181.0,1155.0,2696.0,254.0,0.9441,-0.29466553767993225,0.9779847586790855,0.905786350148368,11.796838760375977,0.006317444341099081,,,1.0,0.01467623313548365,0.9932577795790523,,,,1,,,not ranked (missing SVI or zero feasible capacity),
06075061506,4751.25715637207,0.1793909842851541,0.15000000000000002,250001.0,4918.0,2762.0,20.0,2281.0,2762.0,1708.0,4918.0,1874.0,0.0478,0.8186097031136857,0.6183924692251991,0.6189507930052867,24.613563537597656,0.0051804317736386,164.09042358398435,1.0,0.0,0.2995289620144742,0.5319469498844682,1.0,0.6050706556978289,0.8025353278489145,0,1.447937675785994,0.012,high-high priority,10.0
06075011001,2183.6192932128906,0.11804597364881864,0.0,117750.0,2327.0,1405.0,354.0,587.0,1405.0,1093.0,2327.0,1468.0,0.2692,0.16583629893238433,0.7779359430604982,0.36914482165878815,15.249611854553223,0.006983640372638195,,,0.22878017498053227,0.083570849427621,0.7366207831279261,,,,0,,,not ranked (missing SVI or zero feasible capacity),
06075012002,1786.4545211791992,0.0943295196560559,0.0,71619.0,2035.0,1359.0,259.0,306.0,1359.0,1183.0,2035.0,529.0,0.8642,0.034584253127299486,0.8704930095658573,0.74004914004914,9.70928955078125,0.0054349491888393345,,,0.9101507031285785,7.977837878345819e-05,0.8553596393156627,,,,1,,,not ranked (missing SVI or zero feasible capacity),
06075011002,2082.7221488952637,0.12386407183288638,0.0,155575.0,1755.0,1129.0,198.0,593.0,1129.0,772.0,1755.0,686.0,0.5121,0.34986713906111605,0.6837909654561559,0.6091168091168091,11.888387680053711,0.005708100663528093,,,0.5069396729421465,0.10405280043949426,0.6158448404729973,,,,0,,,not ranked (missing SVI or zero feasible capacity),
06075015402,2242.8923559188843,0.2515997281968594,1.1858388543128968,207292.0,2747.0,1331.0,43.0,978.0,1331.0,1006.0,2747.0,1669.0,0.0213,0.7024793388429752,0.7558226897069872,0.3924281033855115,15.050466537475586,0.00671029374091812,12.691831173128648,0.10844397014561204,0.0,0.5537316084184954,0.7082523126380635,0.10844397014561204,0.12116224381003171,0.11480310697782187,0,0.17766471764075947,0.658,not significant,2.0
06075013402,1756.6433486938477,0.28364308281060385,0.4126919627189637,170190.0,2302.0,1205.0,33.0,707.0,1205.0,920.0,2302.0,1549.0,0.0388,0.5593360995850623,0.7634854771784232,0.32710686359687224,11.514270782470703,0.006554700355671025,27.90039986873146,0.24283130513281354,0.0,0.6665365832901873,0.7180826870645839,0.24283130513281354,0.17143516507287868,0.2071332351028461,0,0.6266382189373874,0.04,low-low priority,3.0
06075020601,2559.4397025108337,0.33625426316068746,3.321287190914153,182465.0,3073.0,1399.0,233.0,807.0,1399.0,853.0,3073.0,1859.0,0.3317,0.41029306647605435,0.6097212294496068,0.3950536934591604,15.85287857055664,0.006193886324028193,4.773112850320326,0.03847187262507331,0.30035270944986486,0.8517482425842985,0.520822860373444,0.03847187262507331,0.14659714823234457,0.09253451042870894,0,-0.24478027512414866,0.472,not significant,3.0
06075010101,1872.7501108497381,0.17292330885380372,1.1293111801147462,101974.0,2004.0,1212.0,270.0,377.0,1212.0,1099.0,2004.0,770.0,0.8308,0.08828382838283828,0.9067656765676567,0.6157684630738522,10.829791069030762,0.005782827621415477,9.589731563562824,0.08103291603932253,0.8719023407081672,0.2767602483979918,0.9018928231479632,0.08103291603932253,0.45416824000782097,0.26760057802357173,1,-0.09527385830418635,0.712,not significant,9.0
06075031000,3503.2099881563336,0.28030830048438576,6.811254572868352,196389.0,4336.0,1540.0,193.0,945.0,1540.0,372.0,4336.0,1607.0,0.5479,0.4883116883116883,0.24155844155844156,0.6293819188191883,19.53525161743164,0.0055763861382778935,2.868084199238051,0.02163848556431526,0.5479364206861803,0.6547968624948421,0.04851717939603171,0.02163848556431526,0.2543774606480944,0.13800797310620483,0,0.15609204104256685,0.282,not significant,5.0
06075033100,3003.908022403717,0.22465775677938113,7.426342105865486,161193.0,3866.0,1413.0,137.0,808.0,1413.0,157.0,3866.0,1162.0,0.2829,0.4748761500353857,0.1111111111111111,0.6994309363683393,14.188188552856445,0.0047232433373586135,1.9105218087987499,0.0131771858647375,0.24446887453620997,0.45888547119668077,0.0,0.0131771858647375,0.17331987834054013,0.09324853210263882,0,0.35055478196245965,0.232,not significant,3.0
06075035300,5927.792636402883,0.24578716504166884,11.726505148410814,163657.0,6922.0,2551.0,344.0,1388.0,2551.0,653.0,6922.0,1956.0,0.4283,0.40925127401019207,0.2559780478243826,0.7174227101993643,28.942829132080078,0.004882564372164549,2.4681547286066245,0.018104592479653132,0.4109752187256654,0.5332691428444276,0.06701568652618395,0.018104592479653132,0.22290325136714528,0.1205039219233992,0,0.19662495540338096,0.338,not significant,4.0
06075042700,4230.774923324585,0.21701771556967642,0.45000000000000007,119276.0,5365.0,2594.0,381.0,1028.0,2594.0,1909.0,5365.0,1856.0,0.7304,0.24942174248265228,0.735929067077872,0.654054054054054,24.937572479248047,0.005894327382382198,55.416827731662316,0.4859744623147251,0.7569282213366314,0.4319895775841637,0.6827313439470901,0.4859744623147251,0.5931136719875589,0.539544067151142,0,0.12272271273724823,0.812,not significant,9.0
06075047902,2898.643690109253,0.2502368343058632,0.6268583178520204,126058.0,3327.0,1517.0,182.0,705.0,1517.0,727.0,3327.0,1347.0,0.4269,0.34475939353988133,0.4792353328938695,0.5951307484220019,16.578901290893555,0.005719537502130411,26.44760517448739,0.22999398880471916,0.4093719939535523,0.5489336959346176,0.3534261753805971,0.22999398880471916,0.3259371378959103,0.27796556335031475,0,0.0014017699968528101,0.734,not significant,6.0
06075060100,3330.666966946148,0.5601452300153299,204.5714312911108,236190.0,3808.0,1338.0,47.0,904.0,1338.0,1338.0,3808.0,2081.0,0.1447,0.64050822122571,1.0,0.45351890756302526,22.90833282470703,0.006878001629118576,0.11198207237504165,0.0,0.08620768631762173,1.0,1.0,0.0,0.030172690211167603,0.015086345105583801,0,1.0785645405930233,0.072,not significant,1.0
06075022802,1281.4515382051468,0.21406870295467362,1.4688441753387451,137969.0,2236.0,751.0,60.0,359.0,751.0,422.0,2236.0,1005.0,0.7227,0.3981358189081225,0.5619174434087882,0.5505366726296959,9.067944526672363,0.007076307028647604,6.173523835216293,0.05084631126645472,0.7481104850900095,0.4216079150540801,0.45949672839624445,0.05084631126645472,0.3740206381566186,0.21243347471153667,0,-0.05578015879912491,0.598,not significant,7.0
06075023103,4135.202267654531,0.21090155722598974,24.467964792251532,28393.0,4512.0,1518.0,695.0,9.0,1518.0,1473.0,4512.0,0.0,0.9425,-0.4519104084321476,0.9703557312252964,1.0,28.23335075378418,0.006827562214942877,1.1538904438314814,0.0064913711282673535,0.9998167743117584,0.4104583397787771,0.9834707149292093,0.0064913711282673535,0.44161280560643257,0.22405208836734997,1,0.07374621858772001,0.768,not significant,8.0
06075026001,3946.9741439819336,0.20780980030673715,0.38445193767547614,119088.0,6010.0,1785.0,122.0,803.0,1785.0,841.0,6010.0,805.0,0.7169,0.3815126050420168,0.4711484593837535,0.8660565723793677,20.662166595458984,0.00523493842161677,53.74447250907173,0.4711970453194718,0.7414685538912554,0.3995741622078036,0.3430517529082678,0.4711970453194718,0.5851763921905048,0.5281867187549882,0,1.4780270195062284,0.01,high-high priority,9.0
06075026404,2563.304153442383,0.2163210868086989,1.1960180521011354,83500.0,2404.0,694.0,121.0,197.0,694.0,310.0,2404.0,153.0,0.6561,0.10951008645533142,0.44668587896253603,0.9363560732113145,11.810776710510254,0.004607637644034167,9.875082311476293,0.08355435821552042,0.6718427923594887,0.4295371754925531,0.3116693968301643,0.08355435821552042,0.3624915801096983,0.22302296916260936,0,0.03028572511603767,0.722,not significant,7.0
06075010600,3001.6973190307617,0.13676094122302646,0.6000000000000001,86111.0,3293.0,1836.0,483.0,471.0,1836.0,1641.0,3293.0,893.0,0.8493,-0.006535947712418301,0.8937908496732027,0.7288187063467962,17.288131713867188,0.005759452028777329,28.81355285644531,0.25090019043757894,0.8930878109110897,0.1494547580377233,0.8852477828193335,0.25090019043757894,0.5656126153320123,0.40825640288479564,1,0.32989258706801444,0.498,not significant,9.0
06075011300,2857.686477661133,0.08636028065750029,0.0,35507.0,2518.0,1333.0,497.0,247.0,1333.0,1203.0,2518.0,488.0,0.9356,-0.18754688672168043,0.9024756189047262,0.8061953931691819,12.917810440063477,0.0045203735752831885,,,0.9919151665063441,0.0,0.896389228888671,,,,1,,,not ranked (missing SVI or zero feasible capacity),
06075011700,1607.423560142517,0.08970777271088304,1.4919350147247314,51964.0,1947.0,1111.0,285.0,266.0,1111.0,983.0,1947.0,825.0,0.9222,-0.017101710171017102,0.8847884788478848,0.576271186440678,10.758342742919922,0.006692910947482982,7.21099956549038,0.06001374847214957,0.9765700151161193,0.0,0.873698894602201,0.06001374847214957,0.5218063795267165,0.29091006399943303,1,0.8053760297361324,0.048,high-high priority,9.0
06075013300,3444.6837940216064,0.30567839659437607,4.8230030059814455,177898.0,4160.0,1999.0,381.0,1054.0,1999.0,1181.0,4160.0,2835.0,0.4814,0.3366683341670835,0.5907953976988495,0.3185096153846154,22.800561904907227,0.006619058023403646,4.727461682406204,0.038068485632002366,0.47178324401081034,0.7441093919936204,0.49654344336797573,0.038068485632002366,0.22254196942074175,0.13030522752637205,0,0.2750401695142078,0.184,not significant,4.0
06075016000,2797.2932090759277,0.16115048736333848,0.15000000000000002,141304.0,2725.0,1724.0,339.0,523.0,1724.0,1290.0,2725.0,934.0,0.7357,0.10672853828306264,0.7482598607888631,0.6572477064220184,14.796992301940918,0.0052897537712283775,98.64661534627277,0.8679654350267013,0.7629975722596307,0.23531537321531643,0.698550172226887,0.8679654350267013,0.8157345618219238,0.8418499984243126,0,2.3965692787330704,0.012,high-high priority,10.0
06075016400,3094.5431804656982,0.29612224783247326,1.7586214661598203,183281.0,3481.0,1679.0,176.0,933.0,1679.0,1430.0,3481.0,2209.0,0.2368,0.4508636092912448,0.851697438951757,0.3654122378626832,20.535736083984375,0.006636112306855563,11.67717810747917,0.09947820064038228,0.1916769731116303,0.7104680603056387,0.8312473306570377,0.09947820064038228,0.16025583186341594,0.12986701625189911,0,-0.29964482923394026,0.37,not significant,3.0
06075017700,2577.9590439964086,0.10925716270539153,0.7006489157676699,178125.0,2360.0,1174.0,88.0,649.0,1174.0,887.0,2360.0,1005.0,0.5527,0.4778534923339012,0.7555366269165247,0.5741525423728814,17.136730194091797,0.006647402034566873,24.458369674797602,0.21241652554596188,0.553433191333425,0.05263084300269783,0.7078853307336033,0.21241652554596188,0.44201525328927493,0.3272158894176184,0,0.5345585610652706,0.028,high-high priority,8.0
06075018000,4724.159562058747,0.09383325348826685,0.0,209083.0,3636.0,1525.0,155.0,969.0,1525.0,1131.0,3636.0,1122.0,0.6099,0.5337704918032787,0.741639344262295,0.6914191419141914,27.711692810058594,0.005865951910816087,,,0.6189363748797581,0.0,0.6900568978674282,,,,0,,,not ranked (missing SVI or zero feasible capacity),
06075021400,2765.6928672790527,0.272163327289175,0.7002881169319154,228056.0,3522.0,1716.0,137.0,1117.0,1716.0,1039.0,3522.0,2439.0,0.1019,0.5710955710955711,0.6054778554778555,0.307495741056218,18.001659393310547,0.006508914856847774,25.706075768040964,0.22344161936473445,0.03719481471302277,0.626123413422745,0.5153791553079492,0.22344161936473445,0.18082048281851343,0.20213105109162394,0,0.6467597394005685,0.022,low-low priority,3.0
06075022600,5691.75022649765,0.13021280824574233,1.65,243007.0,4210.0,2185.0,31.0,1707.0,2185.0,1761.0,4210.0,1809.0,0.1442,0.7670480549199085,0.8059496567505721,0.5703087885985748,34.091880798339844,0.0059897007847650886,20.661745938387785,0.17886845431735351,0.08563510604186707,0.12640280280822322,0.7725587881525076,0.17886845431735351,0.2504460938520967,0.21465727408472512,0,0.15750511354545485,0.28,not significant,4.0
06075022801,4219.689886569977,0.1684578432009735,0.0,143531.0,4755.0,1895.0,293.0,913.0,1895.0,1016.0,4755.0,1767.0,0.6369,0.32717678100263853,0.5361477572559367,0.628391167192429,27.538450241088867,0.006526178695912133,,,0.6498557097705098,0.26104008592343464,0.42643752315523364,,,,0,,,not ranked (missing SVI or zero feasible capacity),
06075025200,4212.220560312271,0.3197406518594599,10.358901309967054,163321.0,5610.0,2463.0,394.0,1313.0,2463.0,773.0,5610.0,2916.0,0.2146,0.37312220868859114,0.31384490458790093,0.4802139037433155,27.072547912597656,0.006427143955299113,2.613457460642972,0.019388529667665435,0.16625440886812334,0.7936139576340943,0.14125144877219165,0.019388529667665435,0.09884121429256175,0.059114871980113594,0,0.25134355319958,0.588,not significant,2.0
06075025100,2583.235034763813,0.28948303700973815,7.596795928478248,139600.0,3342.0,1306.0,62.0,615.0,1306.0,522.0,3342.0,1793.0,0.2763,0.4234303215926493,0.3996937212863706,0.4634949132256134,18.101850509643555,0.0070074345795246695,2.382827007605248,0.01735061192728058,0.23691081489624846,0.6870954759100818,0.25138448004384223,0.01735061192728058,0.13852976979081497,0.07794019085904777,0,0.0465943871827691,0.908,not significant,2.0
06075025800,1675.137154340744,0.21869765120230134,0.5107450246810914,82546.0,1776.0,621.0,123.0,197.0,621.0,321.0,1776.0,192.0,0.7491,0.11916264090177134,0.5169082125603864,0.8918918918918919,8.697042465209961,0.005191839034000002,17.02814916433182,0.14676093672928114,0.7783427236498557,0.4379035993558738,0.401755652640353,0.14676093672928114,0.43011488173870893,0.28843790923399504,0,0.3873972664377048,0.082,not significant,8.0
06075025900,3471.36076480709,0.23799386716118753,10.136514055728925,151418.0,4134.0,1444.0,168.0,760.0,1444.0,163.0,4134.0,619.0,0.6118,0.4099722991689751,0.1128808864265928,0.8502660861151428,16.944055557250977,0.004881098999859379,1.671586056517584,0.011065880085416408,0.6211121799276258,0.5058337266037629,0.0,0.011065880085416408,0.29704714402681276,0.1540565120561146,0,-0.09757637929668786,0.072,not significant,6.0
06075030201,3081.7733583450317,0.21747779632521388,1.1512250423431398,115292.0,4120.0,1971.0,236.0,820.0,1971.0,1442.0,4120.0,1806.0,0.707,0.2962962962962963,0.7316083206494165,0.5616504854368932,20.0403995513916,0.006502879096259583,17.40789056377933,0.15011644214714576,0.7301314644313132,0.433609239404624,0.6771883799340469,0.15011644214714576,0.4155628477138389,0.2828396449304923,0,-0.06253200452477832,0.774,not significant,8.0
06075026401,3005.322389602661,0.19803163794994028,1.4295828580856322,80563.0,3470.0,1035.0,151.0,299.0,1035.0,296.0,3470.0,157.0,0.7008,0.14299516908212562,0.28599033816425123,0.9547550432276657,14.514366149902344,0.004829553794333963,10.152868067639442,0.08600895392504065,0.7230314690119554,0.36515125698312184,0.10551760929751469,0.08600895392504065,0.3912928025692364,0.23865087824713851,0,0.08187973175269056,0.53,not significant,7.0
06075042602,2857.5809149742126,0.2847366091116334,2.4175335645675653,168667.0,3060.0,1346.0,101.0,749.0,1346.0,745.0,3060.0,1353.0,0.2494,0.4814264487369985,0.5534918276374443,0.557843137254902,17.210426330566406,0.0060227258099257415,7.11900202041038,0.05920083141492244,0.20610599606064772,0.6703862178991761,0.4486877430087397,0.05920083141492244,0.1511795816438115,0.10519020652936698,0,0.23257016605645514,0.488,not significant,3.0
06075047801,3626.5526790618896,0.2447922721043872,2.038012599945068,171120.0,4227.0,1703.0,63.0,967.0,1703.0,783.0,4227.0,1824.0,0.3669,0.5308279506752789,0.45977686435701703,0.5684882895670689,17.519420623779297,0.004830874434812068,8.596325961994303,0.07225489530455413,0.340662360862993,0.5297667357418349,0.3284634536299338,0.07225489530455413,0.22589426359304937,0.14907457944880176,0,-0.3787866193199121,0.058,not significant,4.0
06075980900,1647.8908728374208,0.08149287344017009,8.208545744419107,53800.0,322.0,180.0,65.0,52.0,180.0,156.0,322.0,32.0,0.5685,-0.07222222222222222,0.8666666666666667,0.9006211180124224,11.088565826416016,0.006728944257894437,1.3508563114184995,0.008231818803406859,0.5715267280472722,0.0,0.8504509316784598,0.008231818803406859,0.3541502642182487,0.18119104151082777,0,-0.04139881738546816,0.458,not significant,7.0
06075012301,2581.298126220703,0.06771395229512737,0.0,24284.0,1766.0,1311.0,689.0,79.0,1311.0,1283.0,1766.0,657.0,0.9518,-0.4652936689549962,0.9786422578184591,0.6279728199320498,17.525131225585938,0.006789270502142504,,,1.0,0.0,0.9941012667238088,,,,1,,,not ranked (missing SVI or zero feasible capacity),
06075980501,369.2822022521061,0.5348444752283618,69.54238263368578,13569.0,155.0,123.0,115.0,0.0,123.0,123.0,155.0,0.0,,-0.9349593495934959,1.0,1.0,1.6064428091049194,0.004350176638104572,0.023100198012582493,0.0,,1.0,1.0,0.0,,,0,,,not ranked (missing SVI or zero feasible capacity),
06075013102,2528.9233922958374,0.3338841697975491,2.1297890782356252,250001.0,2725.0,1565.0,56.0,971.0,1565.0,1084.0,2725.0,1778.0,0.2894,0.5846645367412141,0.6926517571884984,0.3475229357798165,17.891643524169922,0.007074806448734422,8.400664510399237,0.07052597382838716,0.25191241812102055,0.8434045992456042,0.6272121008555979,0.07052597382838716,0.14692164336971014,0.10872380859904865,0,-0.025319629933273306,0.956,not significant,3.0
06075017102,3198.2691040039062,0.3510653966436019,1.6398630738258357,176304.0,3550.0,1538.0,125.0,922.0,1538.0,1034.0,3550.0,2544.0,0.1744,0.5182054616384916,0.6723016905071522,0.28338028169014085,22.332780838012695,0.006982771027633145,13.618686336969487,0.1166339318626347,0.12021895469744859,0.9038891485693662,0.601105572933742,0.1166339318626347,0.11481022779001943,0.11572207982632707,0,1.1220735976595313,0.016,low-low priority,2.0
06075025702,3645.265335559845,0.16285942880090903,0.15000000000000002,104250.0,4601.0,1135.0,139.0,389.0,1135.0,440.0,4601.0,374.0,0.6767,0.22026431718061673,0.3876651982378855,0.9187133231906107,17.07744026184082,0.004684827766925242,113.84960174560545,1.0,0.6954330997205808,0.24133150661477176,0.23595342629148228,1.0,0.8572018589099876,0.9286009294549937,0,0.5855467212476599,0.574,not significant,10.0
06075031201,4459.312860488892,0.20677534603809153,0.7488047480583192,107648.0,5906.0,1789.0,171.0,673.0,1789.0,862.0,5906.0,967.0,0.7532,0.2806036892118502,0.48183342649524874,0.8362682018286488,23.4066219329834,0.0052489301973796115,31.258645185781354,0.27250573718650634,0.7830378819110438,0.39593248395073277,0.3567591965549295,0.27250573718650634,0.5009262546695086,0.3867159959280074,0,-0.10500655383618318,0.8,not significant,9.0
06075032801,3217.0078946352005,0.22906878416966878,4.686980283260346,148231.0,3946.0,1313.0,105.0,602.0,1313.0,464.0,3946.0,766.0,0.7284,0.37852246763137853,0.3533891850723534,0.8058793715154586,15.794904708862305,0.004909812231173713,3.36995330773508,0.026073146928787934,0.7546379002336128,0.47441398997749257,0.19198169348256233,0.026073146928787934,0.3559977400495345,0.1910354434891612,0,-0.11927862727715437,0.046,high-low outlier,7.0
06075033204,3246.575384527445,0.35390239654351835,23.12014263868327,71750.0,3327.0,1634.0,498.0,453.0,1634.0,1634.0,3327.0,822.0,0.7877,-0.027539779681762546,1.0,0.7529305680793508,19.496112823486328,0.0060051317201507345,0.843252272625108,0.003746481927366262,0.8225459209381154,0.9138764831127913,1.0,0.003746481927366262,0.3026828408251048,0.15321466137623554,1,0.027573129675903394,0.562,not significant,6.0
06075026201,2950.8211488723755,0.20836213604400033,2.009587144851684,149067.0,3928.0,999.0,59.0,476.0,999.0,372.0,3928.0,164.0,0.6629,0.4174174174174174,0.37237237237237236,0.9582484725050917,11.998836517333984,0.004066270340348893,5.9707968117100725,0.04905495634251861,0.6796298841097522,0.40151859716830507,0.21633469030827,0.04905495634251861,0.3521701480344268,0.2006125521884727,0,-0.0017557627331869934,0.988,not significant,6.0
06075020101,3306.4358739852905,0.10850684387420399,0.0,140132.0,4221.0,1917.0,332.0,852.0,1917.0,1432.0,4221.0,1397.0,0.693,0.2712571726656234,0.747000521648409,0.6690357735133854,19.800519943237305,0.005988478439586817,,,0.7140992167101826,0.04998943114310551,0.6969346014797166,,,,0,,,not ranked (missing SVI or zero feasible capacity),
06075017602,3163.9395681619644,0.08984627885988257,0.0,83468.0,3251.0,1534.0,471.0,547.0,1534.0,1398.0,3251.0,760.0,0.7651,0.04954367666232073,0.9113428943937418,0.7662257766840972,20.245100021362305,0.006398699970468571,,,0.7966652924740047,0.0,0.9077648071002634,,,,1,,,not ranked (missing SVI or zero feasible capacity),
06075061502,2223.5148861408234,0.15798927623368167,0.1677380681037903,119524.0,2195.0,1409.0,169.0,619.0,1409.0,1150.0,2195.0,1558.0,0.7765,0.319375443577005,0.8161816891412349,0.2902050113895216,13.651145935058594,0.006139444363582289,81.38370788085955,0.7154253653567464,0.8097201227612111,0.22418669001895433,0.7856851745907902,0.7154253653567464,0.7574867221419539,0.7364560437493501,1,0.9514244181606342,0.254,not significant,10.0
06075045201,2654.116463661194,0.2760531420011054,2.7594268083572375,178750.0,3113.0,1324.0,105.0,728.0,1324.0,646.0,3113.0,1261.0,0.364,0.4705438066465257,0.4879154078549849,0.5949245101188564,16.07033920288086,0.006054873410005827,5.823796142811258,0.04775601569070306,0.33734139526361595,0.6398170624218618,0.36456159930251864,0.04775601569070306,0.19597493682433784,0.12186547625752045,0,0.04550804903678887,0.886,not significant,3.0
06075061401,2436.6344413757324,0.2687874975088535,5.218496620655062,143665.0,2900.0,1459.0,184.0,698.0,1459.0,601.0,2900.0,1479.0,0.5244,0.3522960932145305,0.4119259766963674,0.49,15.425204277038574,0.006330536913994144,2.955871278326572,0.022414197719820596,0.5210251477257112,0.6142391897473332,0.26707689631002945,0.022414197719820596,0.2514300221018092,0.1369221099108149,0,0.1015245489072563,0.504,not significant,5.0
06075060701,9190.908927654382,0.19802080609671696,4.315338730812072,248177.0,8415.0,3343.0,149.0,2166.0,3343.0,2200.0,8415.0,1611.0,0.468,0.6033502841758899,0.6580915345498055,0.8085561497326204,55.29564666748047,0.006016341485128012,12.813744207995184,0.10952122916872131,0.45643809262058543,0.3651131246793915,0.5828757637108342,0.10952122916872131,0.3097469782996568,0.20963410373418906,0,-0.0394126126539936,0.162,not significant,6.0
06075061504,1887.4056701660156,0.19996262695295391,0.15,249539.0,2133.0,1179.0,104.0,882.0,1179.0,807.0,2133.0,390.0,0.271,0.6598812553011026,0.6844783715012722,0.8171589310829817,12.834836959838867,0.006800253471056871,85.56557973225912,0.752377600942865,0.2308414639732491,0.3719490835087202,0.6167266943455908,0.752377600942865,0.5511909503357616,0.6517842756393133,0,0.8992734776664424,0.04,high-high priority,9.0
06075025502,3698.136775135994,0.21363771776399337,1.3983091950416564,168483.0,3451.0,1220.0,69.0,661.0,1220.0,323.0,3451.0,1139.0,0.5914,0.4852459016393443,0.2647540983606557,0.6699507389162562,18.49336814880371,0.00500072584473938,13.225521375658824,0.11315981194915706,0.5977509046768357,0.4200906808508951,0.07827423481285105,0.11315981194915706,0.35277912048383675,0.2329694662164969,0,0.03324925426685526,0.598,not significant,6.0
06075061102,1116.6383666992188,0.062382065481981455,0.0,42558.0,2017.0,917.0,362.0,81.0,917.0,801.0,2017.0,82.0,0.9635,-0.3064340239912759,0.8735005452562704,0.9593455627169063,7.0441203117370605,0.006308327316890848,,,1.0,0.0,0.8592179222248643,,,,1,,,not ranked (missing SVI or zero feasible capacity),
06075045202,2913.955726623535,0.20810425651242148,0.0021037697792053445,151480.0,3304.0,1465.0,94.0,755.0,1465.0,1071.0,3304.0,1532.0,0.2462,0.45119453924914676,0.7310580204778157,0.536319612590799,15.589620590209961,0.005349985398808375,7410.3263314765445,1.0,0.20244148229581785,0.4006107616925775,0.6764824153286105,1.0,0.6607629045496496,0.8303814522748247,0,-0.5611426366915279,0.436,not significant,10.0
06075012404,2463.3582153320312,0.08455608346882988,0.0,35074.0,2587.0,1499.0,545.0,45.0,1499.0,1499.0,2587.0,783.0,0.8771,-0.333555703802535,1.0,0.697332817935833,17.3454647064209,0.007041389513901021,,,0.9249232742430488,0.0,1.0,,,,1,,,not ranked (missing SVI or zero feasible capacity),
06075012204,1615.0478820800781,0.18848346447888412,0.0,65217.0,2389.0,1566.0,401.0,280.0,1566.0,1347.0,2389.0,1003.0,0.7789,-0.0772669220945083,0.8601532567049809,0.5801590623691921,11.157814979553223,0.006908658934113255,,,0.8124685080848335,0.33153800139685907,0.842095061317253,,,,1,,,not ranked (missing SVI or zero feasible capacity),
06075011101,2480.134479522705,0.10945430996694736,0.0,112418.0,2470.0,1473.0,156.0,529.0,1473.0,1319.0,2470.0,1100.0,0.5375,0.253224711473184,0.8954514596062457,0.5546558704453441,15.456182479858398,0.006231993711418785,,,0.5360267509504832,0.053324877449275054,0.8873781325750932,,,,0,,,not ranked (missing SVI or zero feasible capacity),
06075031301,3109.639751434326,0.24461607545379116,0.5038997888565064,132222.0,3847.0,1560.0,222.0,668.0,1560.0,411.0,3847.0,668.0,0.5375,0.2858974358974359,0.26346153846153847,0.8263582011957369,16.08830451965332,0.005173687566938442,31.927587340654203,0.2784167045663591,0.5360267509504832,0.5291464555313965,0.07661604608917934,0.2784167045663591,0.3974457467861392,0.3379312256762491,0,-0.05465554916602836,0.762,not significant,7.0
06075032902,2949.6823658943176,0.212232805788517,2.5499999999999994,113265.0,3797.0,1330.0,93.0,502.0,1330.0,260.0,3797.0,777.0,0.4106,0.3075187969924812,0.19548872180451127,0.7953647616539373,13.833763122558594,0.004689916203355109,5.425005146101411,0.0442321824926309,0.39070587696395037,0.41514484849342487,0.0,0.0442321824926309,0.24659142090968433,0.1454118017011576,0,-0.1003836342559402,0.518,not significant,4.0
06075980600,1423.9797885568769,0.18226077294135112,33.01157407760607,142321.0,1290.0,573.0,69.0,268.0,573.0,222.0,1290.0,242.0,0.538,0.3472949389179756,0.387434554973822,0.8124031007751937,7.933433532714844,0.005571310489424102,0.24032278842760835,0.0,0.5365993312262379,0.3096317256343143,0.23565754053800805,0.0,0.2913650070840361,0.14568250354201806,0,-0.033325520354840536,0.612,not significant,5.0
06075012700,3130.9985238313675,0.22549288234917406,4.303476309776305,250001.0,3973.0,2074.0,149.0,1514.0,2074.0,1461.0,3973.0,3180.0,0.0315,0.6581485053037609,0.7044358727097396,0.1995972816511452,21.255308151245117,0.00678866757344722,4.9391019309108195,0.039938600403603954,0.0,0.4618254355059978,0.6423296110685573,0.039938600403603954,0.1006954848759023,0.07031704263975312,0,0.7731623565553957,0.08,not significant,2.0
06075021000,3462.05588722229,0.22699198432951823,0.39859993457794196,157027.0,3739.0,1758.0,96.0,930.0,1758.0,1037.0,3739.0,2300.0,0.4555,0.47440273037542663,0.5898748577929466,0.3848622626370687,23.231639862060547,0.006710359572126948,58.28310003778449,0.511301677799424,0.4421235857267189,0.46710285303176124,0.49536250862545395,0.511301677799424,0.4903286659492994,0.5008151718743618,0,-0.11646683264754829,0.7,not significant,9.0
06075022803,3498.693878173828,0.24490617698849962,0.0,158545.0,4098.0,1422.0,118.0,812.0,1422.0,815.0,4098.0,1341.0,0.6059,0.4880450070323488,0.5731364275668073,0.6727672035139092,21.140644073486328,0.006042438924242455,,,0.6143557326737208,0.5301677248937182,0.4738892474853665,,,,0,,,not ranked (missing SVI or zero feasible capacity),
06075025300,3255.0029306411743,0.23545789434846007,0.8725703597068788,189688.0,4218.0,1692.0,82.0,1070.0,1692.0,819.0,4218.0,1851.0,0.3564,0.5839243498817966,0.48404255319148937,0.5611664295874822,21.255184173583984,0.006530004619503403,24.359278237143197,0.2115409247913507,0.3286381750721451,0.4969061235839371,0.3595932230316677,0.2115409247913507,0.29625790513333555,0.25389941496234314,0,0.029347792227606938,0.594,not significant,5.0
06075016900,3470.2320594787598,0.2682004072760209,0.6124083995819093,174545.0,2890.0,1620.0,292.0,859.0,1620.0,1102.0,2890.0,1946.0,0.28,0.35,0.6802469135802469,0.32664359861591696,20.402034759521484,0.005879155748041224,33.314426734594,0.2906712206840211,0.241147908936833,0.6121724055494736,0.6112982760462706,0.2906712206840211,0.2879115176374811,0.2892913691607511,0,-0.0067122696099049094,0.924,not significant,5.0
06075023001,4310.266163825989,0.18315515732118015,2.2618840217590326,140179.0,5576.0,1319.0,126.0,611.0,1319.0,522.0,5576.0,446.0,0.7091,0.36770280515542075,0.3957543593631539,0.9200143472022956,19.257122039794922,0.004467733849341086,8.513753072458133,0.07152525724399378,0.7325363015894827,0.31278030382496885,0.24633078348092025,0.07152525724399378,0.3952332886045705,0.23337927292428215,0,0.0700139103356706,0.636,not significant,7.0
06075025403,3130.458319425583,0.28201946967640107,6.634662389755256,128947.0,4686.0,1380.0,268.0,629.0,1380.0,670.0,4686.0,878.0,0.6965,0.26159420289855073,0.4855072463768116,0.8126333760136577,19.554960250854492,0.00624667644654751,2.947393416890328,0.022339284871175147,0.7181072786404653,0.66082083844971,0.3614722367046114,0.022339284871175147,0.3133840641922939,0.16786167453173453,0,-0.007300440073275776,0.734,not significant,6.0
06075016801,3639.203285217285,0.19277668976089882,0.15000000000000002,148173.0,4013.0,1997.0,225.0,989.0,1997.0,1608.0,4013.0,1735.0,0.2665,0.38257386079118677,0.8052078117175764,0.567655120857214,23.26301383972168,0.006392337007997815,155.08675893147785,1.0,0.22568824149145714,0.3466518112926697,0.7716070960342039,1.0,0.6769931128281095,0.8384965564140547,0,-0.045088698659349426,0.944,not significant,10.0
06075020402,3971.0069635510445,0.36408251205448217,20.48163963556288,158451.0,4083.0,2385.0,293.0,1225.0,2385.0,1621.0,4083.0,2525.0,0.1577,0.3907756813417191,0.679664570230608,0.38158216997305905,22.110780715942383,0.005568053876231428,1.0795415361937517,0.00583440256293925,0.10109477348724293,0.9497144185676708,0.6105512041493814,0.00583440256293925,0.045843209216854024,0.025838805889896635,0,1.6219819013736922,0.002,low-low priority,1.0
06075032901,3940.439163684845,0.19801788810204368,3.4542576432228076,167723.0,5071.0,1642.0,110.0,1066.0,1642.0,430.0,5071.0,1039.0,0.482,0.582216808769793,0.2618757612667479,0.7951094458686649,18.48526382446289,0.00469116843493573,5.351443271966309,0.043582168384167265,0.4724703403417159,0.3651028522119872,0.07458169714763062,0.043582168384167265,0.28239027547988615,0.16298622193202672,0,0.08662978785048175,0.276,not significant,5.0
06075042601,3006.485270500183,0.2191501053033072,0.45000000000000007,136458.0,3999.0,1706.0,93.0,801.0,1706.0,1268.0,3999.0,1685.0,0.5197,0.41500586166471276,0.7432590855803048,0.5786446611652913,16.266677856445312,0.005410529702591577,36.148173014322914,0.3157110267423499,0.5156428931336174,0.4394964124089949,0.6921348184269498,0.3157110267423499,0.4224060641065918,0.36905854542447086,0,-0.010548495100674977,0.97,not significant,8.0
06075010500,2425.1336938161403,0.22232888803471498,3.0848190784454332,171667.0,3177.0,1738.0,195.0,916.0,1738.0,1374.0,3177.0,1352.0,0.4234,0.4148446490218642,0.7905638665132336,0.5744412968209003,11.882331848144531,0.004899660533538149,3.8518731718077044,0.03033153096915061,0.4053639320232697,0.45068695442500517,0.7528207907925736,0.03033153096915061,0.23944009852896891,0.13488581474905975,0,-0.21553253917037143,0.228,not significant,4.0
06075023102,2759.137593269348,0.32470032999659104,12.121081626415272,46331.0,3411.0,1128.0,351.0,156.0,1128.0,725.0,3411.0,79.0,0.9472,-0.17287234042553193,0.6427304964539007,0.9768396364702433,18.758005142211914,0.006798502977151365,1.5475520849008149,0.009969879848505546,1.0,0.8110739387869659,0.5631695201766532,0.009969879848505546,0.38332384910620787,0.19664686447735671,0,0.07785834034267357,0.516,not significant,7.0
06075030302,3026.198142051697,0.3046893356902542,5.880820012092595,170000.0,3492.0,1318.0,98.0,741.0,1318.0,436.0,3492.0,1350.0,0.1575,0.48786039453717756,0.330804248861912,0.6134020618556701,15.747640609741211,0.005203770497018629,2.6777967319795026,0.01995705017626758,0.10086574137694106,0.7406275158985318,0.16300811432806814,0.01995705017626758,0.08418740718528339,0.05207222868077549,0,-0.1159873847893555,0.818,not significant,2.0
06075033001,2957.735474586487,0.22718558284162566,3.989733135700224,162379.0,3858.0,1373.0,16.0,759.0,1373.0,197.0,3858.0,988.0,0.406,0.5411507647487254,0.1434814275309541,0.7439087610160705,14.497499465942383,0.004901553769939227,3.633701546656949,0.028403703054462374,0.3854381384270075,0.4677843945106958,0.0,0.028403703054462374,0.22893754080007944,0.1286706219272709,0,0.19189756610072636,0.304,not significant,4.0
06075012406,1940.0274505615234,0.09728172780679804,0.0,26132.0,1358.0,947.0,440.0,134.0,947.0,799.0,1358.0,509.0,0.9469,-0.32312565997888065,0.8437170010559663,0.6251840942562592,9.187050819396973,0.0047355261992493266,,,1.0,0.01047269042793657,0.8210094514393704,,,,1,,,not ranked (missing SVI or zero feasible capacity),
06075011102,2205.855983734131,0.09962670292173113,0.0,101976.0,2205.0,1312.0,223.0,382.0,1312.0,1218.0,2205.0,715.0,0.7744,0.1211890243902439,0.9283536585365854,0.6757369614512472,13.423705101013184,0.006085485725268965,,,0.8073152856030414,0.018727907838953402,0.9295874377589788,,,,1,,,not ranked (missing SVI or zero feasible capacity),
06075061508,2273.914804458618,0.1999722187433924,0.0,177806.0,2018.0,1117.0,12.0,802.0,1117.0,699.0,2018.0,861.0,0.4731,0.7072515666965085,0.6257833482542524,0.5733399405351833,12.678436279296875,0.005575598634758616,,,0.46227841143328297,0.37198285031286515,0.5414285006213956,,,,0,,,not ranked (missing SVI or zero feasible capacity),
06075033203,3209.6737196445465,0.3728164366927183,22.274524295329996,74671.0,3339.0,1589.0,360.0,537.0,1589.0,1453.0,3339.0,907.0,0.6652,0.11139081183134046,0.9144115796098174,0.7283617849655586,18.928577423095703,0.005897352527531034,0.8497859335682516,0.0038042152551654054,0.6822637533782235,0.9804612040158113,0.9117015370152715,0.0038042152551654054,0.24362524070758923,0.12371472798137732,0,0.08458818465010863,0.65,not significant,4.0
06075016102,2362.6058492660522,0.29884674216565843,2.8672781944274894,-666666666.0,2798.0,1212.0,582.0,8.0,1212.0,1189.0,2798.0,348.0,0.9734,-0.4735973597359736,0.981023102310231,0.875625446747677,13.366453170776367,0.005657504477494068,4.661721766919534,0.03748758862444295,1.0,0.7200593318344065,0.9971555851285251,0.03748758862444295,0.41073489453706047,0.2241112415807517,1,0.4381662986355687,0.008,high-high priority,8.0
06075017604,3302.5967712402344,0.10759652239205532,0.15000000000000002,106438.0,3720.0,2175.0,375.0,774.0,2175.0,1953.0,3720.0,918.0,0.7082,0.18344827586206897,0.8979310344827586,0.7532258064516129,23.182537078857422,0.007019487598587948,154.55024719238278,1.0,0.7315056570931244,0.04678474820161049,0.8905591094122527,1.0,0.899009267752352,0.949504633876176,0,3.8108081607937616,0.002,high-high priority,10.0
06075031100,4639.335787206888,0.300747845430548,14.022041463851954,197432.0,6276.0,2387.0,205.0,1503.0,2387.0,859.0,6276.0,2440.0,0.3027,0.543778801843318,0.3598659405111018,0.6112173358827279,26.505935668945312,0.005713303991066189,1.8903050413362523,0.012998544629278798,0.26714305345609457,0.7267519490278752,0.20029054078770206,0.012998544629278798,0.1409865486700912,0.076992546649685,0,0.23700231924722015,0.566,not significant,2.0
06075042800,1986.5057801008224,0.3792350429017808,9.866406953334822,246635.0,2419.0,922.0,39.0,654.0,922.0,229.0,2419.0,1373.0,0.0983,0.6670281995661606,0.24837310195227766,0.4324100868127325,11.317927360534668,0.005697404696179762,1.1471174272524036,0.0064315227844748465,0.03307223672758921,1.0,0.05725951545986017,0.0064315227844748465,0.014791044246893644,0.010611283515684244,0,-0.57040716099473,0.334,not significant,1.0
06075015100,2852.960605621338,0.1163125183874447,0.0,170568.0,2840.0,1713.0,256.0,932.0,1713.0,1098.0,2840.0,1312.0,0.4505,0.39462930531231755,0.6409807355516638,0.5380281690140845,15.76862621307373,0.005527109691596855,,,0.4363977829691723,0.07746841790765106,0.5609248011511038,,,,0,,,not ranked (missing SVI or zero feasible capacity),
06075025402,2197.043324947357,0.22356011702562326,0.0,173352.0,3163.0,1087.0,47.0,692.0,1087.0,348.0,3163.0,1069.0,0.7136,0.593376264949402,0.3201471941122355,0.6620297186215618,12.938826560974121,0.005889199550165514,,,0.7376895240712747,0.45502135564656554,0.14933647866496721,,,,0,,,not ranked (missing SVI or zero feasible capacity),
06075026402,3046.8843673467636,0.20714121846420364,1.58848580121994,117230.0,4654.0,1262.0,98.0,541.0,1262.0,343.0,4654.0,985.0,0.5257,0.3510301109350238,0.27179080824088747,0.788354103996562,14.178829193115234,0.004653550146198099,8.926003104482296,0.07516801839140758,0.5225138564426732,0.39722049609338517,0.08730143191460109,0.07516801839140758,0.31088078453663165,0.1930244014640196,0,-0.022569403551858224,0.376,not significant,6.0
06075015401,2832.5419597625732,0.23193058891874455,0.7500000000000001,173409.0,3035.0,1632.0,98.0,865.0,1632.0,1074.0,3035.0,1568.0,0.3194,0.4699754901960784,0.6580882352941176,0.48336079077429983,17.273941040039062,0.006098388403569133,23.031921386718746,0.19981201372313678,0.2862672346663003,0.4844886471630018,0.5828715311885488,0.19981201372313678,0.2774262419203232,0.23861912782173,0,0.05939001224295934,0.558,not significant,5.0
06075017903,1968.3015716650348,0.18019568649327353,69.20090717077235,91750.0,2829.0,617.0,98.0,210.0,617.0,617.0,2829.0,838.0,0.9283,0.18152350081037277,1.0,0.7037822552138565,16.7603759765625,0.008515146366714774,0.24219878989738736,0.0,0.9835554944803261,0.30236182434928016,1.0,0.0,0.4488901494157221,0.22444507470786104,1,0.2507749889025672,0.324,not significant,8.0
06075061507,2582.2681307792664,0.1731431787255721,0.30000000000000004,167785.0,1550.0,771.0,39.0,402.0,771.0,564.0,1550.0,401.0,0.3789,0.4708171206225681,0.7315175097276264,0.7412903225806451,13.427356719970703,0.005199830552034366,44.75785573323567,0.3917886865693773,0.35440428748110486,0.2775342752019531,0.6770718811577802,0.3917886865693773,0.42830570262278234,0.41004719459607986,0,0.3877359626137079,0.07,not significant,8.0
06075031402,3260.145580291748,0.2596733557114463,10.290336334705366,165130.0,4671.0,1204.0,30.0,662.0,1204.0,151.0,4671.0,569.0,0.5287,0.5249169435215947,0.12541528239202657,0.8781845429244273,16.56439208984375,0.005080874973798383,1.6097036628412618,0.010519069262173442,0.5259493380972011,0.5821538931600476,0.0,0.010519069262173442,0.25201871899109995,0.1312688941266367,0,-0.09461124380704233,0.518,not significant,5.0
06075012302,2096.6944608688354,0.07190489037893713,0.0,55741.0,2586.0,1886.0,472.0,242.0,1886.0,1886.0,2586.0,1064.0,0.8055,-0.12195121951219512,1.0,0.588553750966744,13.738280296325684,0.006552352072620427,,,0.8429297787549814,0.0,1.0,,,,1,,,not ranked (missing SVI or zero feasible capacity),
06075030400,4235.344377040863,0.3464378090902419,28.019640278816112,140524.0,5120.0,2193.0,178.0,1021.0,2193.0,342.0,5120.0,1836.0,0.1648,0.3844049247606019,0.15595075239398085,0.64140625,21.56397819519043,0.005091434432601365,0.7696022497295798,0.003095688910825654,0.1092254134029591,0.8875982544365334,0.0,0.003095688910825654,0.0566370009809685,0.02986634494589708,0,1.0598786588338052,0.042,low-low priority,1.0
06075012503,4424.762798309326,0.0951630629400033,0.0,47301.0,4497.0,2205.0,780.0,39.0,2205.0,2194.0,4497.0,1031.0,0.9691,-0.3360544217687075,0.9950113378684807,0.7707360462530576,25.402175903320312,0.005740912464963392,,,1.0,0.0030141724312657847,1.0,,,,1,,,not ranked (missing SVI or zero feasible capacity),
06075035102,3250.995807647705,0.21708319184198901,2.6495930671691887,166741.0,3828.0,1271.0,99.0,686.0,1271.0,288.0,3828.0,1025.0,0.3727,0.4618410700236035,0.22659323367427223,0.7322361546499477,15.856972694396973,0.004877574021195206,5.984682286075906,0.04917765243130946,0.34730429206174707,0.43222007933224676,0.029318735302353797,0.04917765243130946,0.23131231653742917,0.1402449844843693,0,-0.04536069507744909,0.82,not significant,4.0
06075061505,734.7792663574219,0.1439098629423163,0.0,250001.0,1162.0,529.0,0.0,515.0,529.0,171.0,1162.0,291.0,0.0293,0.9735349716446124,0.32325141776937616,0.7495697074010327,3.123037815093994,0.004250307484281737,,,0.0,0.1746217215040976,0.1533187998460134,,,,0,,,not ranked (missing SVI or zero feasible capacity),
06075047802,2826.8503704071045,0.2261973755097294,0.6665733456611634,133625.0,3897.0,1465.0,138.0,647.0,1465.0,832.0,3897.0,1655.0,0.6814,0.34744027303754266,0.5679180887372014,0.5753143443674622,16.014554977416992,0.0056651583490464974,24.02519554923459,0.20858887302421894,0.7008153543126746,0.46430552331926433,0.4671947874379364,0.20858887302421894,0.4299339820236559,0.31926142752393744,0,0.3191427610366947,0.144,not significant,8.0
06075026302,3490.1622803288046,0.34990311475797287,13.172686088085198,99091.0,4707.0,1552.0,173.0,473.0,1552.0,463.0,4707.0,562.0,0.7694,0.19329896907216496,0.29832474226804123,0.8806033567027831,16.02726936340332,0.0045921272640346705,1.2167047218942018,0.0070464163529001395,0.8015894828454948,0.8997974677674452,0.12134106924864171,0.0070464163529001395,0.2991099070072564,0.1530781616800783,0,-0.12043715759080015,0.012,low-high outlier,6.0
06075016700,4059.622318177484,0.4246631507589309,2.2016151547431937,246989.0,5092.0,2315.0,33.0,1535.0,2315.0,1588.0,5092.0,3261.0,0.114,0.6488120950323975,0.6859611231101512,0.3595836606441477,27.002159118652344,0.006651396854763234,12.264704419606884,0.10466975396153935,0.05105125738628557,1.0,0.6186288746619756,0.10466975396153935,0.07020281706596962,0.08743628551375449,0,0.5280386558666703,0.336,not significant,1.0
06075030700,5767.039982452057,0.42645583724615804,36.75551263093927,156827.0,6600.0,2685.0,162.0,1394.0,2685.0,419.0,6600.0,3273.0,0.0727,0.45884543761638735,0.15605214152700186,0.5040909090909091,30.179353713989258,0.005233075166085021,0.8210837382957767,0.0035505943123829748,0.0037561266089505808,1.0,0.0,0.0035505943123829748,0.0030899414693241903,0.0033202678908535828,0,1.4950545138677966,0.016,low-low priority,1.0
06075060400,1747.7480947682634,0.464539797982676,160.8691024184269,100583.0,1818.0,1026.0,149.0,273.0,1026.0,742.0,1818.0,678.0,0.6088,0.12085769980506822,0.723196881091618,0.6270627062706271,10.91651725769043,0.006246047293868094,0.06785962682439874,0.0,0.6176766982730978,1.0,0.6663975808119998,0.0,0.21618684439558422,0.10809342219779211,0,0.13062758601584507,0.52,not significant,4.0
06075013200,3670.6983642578125,0.3020922757866906,3.3497579455375655,205265.0,3721.0,2209.0,222.0,1353.0,2209.0,1409.0,3721.0,2376.0,0.0633,0.5119963784517881,0.637845178813943,0.36146197258801394,24.599687576293945,0.006701636891722052,7.3437209423041505,0.061186513147302175,0.0,0.731484862743356,0.5569022836426522,0.061186513147302175,0.07087052716214769,0.06602852015472493,0,0.2870780287040459,0.632,not significant,1.0
06075020500,2114.703115463257,0.2772450797566319,1.977260935306549,248571.0,2895.0,1274.0,72.0,810.0,1274.0,723.0,2895.0,2112.0,0.15,0.5792778649921507,0.5675039246467818,0.2704663212435233,13.169004440307617,0.006227353780307243,6.660225873660894,0.0551469519900173,0.09227703724062113,0.6440131433310406,0.46666346798036035,0.0551469519900173,0.11326846752956993,0.08420770975979361,0,1.3052634944108725,0.006,low-low priority,2.0
06075030301,4950.79346370697,0.28240767010538986,5.864219188690189,191338.0,6509.0,2542.0,123.0,1610.0,2542.0,1098.0,6509.0,2577.0,0.2551,0.5849724626278521,0.43194335169158143,0.6040866492548779,27.515357971191406,0.005557767289809123,4.692075293545966,0.03775580121120456,0.21263341120425083,0.6621874537796316,0.29275662342924513,0.03775580121120456,0.14397147646014533,0.09086363883567494,0,0.6285115168157411,0.104,not significant,3.0
06075032601,3692.6784896850586,0.18999384962903557,0.45000000000000007,151500.0,4511.0,1782.0,216.0,903.0,1782.0,1015.0,4511.0,1515.0,0.509,0.38552188552188554,0.5695847362514029,0.66415428951452,19.929611206054688,0.005397061038951822,44.28802490234374,0.38763712474116635,0.5033896752324676,0.33685514003490696,0.4693328826366749,0.38763712474116635,0.46947667769671075,0.4285569012189385,0,-0.0009419163108178687,0.998,not significant,9.0
06075021800,3358.337121963501,0.33218538970394934,5.828879177570346,222891.0,3999.0,1777.0,80.0,1224.0,1777.0,676.0,3999.0,2425.0,0.0784,0.6437816544738323,0.3804164321890827,0.39359839959989995,20.152156829833984,0.006000635462723209,3.4572953420238877,0.02684492653904326,0.01028354175255371,0.8374242376985378,0.2266541882980493,0.02684492653904326,0.041408067228134754,0.03412649688358901,0,0.5238660359921937,0.378,not significant,1.0
06075012602,2564.2055295147,0.3223329107193693,15.782484912872345,237917.0,2956.0,1425.0,93.0,1022.0,1425.0,975.0,2956.0,2304.0,0.1888,0.6519298245614035,0.6842105263157895,0.2205683355886333,16.97226333618164,0.006618916908502962,1.0753860009927145,0.00579768304565329,0.1367092666391828,0.8027397092627198,0.61638308329394,0.00579768304565329,0.08033612845713266,0.04306690575139297,0,0.14963849592972933,0.76,not significant,2.0
06075020102,2209.760326385498,0.12008141072527055,0.0,108095.0,3627.0,1396.0,247.0,572.0,1396.0,1150.0,3627.0,999.0,0.9034,0.2328080229226361,0.8237822349570201,0.7245657568238213,13.3671236038208,0.006049128244457799,,,0.9550409967477439,0.09073637348182167,0.7954357009486731,,,,1,,,not ranked (missing SVI or zero feasible capacity),
06075047904,2352.9220511712483,0.33092119100069156,21.49492981433866,87494.0,3175.0,1469.0,250.0,494.0,1469.0,838.0,3175.0,1772.0,0.7126,0.16609938733832538,0.5704560925799864,0.4418897637795276,14.125869750976562,0.00600354344248035,0.6571721737632097,0.0021022240697918266,0.7365443635197654,0.8329737703653626,0.47045072115181363,0.0021022240697918266,0.2838955737120094,0.14299889889090062,0,-0.08999115853383459,0.268,not significant,5.0
06075047903,2900.3948192596436,0.22060472168905906,0.30000000000000004,148800.0,3608.0,1378.0,198.0,677.0,1378.0,593.0,3608.0,1590.0,0.6586,0.34760522496371554,0.43033381712626995,0.5593126385809313,16.071535110473633,0.00554115426070719,53.57178370157877,0.4696711168060407,0.6747056937382621,0.4446172234732743,0.29069179682555574,0.4696711168060407,0.5542899676904209,0.5119805422482309,0,0.5229649248132061,0.276,not significant,9.0
06075012203,1608.117416381836,0.10261644780635834,0.0,22982.0,1895.0,1081.0,597.0,116.0,1081.0,1081.0,1895.0,1075.0,0.9674,-0.44495837187789083,1.0,0.43271767810026385,8.904685020446777,0.005537335103603171,,,1.0,0.029252963678097037,1.0,,,,1,,,not ranked (missing SVI or zero feasible capacity),
06075015500,3292.0074043273926,0.1808155166516644,0.6000000000000001,95909.0,3936.0,2250.0,778.0,889.0,2250.0,2080.0,3936.0,1570.0,0.8238,0.04933333333333333,0.9244444444444444,0.6011178861788617,17.608806610107422,0.005348957170315105,29.3480110168457,0.2556228181401541,0.8638862168476019,0.3045438657205668,0.9245724170002243,0.2556228181401541,0.5344900051086526,0.39505641162440336,1,0.42721158497372264,0.34,not significant,9.0
06075023200,4131.260835954861,0.16372703899602967,7.050000000000006,111597.0,4214.0,1153.0,149.0,461.0,1153.0,381.0,4214.0,322.0,0.6251,0.27059843885516044,0.3304423243712056,0.9235880398671097,24.22907257080078,0.005864813075933681,3.4367478823830866,0.02666336321134611,0.6363428152626998,0.24438582934217515,0.16254381158301168,0.02666336321134611,0.34939379254629166,0.18802857787881888,0,0.04180547096251064,0.406,not significant,6.0
06075016602,1614.0855989456177,0.2213099738092799,0.0,218394.0,1986.0,988.0,35.0,685.0,988.0,790.0,1986.0,1339.0,0.0356,0.6578947368421053,0.7995951417004049,0.32578046324269894,11.35962200164795,0.007037806426789563,,,0.0,0.4470999831174719,0.7644067596021977,,,,0,,,not ranked (missing SVI or zero feasible capacity),
06075013101,3599.480010986328,0.15367857477973892,0.0,206518.0,3935.0,2343.0,116.0,1489.0,2343.0,1683.0,3935.0,2568.0,0.3676,0.5860008536064875,0.7183098591549296,0.3473951715374841,22.318470001220703,0.006200470604948575,,,0.34146397324904953,0.20901135725330192,0.6601281578836796,,,,0,,,not ranked (missing SVI or zero feasible capacity),
06075032602,3269.9051790237427,0.21000248728983703,0.060989224910736106,157550.0,4105.0,1435.0,49.0,769.0,1435.0,747.0,4105.0,1185.0,0.6059,0.5017421602787456,0.5205574912891986,0.7113276492082825,16.039560317993164,0.00490520655488301,262.99006654812683,1.0,0.6143557326737208,0.40729326662154597,0.40643720963572627,1.0,0.8039305164425704,0.9019652582212851,0,-0.4717290229771791,0.634,not significant,10.0
06075013002,1765.2494773864746,0.2225001569376471,0.45000000000000007,238008.0,2785.0,1253.0,20.0,1075.0,1253.0,976.0,2785.0,1896.0,0.075,0.8419792498004789,0.7789305666400639,0.31921005385996404,11.666584014892578,0.0066090284485824866,25.925742255316838,0.22538265631580134,0.006389995877422016,0.4512898870618794,0.7378967577307745,0.22538265631580134,0.19723434365571646,0.2113084999857589,0,0.13347998447795975,0.622,not significant,3.0
