GEOID,name,county_features,prevalence_tracts,preventable_cases,avoided_cost,adult_population,preventable_per_1000_adults
06037,Los Angeles,1,2323,273266.3125,5815105536.0,7790870,35.08
17031,Cook,1,1314,145470.9375,3095621632.0,4074847,35.7
48201,Harris,1,785,122006.8671875,2596305664.0,3515154,34.71
06073,San Diego,1,626,90099.1171875,1917309056.0,2588613,34.81
06059,Orange,1,580,90027.453125,1915784320.0,2489230,36.17
36047,Kings,1,749,88956.28125,1892989696.0,2051269,43.37
48113,Dallas,1,527,79494.8359375,1691650176.0,1941989,40.93
04013,Maricopa,1,909,79312.84375,1687777664.0,3466307,22.88
53033,King,1,397,74922.1015625,1594342144.0,1815592,41.27
42101,Philadelphia,1,376,71870.0546875,1529394816.0,1243710,57.79
36061,New York,1,281,70941.90625,1509643520.0,1398269,50.74
36081,Queens,1,646,65683.09375,1397736320.0,1869189,35.14
12086,Miami-Dade,1,511,60629.65625,1290199040.0,2144601,28.27
48439,Tarrant,1,356,57614.2578125,1226031360.0,1587266,36.3
36005,Bronx,1,333,55462.671875,1180245632.0,1071887,51.74
48029,Bexar,1,362,54542.33203125,1160660864.0,1529319,35.66
49035,Salt Lake,1,211,53981.37109375,1148723584.0,878345,61.46
06085,Santa Clara,1,372,53763.5703125,1144088576.0,1504544,35.73
06067,Sacramento,1,317,52836.94921875,1124370432.0,1218380,43.37
06065,Riverside,1,452,52459.98046875,1116348288.0,1851238,28.34
26163,Wayne,1,601,50473.6484375,1074079104.0,1352595,37.32
06001,Alameda,1,359,49939.47265625,1062712192.0,1320914,37.81
39049,Franklin,1,283,43330.21484375,922066944.0,1012711,42.79
12011,Broward,1,360,42127.16796875,896466176.0,1539395,27.37
12099,Palm Beach,1,331,40707.609375,866257920.0,1222641,33.29
39035,Cuyahoga,1,443,38208.55078125,813078016.0,991791,38.52
25017,Middlesex,1,317,35454.1640625,754464512.0,1304428,27.18
48085,Collin,1,152,34800.765625,740560384.0,836553,41.6
48453,Travis,1,217,32701.173828125,695880960.0,1039958,31.44
06013,Contra Costa,1,207,32677.703125,695381504.0,903366,36.17
27053,Hennepin,1,299,32322.607421875,687825088.0,992536,32.57
32003,Clark,1,487,31493.77734375,670187456.0,1776818,17.72
41051,Multnomah,1,170,30862.328125,656750336.0,659774,46.78
53053,Pierce,1,172,30394.1015625,646786368.0,709667,42.83
36059,Nassau,1,279,30380.03515625,646487232.0,1087999,27.92
48141,El Paso,1,160,30241.451171875,643538176.0,637480,47.44
06029,Kern,1,151,30056.544921875,639603072.0,647883,46.39
25025,Suffolk,1,196,29913.771484375,636565056.0,655678,45.62
06019,Fresno,1,199,29844.130859375,635083136.0,728329,40.98
04019,Pima,1,241,29690.697265625,631817920.0,841363,35.29
55079,Milwaukee,1,296,29664.087890625,631251840.0,706106,42.01
12095,Orange,1,206,29532.29296875,628447168.0,1129805,26.14
12057,Hillsborough,1,313,29411.7265625,625881472.0,1164610,25.25
42003,Allegheny,1,392,28484.4140625,606148352.0,1008186,28.25
26099,Macomb,1,213,27902.91796875,593774080.0,694851,40.16
48121,Denton,1,137,27770.19140625,590949696.0,720747,38.53
06075,San Francisco,1,195,27394.658203125,582958336.0,721593,37.96
53061,Snohomish,1,149,27171.814453125,578216192.0,648013,41.93
36029,Erie,1,235,27148.2109375,577713984.0,757491,35.84
18097,Marion,1,224,27007.66796875,574723136.0,728172,37.09
40109,Oklahoma,1,240,26582.6015625,565677760.0,596231,44.58
06077,San Joaquin,1,139,25559.76171875,543911744.0,578486,44.18
36103,Suffolk,1,322,25173.60546875,535694336.0,1206356,20.87
49049,Utah,1,127,24787.71484375,527482528.0,463691,53.46
12103,Pinellas,1,244,24722.048828125,526085216.0,810106,30.52
34017,Hudson,1,165,24594.8984375,523379424.0,568180,43.29
26125,Oakland,1,337,24484.34765625,521026848.0,1011540,24.21
35001,Bernalillo,1,153,24397.369140625,519176096.0,535032,45.6
06111,Ventura,1,173,24293.029296875,516955680.0,652464,37.23
53063,Spokane,1,105,23356.798828125,497032672.0,425898,54.84
34013,Essex,1,210,23225.626953125,494241344.0,651811,35.63
44007,Providence,1,141,22902.89453125,487373600.0,525159,43.61
06081,San Mateo,1,156,22574.306640625,480381248.0,597036,37.81
47157,Shelby,1,219,21924.66796875,466556960.0,687301,31.9
37119,Mecklenburg,1,230,21791.732421875,463728064.0,870043,25.05
12031,Duval,1,173,21259.12109375,452394144.0,780482,27.24
29189,St. Louis,1,199,21036.5078125,447656832.0,776147,27.1
21111,Jefferson,1,190,20609.884765625,438578368.0,604298,34.11
40143,Tulsa,1,175,20577.275390625,437884384.0,503784,40.85
13121,Fulton,1,202,20547.17578125,437243936.0,842905,24.38
47037,Davidson,1,159,20406.189453125,434243744.0,561736,36.33
34003,Bergen,1,179,20146.21875,428711552.0,753888,26.72
06099,Stanislaus,1,94,19986.6953125,425316928.0,403935,49.48
25009,Essex,1,162,19366.123046875,412111104.0,637838,30.36
34023,Middlesex,1,175,19292.455078125,410543424.0,675050,28.58
24005,Baltimore,1,211,19269.015625,410044672.0,663161,29.06
36119,Westchester,1,221,19068.212890625,405771584.0,782149,24.38
08041,El Paso,1,130,18571.11328125,395193376.0,563588,32.95
39061,Hamilton,1,222,18544.798828125,394633344.0,636698,29.13
37183,Wake,1,185,18531.185546875,394343648.0,881746,21.02
51059,Fairfax,1,255,18286.93359375,389145952.0,879683,20.79
48215,Hidalgo,1,112,18179.189453125,386853120.0,604282,30.08
24510,Baltimore,1,199,18166.890625,386591424.0,456699,39.78
06097,Sonoma,1,99,18068.765625,384503328.0,391704,46.13
41067,Washington,1,104,17658.216796875,375766848.0,468240,37.71
48157,Fort Bend,1,76,17442.1484375,371168864.0,628018,27.77
12071,Lee,1,165,17227.400390625,366599104.0,656231,26.25
48491,Williamson,1,89,17165.7578125,365287328.0,486290,35.3
36055,Monroe,1,190,17157.298828125,365107328.0,599082,28.64
24031,Montgomery,1,215,17061.685546875,363072640.0,814883,20.94
17043,DuPage,1,216,16930.419921875,360279328.0,719689,23.52
41039,Lane,1,86,16646.427734375,354235968.0,314593,52.91
42091,Montgomery,1,211,16583.548828125,352897888.0,676249,24.52
26081,Kent,1,128,16560.6796875,352411232.0,502551,32.95
08031,Denver,1,143,16486.603515625,350834912.0,582914,28.28
29095,Jackson,1,195,16339.53515625,347705280.0,548629,29.78
12105,Polk,1,153,16185.34765625,344424224.0,592991,27.29
39113,Montgomery,1,152,15729.888671875,334732032.0,416417,37.77
55025,Dane,1,105,15478.6474609375,329385632.0,451869,34.25
06107,Tulare,1,78,15468.1259765625,329161632.0,332659,46.5
34029,Ocean,1,123,15437.5224609375,328510464.0,485435,31.8
16001,Ada,1,59,15195.6474609375,323363392.0,393981,38.57
36085,Richmond,1,108,14973.869140625,318643904.0,385391,38.85
06071,San Bernardino,1,368,14793.248046875,314800288.0,1623837,9.11
22051,Jefferson,1,124,14646.9033203125,311686176.0,335494,43.66
06095,Solano,1,95,14493.9833984375,308431968.0,351400,41.25
12009,Brevard,1,111,14476.3369140625,308056448.0,507778,28.51
53011,Clark,1,104,14466.9775390625,307857248.0,392420,36.87
42045,Delaware,1,143,14356.2841796875,305501760.0,448836,31.99
06053,Monterey,1,92,14286.7392578125,304021760.0,322633,44.28
06083,Santa Barbara,1,87,14265.166015625,303562752.0,344367,41.42
13135,Gwinnett,1,113,14148.916015625,301088928.0,711750,19.88
17197,Will,1,151,14102.5205078125,300101632.0,530845,26.57
12127,Volusia,1,113,14008.3310546875,298097312.0,468769,29.88
12101,Pasco,1,133,14001.1083984375,297943552.0,469214,29.84
18089,Lake,1,117,13803.076171875,293729472.0,382434,36.09
08059,Jefferson,1,137,13791.2490234375,293477824.0,470425,29.32
41047,Marion,1,58,13739.2421875,292371040.0,263662,52.11
06061,Placer,1,84,13719.9326171875,291960192.0,321825,42.63
31055,Douglas,1,156,13715.1865234375,291859168.0,436245,31.44
25027,Worcester,1,172,13660.173828125,290688512.0,682295,20.02
48339,Montgomery,1,59,13633.611328125,290123264.0,483927,28.17
34039,Union,1,108,13384.8955078125,284830592.0,437773,30.57
25005,Bristol,1,125,13360.884765625,284319648.0,458549,29.14
34031,Passaic,1,100,13169.755859375,280252416.0,395435,33.3
20173,Sedgwick,1,124,12968.1796875,275962880.0,392631,33.03
24033,Prince George's,1,218,12946.658203125,275504896.0,743108,17.42
34007,Camden,1,127,12902.8154296875,274571904.0,404536,31.9
34025,Monmouth,1,142,12641.69921875,269015360.0,508148,24.88
27123,Ramsey,1,136,12633.609375,268843200.0,417993,30.22
42017,Bucks,1,142,12589.9541015625,267914240.0,516115,24.39
01073,Jefferson,1,163,12557.6728515625,267227280.0,515654,24.35
25021,Norfolk,1,130,12455.505859375,265053152.0,574797,21.67
39153,Summit,1,135,12347.4921875,262754656.0,426041,28.98
22033,East Baton Rouge,1,91,12278.935546875,261295744.0,349987,35.08
04021,Pinal,1,75,12078.552734375,257031568.0,351626,34.35
48303,Lubbock,1,67,12061.3740234375,256666032.0,240399,50.17
17097,Lake,1,152,11958.1923828125,254470352.0,543787,21.99
22071,Orleans,1,172,11934.99609375,253976704.0,301614,39.57
47093,Knox,1,112,11873.8837890625,252676224.0,384726,30.86
39095,Lucas,1,127,11856.82421875,252313184.0,330439,35.88
41005,Clackamas,1,80,11767.6162109375,250414896.0,333294,35.31
48355,Nueces,1,80,11761.7900390625,250290880.0,268391,43.82
51810,Virginia Beach,1,99,11664.3544921875,248217488.0,356060,32.76
13089,DeKalb,1,144,11624.61328125,247371776.0,586766,19.81
13067,Cobb,1,120,11556.744140625,245927488.0,593070,19.49
08123,Weld,1,77,11200.1669921875,238339600.0,253176,44.24
49011,Davis,1,54,11188.9150390625,238100128.0,253678,44.11
20091,Johnson,1,127,11015.3642578125,234406960.0,468368,23.52
24003,Anne Arundel,1,103,11002.2978515625,234128864.0,457051,24.07
10003,New Castle,1,129,10957.1533203125,233168256.0,450477,24.32
37081,Guilford,1,118,10939.0595703125,232783184.0,422662,25.88
29183,St. Charles,1,78,10919.8671875,232374784.0,316288,34.53
19153,Polk,1,97,10909.25390625,232148928.0,375057,29.09
41029,Jackson,1,41,10898.5,231920096.0,177109,61.54
25013,Hampden,1,103,10867.9970703125,231270976.0,365303,29.75
40027,Cleveland,1,62,10606.17578125,225699424.0,235766,44.99
42071,Lancaster,1,98,10505.44140625,223555776.0,426058,24.66
42133,York,1,90,10476.2255859375,222934096.0,358282,29.24
42011,Berks,1,90,10281.470703125,218789712.0,334868,30.7
48027,Bell,1,63,10109.0732421875,215121056.0,274805,36.79
36067,Onondaga,1,140,10058.435546875,214043488.0,372016,27.04
29510,St. Louis,1,106,9861.310546875,209848688.0,238700,41.31
12117,Seminole,1,86,9743.802734375,207348112.0,376507,25.88
08069,Larimer,1,73,9714.0341796875,206714624.0,295565,32.87
06047,Merced,1,49,9631.013671875,204947968.0,202355,47.59
49057,Weber,1,50,9591.869140625,204114976.0,194087,49.42
48061,Cameron,1,84,9508.22265625,202334960.0,299901,31.7
12081,Manatee,1,78,9409.72265625,200238880.0,342333,27.49
08013,Boulder,1,68,9341.564453125,198788512.0,269185,34.7
18003,Allen,1,96,9333.57421875,198618480.0,289409,32.25
42077,Lehigh,1,76,9322.8896484375,198391088.0,290864,32.05
45079,Richland,1,88,9315.8447265625,198241168.0,327912,28.41
12115,Sarasota,1,94,9302.4091796875,197955264.0,385947,24.1
26161,Washtenaw,1,99,9296.3994140625,197827392.0,300686,30.92
17089,Kane,1,82,9245.2861328125,196739696.0,390231,23.69
45045,Greenville,1,111,9172.818359375,195197600.0,413455,22.19
21067,Fayette,1,82,9148.4248046875,194678496.0,253380,36.11
47149,Rutherford,1,49,9104.611328125,193746144.0,264421,34.43
06087,Santa Cruz,1,52,9095.044921875,193542560.0,216119,42.08
45019,Charleston,1,85,9053.630859375,192661280.0,333213,27.17
08001,Adams,1,96,9017.3486328125,191889136.0,391408,23.04
47065,Hamilton,1,80,9004.271484375,191610912.0,292393,30.8
06079,San Luis Obispo,1,53,8994.927734375,191412112.0,231922,38.78
39017,Butler,1,80,8989.212890625,191290464.0,298048,30.16
45051,Horry,1,71,8895.2373046875,189290656.0,305319,29.13
27037,Dakota,1,95,8858.615234375,188511328.0,335288,26.42
53077,Yakima,1,45,8750.666015625,186214208.0,181508,48.21
53005,Benton,1,36,8744.7958984375,186089264.0,154720,56.52
12069,Lake,1,56,8671.2421875,184524032.0,322624,26.88
16027,Canyon,1,29,8665.50390625,184401904.0,176576,49.08
48167,Galveston,1,66,8618.8447265625,183409008.0,270087,31.91
39151,Stark,1,86,8579.0546875,182562272.0,292889,29.29
01089,Madison,1,73,8522.505859375,181358912.0,310781,27.42
34005,Burlington,1,114,8496.755859375,180810992.0,368180,23.08
25023,Plymouth,1,100,8442.998046875,179666992.0,420468,20.08
48041,Brazos,1,41,8387.310546875,178481984.0,189739,44.2
05119,Pulaski,1,94,8307.3994140625,176781472.0,305494,27.19
37051,Cumberland,1,67,8282.119140625,176243504.0,252133,32.85
08035,Douglas,1,61,8238.865234375,175323040.0,279823,29.44
53067,Thurston,1,49,8219.595703125,174912992.0,234047,35.12
34021,Mercer,1,77,8134.89111328125,173110480.0,299242,27.18
12021,Collier,1,73,8128.72802734375,172979344.0,324044,25.09
42029,Chester,1,116,8047.13916015625,171243120.0,420196,19.15
29077,Greene,1,62,8017.5517578125,170613488.0,238041,33.68
12097,Osceola,1,41,7963.548828125,169464304.0,309159,25.76
18057,Hamilton,1,39,7870.5771484375,167485888.0,264748,29.73
06113,Yolo,1,41,7848.22314453125,167010208.0,173144,45.33
33011,Hillsborough,1,85,7819.3828125,166396448.0,340184,22.99
08005,Arapahoe,1,147,7798.37646484375,165949456.0,505658,15.42
06007,Butte,1,51,7759.63427734375,165125040.0,166535,46.59
51153,Prince William,1,82,7723.45849609375,164355200.0,355514,21.72
31109,Lancaster,1,74,7701.82861328125,163894912.0,250383,30.76
36001,Albany,1,75,7685.31787109375,163543568.0,257941,29.79
26049,Genesee,1,129,7600.47509765625,161738112.0,313660,24.23
55133,Waukesha,1,86,7581.34033203125,161330912.0,322286,23.52
39093,Lorain,1,73,7526.49462890625,160163808.0,246197,30.57
48479,Webb,1,60,7442.826171875,158383344.0,182995,40.67
48039,Brazoria,1,50,7338.1240234375,156155280.0,282908,25.94
06041,Marin,1,55,7317.203125,155710096.0,207753,35.22
41017,Deschutes,1,24,7304.671875,155443376.0,163750,44.61
01097,Mobile,1,114,7297.92578125,155299872.0,316486,23.06
42079,Luzerne,1,103,7248.67529296875,154251808.0,259927,27.89
53035,Kitsap,1,54,7162.52978515625,152418624.0,221457,32.34
12111,St. Lucie,1,43,7162.1640625,152410864.0,277902,25.77
12083,Marion,1,61,7162.0107421875,152407584.0,314765,22.75
51760,Richmond,1,66,7020.5439453125,149397184.0,187532,37.44
48309,McLennan,1,50,6935.07666015625,147578448.0,199939,34.69
53073,Whatcom,1,34,6921.8134765625,147296176.0,185313,37.35
12033,Escambia,1,71,6917.27392578125,147199584.0,255373,27.09
26065,Ingham,1,78,6816.65966796875,145058496.0,226359,30.11
05007,Benton,1,49,6738.9951171875,143405824.0,218751,30.81
42043,Dauphin,1,65,6726.7265625,143144752.0,222951,30.17
18141,St. Joseph,1,75,6722.83642578125,143061952.0,209013,32.16
51013,Arlington,1,57,6712.1181640625,142833872.0,192709,34.83
55009,Brown,1,54,6674.05419921875,142023888.0,206673,32.29
34001,Atlantic,1,69,6606.16064453125,140579104.0,217089,30.43
37129,New Hanover,1,43,6602.84765625,140508624.0,189042,34.93
49053,Washington,1,21,6599.28173828125,140432736.0,142689,46.25
51107,Loudoun,1,64,6524.8369140625,138848512.0,311307,20.96
37067,Forsyth,1,93,6514.6787109375,138632352.0,298526,21.82
06089,Shasta,1,48,6512.08642578125,138577216.0,142150,45.81
05143,Washington,1,32,6506.2353515625,138452688.0,191964,33.89
34027,Morris,1,100,6465.64599609375,137588960.0,404214,16.0
42095,Northampton,1,68,6428.5439453125,136799424.0,254425,25.27
08077,Mesa,1,29,6397.19091796875,136132224.0,124509,51.38
45063,Lexington,1,73,6383.482421875,135840480.0,230910,27.64
42129,Westmoreland,1,100,6293.1630859375,133918488.0,288614,21.8
26139,Ottawa,1,53,6193.57861328125,131799360.0,228953,27.05
36071,Orange,1,79,6190.4306640625,131732368.0,300100,20.63
45083,Spartanburg,1,69,6169.95556640625,131296656.0,258968,23.83
27003,Anoka,1,83,6125.341796875,130347280.0,279615,21.91
13051,Chatham,1,69,5998.796875,127654408.0,235733,25.45
42049,Erie,1,71,5914.1533203125,125853184.0,213206,27.74
51710,Norfolk,1,77,5903.49658203125,125626408.0,186947,31.58
06025,Imperial,1,31,5881.12890625,125150416.0,128203,45.87
06031,Kings,1,27,5853.0517578125,124552944.0,111456,52.51
22055,Lafayette,1,42,5843.95263671875,124359304.0,185780,31.46
34015,Gloucester,1,63,5827.18115234375,124002416.0,239327,24.35
17201,Winnebago,1,76,5749.57080078125,122350864.0,216539,26.55
51087,Henrico,1,63,5700.28076171875,121301968.0,260169,21.91
48245,Jefferson,1,72,5681.2705078125,120897424.0,191375,29.69
35043,Sandoval,1,27,5614.54931640625,119477600.0,117926,47.61
17019,Champaign,1,43,5606.10888671875,119297992.0,166368,33.7
38017,Cass,1,33,5593.21044921875,119023512.0,146920,38.07
37063,Durham,1,59,5577.630859375,118691984.0,263055,21.2
06017,El Dorado,1,42,5532.07470703125,117722568.0,154382,35.83
42041,Cumberland,1,49,5521.71728515625,117502136.0,210294,26.26
22103,St. Tammany,1,42,5485.21435546875,116725368.0,205274,26.72
18157,Tippecanoe,1,37,5478.5849609375,116584288.0,148979,36.77
55101,Racine,1,44,5477.75927734375,116566712.0,151746,36.1
19113,Linn,1,45,5413.61181640625,115201664.0,177230,30.55
23005,Cumberland,1,66,5393.01611328125,114763368.0,250163,21.56
48423,Smith,1,40,5341.59130859375,113669064.0,180105,29.66
04025,Yavapai,1,42,5328.49951171875,113390496.0,203933,26.13
16055,Kootenai,1,25,5311.330078125,113025112.0,137633,38.59
36087,Rockland,1,65,5253.07958984375,111785552.0,239203,21.96
22019,Calcasieu,1,42,5230.40478515625,111303016.0,156293,33.47
47125,Montgomery,1,39,5209.21484375,110852088.0,166727,31.24
30111,Yellowstone,1,32,5205.38134765625,110770520.0,128498,40.51
29047,Clay,1,44,5191.25732421875,110469944.0,194751,26.66
39085,Lake,1,58,5168.525390625,109986224.0,186724,27.68
22017,Caddo,1,63,5163.15185546875,109871872.0,177857,29.03
18163,Vanderburgh,1,48,5148.748046875,109565360.0,140749,36.58
12073,Leon,1,68,5144.1884765625,109468328.0,240404,21.4
12109,St. Johns,1,39,5111.720703125,108777408.0,228898,22.33
55139,Winnebago,1,41,5104.08935546875,108615016.0,136375,37.43
17119,Madison,1,61,5097.29296875,108470384.0,207647,24.55
32031,Washoe,1,107,5094.68505859375,108414896.0,388530,13.11
51041,Chesterfield,1,71,5091.62255859375,108349728.0,283089,17.99
48209,Hays,1,25,5083.21533203125,108170824.0,198459,25.61
51550,Chesapeake,1,41,5076.693359375,108032024.0,190053,26.71
26077,Kalamazoo,1,57,5073.7333984375,107969048.0,205174,24.73
17111,McHenry,1,52,5069.154296875,107871600.0,239710,21.15
12001,Alachua,1,56,5056.53662109375,107603096.0,231412,21.85
06039,Madera,1,23,4988.83349609375,106162368.0,115343,43.25
48139,Ellis,1,31,4981.443359375,106005104.0,149972,33.22
13245,Richmond,1,47,4972.11865234375,105806680.0,158585,31.35
01125,Tuscaloosa,1,47,4951.0234375,105357768.0,185617,26.67
39099,Mahoning,1,70,4875.8408203125,103757904.0,180910,26.95
29019,Boone,1,29,4872.0458984375,103677144.0,148102,32.9
55059,Kenosha,1,35,4865.28515625,103533272.0,131217,37.08
27163,Washington,1,50,4862.4931640625,103473856.0,206480,23.55
35049,Santa Fe,1,50,4854.072265625,103294656.0,129599,37.45
42069,Lackawanna,1,59,4825.44287109375,102685416.0,171535,28.13
41043,Linn,1,21,4808.8046875,102331384.0,100999,47.61
04015,Mohave,1,43,4773.90673828125,101588744.0,181878,26.25
01101,Montgomery,1,65,4760.140625,101295768.0,172489,27.6
46099,Minnehaha,1,42,4754.76708984375,101181440.0,149421,31.82
08101,Pueblo,1,54,4730.75244140625,100670408.0,131581,35.95
18039,Elkhart,1,36,4713.3046875,100299120.0,149701,31.48
55087,Outagamie,1,40,4696.650390625,99944720.0,147114,31.93
36063,Niagara,1,60,4689.7060546875,99796944.0,169105,27.73
34035,Somerset,1,68,4664.830078125,99267576.0,272106,17.14
12005,Bay,1,43,4639.73193359375,98733504.0,143219,32.4
12091,Okaloosa,1,41,4598.775390625,97861936.0,165844,27.73
47187,Williamson,1,37,4550.7978515625,96840984.0,187765,24.24
45091,York,1,46,4550.69140625,96838712.0,219639,20.72
49005,Cache,1,26,4540.50341796875,96621912.0,96391,47.11
24027,Howard,1,55,4538.80908203125,96585848.0,253643,17.89
13215,Muscogee,1,53,4508.6572265625,95944224.0,153256,29.42
39165,Warren,1,33,4502.65625,95816520.0,187159,24.06
21117,Kenton,1,41,4454.150390625,94784328.0,129828,34.31
17163,St. Clair,1,60,4375.00732421875,93100176.0,195450,22.38
12019,Clay,1,30,4371.63916015625,93028496.0,172120,25.4
17113,McLean,1,41,4347.8037109375,92521264.0,134203,32.4
51700,Newport News,1,44,4345.52783203125,92472832.0,141720,30.66
36007,Broome,1,55,4333.95263671875,92226512.0,159585,27.16
01003,Baldwin,1,31,4323.3818359375,92001560.0,188817,22.9
12053,Hernando,1,44,4318.1708984375,91890664.0,164146,26.31
45015,Berkeley,1,44,4303.42578125,91576896.0,181906,23.66
24021,Frederick,1,61,4301.24169921875,91530424.0,214766,20.03
24025,Harford,1,57,4290.953125,91311472.0,203719,21.06
27137,St. Louis,1,66,4279.828125,91074744.0,162534,26.33
28047,Harrison,1,45,4246.97509765625,90375624.0,159530,26.62
13063,Clayton,1,49,4234.767578125,90115848.0,217282,19.49
20177,Shawnee,1,43,4219.109375,89782656.0,136774,30.85
36065,Oneida,1,71,4196.2763671875,89296768.0,180103,23.3
53021,Franklin,1,12,4189.71630859375,89157168.0,66970,62.56
12015,Charlotte,1,38,4128.9033203125,87863056.0,172013,24.0
30063,Missoula,1,20,4104.66796875,87347336.0,97567,42.07
54039,Kanawha,1,53,4099.560546875,87238672.0,142591,28.75
44003,Kent,1,38,4078.52099609375,86790928.0,139423,29.25
18081,Johnson,1,22,4074.92041015625,86714304.0,123924,32.88
48251,Johnson,1,28,4069.91162109375,86607712.0,139921,29.09
47165,Sumner,1,42,4065.45703125,86512928.0,153775,26.44
37133,Onslow,1,31,4059.10498046875,86377752.0,157766,25.73
40017,Canadian,1,29,4041.1494140625,85995656.0,120516,33.53
48257,Kaufman,1,18,4021.26953125,85572608.0,114732,35.05
36027,Dutchess,1,78,4018.361572265625,85510728.0,241802,16.62
37021,Buncombe,1,56,4015.181396484375,85443064.0,222651,18.03
48187,Guadalupe,1,29,4008.44775390625,85299776.0,134976,29.7
18105,Monroe,1,31,3953.762451171875,84136064.0,117497,33.65
01117,Shelby,1,47,3931.0615234375,83652984.0,174730,22.5
55105,Rock,1,38,3929.49169921875,83619576.0,126772,31.0
16019,Bonneville,1,21,3908.274169921875,83168048.0,88696,44.06
37025,Cabarrus,1,37,3904.841064453125,83095032.0,172577,22.63
51510,Alexandria,1,38,3879.64892578125,82558928.0,128076,30.29
13057,Cherokee,1,26,3847.1787109375,81867968.0,210602,18.27
50007,Chittenden,1,34,3810.52490234375,81087968.0,139407,27.33
01081,Lee,1,27,3804.61474609375,80962200.0,140096,27.16
13151,Henry,1,25,3794.76123046875,80752528.0,183468,20.68
42125,Washington,1,59,3782.330078125,80487984.0,168523,22.44
29099,Jefferson,1,42,3775.524658203125,80343168.0,176231,21.42
17167,Sangamon,1,53,3772.686767578125,80282776.0,152237,24.78
39041,Delaware,1,35,3749.50537109375,79789480.0,165286,22.68
33015,Rockingham,1,64,3743.114501953125,79653472.0,257607,14.53
18063,Hendricks,1,21,3736.392578125,79510432.0,135169,27.64
55063,La Crosse,1,25,3732.3291015625,79423960.0,96670,38.61
53007,Chelan,1,14,3712.008544921875,78991552.0,61401,60.46
40031,Comanche,1,32,3709.989013671875,78948568.0,92616,40.06
28033,DeSoto,1,33,3689.93359375,78521792.0,141087,26.15
39089,Licking,1,32,3675.720703125,78219344.0,138851,26.47
05131,Sebastian,1,26,3656.564208984375,77811680.0,97738,37.41
31153,Sarpy,1,43,3631.89990234375,77286832.0,142235,25.53
26147,St. Clair,1,49,3612.22314453125,76868104.0,127249,28.39
39155,Trumbull,1,55,3603.684326171875,76686400.0,159837,22.55
53057,Skagit,1,29,3594.58203125,76492704.0,102843,34.95
25001,Barnstable,1,56,3586.26171875,76315648.0,196898,18.21
37147,Pitt,1,32,3582.1171875,76227448.0,135229,26.49
06101,Sutter,1,21,3560.3701171875,75764672.0,73803,48.24
37071,Gaston,1,65,3548.06103515625,75502736.0,179258,19.79
47163,Sullivan,1,39,3535.4140625,75233608.0,129064,27.39
17143,Peoria,1,48,3525.0849609375,75013808.0,136775,25.77
41071,Yamhill,1,17,3519.89453125,74903360.0,84968,41.43
26121,Muskegon,1,42,3514.381591796875,74786032.0,135566,25.92
10005,Sussex,1,53,3514.332275390625,74785000.0,202330,17.37
27109,Olmsted,1,33,3508.498779296875,74660856.0,123866,28.32
39057,Greene,1,35,3503.33935546875,74551056.0,133637,26.22
26145,Saginaw,1,56,3495.654541015625,74387536.0,148509,23.54
36093,Schenectady,1,43,3491.739013671875,74304208.0,125159,27.9
12113,Santa Rosa,1,25,3481.29833984375,74082024.0,151168,23.03
04003,Cochise,1,32,3476.9951171875,73990464.0,99244,35.03
13117,Forsyth,1,45,3474.230712890625,73931632.0,191875,18.11
39025,Clermont,1,39,3470.35546875,73849168.0,162832,21.31
13153,Houston,1,23,3469.989013671875,73841360.0,124123,27.96
48367,Parker,1,19,3465.4013671875,73743736.0,118916,29.14
37179,Union,1,41,3458.204345703125,73590592.0,181266,19.08
48181,Grayson,1,26,3445.388427734375,73317872.0,106228,32.43
39173,Wood,1,28,3423.974365234375,72862160.0,104913,32.64
19103,Johnson,1,24,3422.19287109375,72824264.0,124605,27.46
48441,Taylor,1,37,3419.83056640625,72773992.0,108832,31.42
51650,Hampton,1,33,3419.65380859375,72770224.0,107751,31.74
24043,Washington,1,32,3397.141845703125,72291176.0,121129,28.05
04005,Coconino,1,28,3392.517822265625,72192800.0,115936,29.26
37101,Johnston,1,25,3385.96240234375,72053280.0,169671,19.96
45007,Anderson,1,39,3383.856201171875,72008456.0,160100,21.14
28049,Hinds,1,64,3382.015625,71969296.0,169818,19.92
06055,Napa,1,40,3380.111083984375,71928760.0,109047,31.0
39103,Medina,1,37,3344.130126953125,71163096.0,143394,23.32
41003,Benton,1,18,3339.371337890625,71061832.0,81184,41.13
42007,Beaver,1,51,3337.30126953125,71017776.0,134458,24.82
41033,Josephine,1,16,3335.9765625,70989568.0,71081,46.93
27145,Stearns,1,29,3334.953369140625,70967808.0,121789,27.38
16083,Twin Falls,1,14,3301.822265625,70262776.0,67514,48.91
12061,Indian River,1,29,3299.565185546875,70214752.0,138881,23.76
39045,Fairfield,1,28,3296.897216796875,70157968.0,122691,26.87
48091,Comal,1,24,3288.881591796875,69987400.0,135761,24.23
20209,Wyandotte,1,64,3285.069091796875,69906272.0,121089,27.13
29097,Jasper,1,22,3277.41015625,69743280.0,92879,35.29
16005,Bannock,1,22,3277.06201171875,69735848.0,65948,49.69
22073,Ouachita,1,39,3245.9501953125,69073808.0,119617,27.14
12119,Sumter,1,18,3235.3818359375,68848920.0,127767,25.32
18127,Porter,1,30,3220.165771484375,68525136.0,136507,23.59
06115,Yuba,1,14,3207.339599609375,68252192.0,60439,53.07
12085,Martin,1,34,3206.4052734375,68232296.0,134388,23.86
42055,Franklin,1,27,3196.97509765625,68031632.0,121987,26.21
48381,Randall,1,29,3190.726806640625,67898664.0,109341,29.18
45003,Aiken,1,32,3175.454345703125,67573664.0,134885,23.54
47189,Wilson,1,21,3168.49658203125,67425608.0,117540,26.96
42027,Centre,1,31,3162.198486328125,67291584.0,134702,23.48
21015,Boone,1,21,3143.5087890625,66893872.0,102139,30.78
19163,Scott,1,47,3133.48193359375,66680500.0,133516,23.47
53015,Cowlitz,1,24,3132.003662109375,66649040.0,86297,36.29
18035,Delaware,1,30,3124.92236328125,66498344.0,91635,34.1
20045,Douglas,1,22,3099.8017578125,65963776.0,98247,31.55
42075,Lebanon,1,31,3099.3779296875,65954764.0,111019,27.92
37019,Brunswick,1,32,3091.13037109375,65779256.0,124942,24.74
23031,York,1,40,3090.938720703125,65775192.0,175891,17.57
37097,Iredell,1,44,3080.77197265625,65558828.0,148652,20.72
21227,Warren,1,24,3079.4501953125,65530688.0,105274,29.25
13139,Hall,1,36,3073.0693359375,65394928.0,158032,19.45
13059,Clarke,1,30,3063.34765625,65188044.0,107331,28.54
26115,Monroe,1,38,3033.775146484375,64558732.0,122323,24.8
47179,Washington,1,23,3026.280517578125,64399252.0,109346,27.68
41053,Polk,1,12,3023.123046875,64332064.0,68991,43.82
35013,Doña Ana,1,41,2989.093017578125,63607892.0,169534,17.63
22015,Bossier,1,22,2986.438720703125,63551416.0,97012,30.78
48485,Wichita,1,36,2971.441650390625,63232280.0,100034,29.7
45013,Beaufort,1,40,2952.416259765625,62827416.0,157927,18.69
30013,Cascade,1,22,2933.396484375,62422672.0,65601,44.72
48231,Hunt,1,19,2933.2578125,62419728.0,79382,36.95
13073,Columbia,1,20,2927.443603515625,62296008.0,119608,24.48
12035,Flagler,1,20,2922.392578125,62188512.0,101832,28.7
17161,Rock Island,1,40,2896.1767578125,61630636.0,110772,26.15
37001,Alamance,1,36,2889.92138671875,61497520.0,135505,21.33
05031,Craighead,1,17,2882.7060546875,61343984.0,83729,34.43
48183,Gregg,1,24,2881.83056640625,61325348.0,92536,31.14
34011,Cumberland,1,33,2871.51904296875,61105932.0,115652,24.83
36091,Saratoga,1,50,2860.65087890625,60874648.0,191168,14.96
34009,Cape May,1,32,2854.33984375,60740352.0,78717,36.26
22109,Terrebonne,1,21,2853.727783203125,60727312.0,80194,35.59
55117,Sheboygan,1,26,2847.7763671875,60600680.0,92152,30.9
05045,Faulkner,1,25,2831.13623046875,60246588.0,97283,29.1
42013,Blair,1,34,2829.760498046875,60217308.0,97164,29.12
47009,Blount,1,26,2827.3388671875,60165776.0,110277,25.64
54011,Cabell,1,29,2820.19873046875,60013828.0,74835,37.69
39023,Clark,1,44,2817.557861328125,59957628.0,104822,26.88
19013,Black Hawk,1,38,2811.96337890625,59838588.0,102014,27.56
35045,San Juan,1,33,2788.676513671875,59343052.0,90428,30.84
48397,Rockwall,1,11,2775.2275390625,59056840.0,85697,32.38
18019,Clark,1,26,2767.4072265625,58890420.0,95510,28.98
42019,Butler,1,44,2758.128173828125,58692968.0,157715,17.49
36083,Rensselaer,1,42,2738.89306640625,58283644.0,129499,21.15
51770,Roanoke,1,23,2732.51025390625,58147816.0,76346,35.79
10001,Kent,1,32,2702.889404296875,57517484.0,142669,18.95
27139,Scott,1,21,2700.441650390625,57465400.0,112635,23.98
12017,Citrus,1,27,2698.1328125,57416264.0,135185,19.96
28121,Rankin,1,27,2696.897216796875,57389968.0,122477,22.02
26093,Livingston,1,61,2687.247314453125,57184620.0,154983,17.34
13021,Bibb,1,44,2673.305419921875,56887940.0,118256,22.61
21059,Daviess,1,23,2653.02734375,56456420.0,77835,34.09
18095,Madison,1,37,2651.432373046875,56422480.0,102714,25.81
37035,Catawba,1,31,2647.495361328125,56338704.0,126620,20.91
26075,Jackson,1,38,2638.875,56155256.0,126373,20.88
48099,Coryell,1,18,2625.2509765625,55865344.0,64716,40.57
39133,Portage,1,35,2624.386962890625,55846952.0,131750,19.92
38015,Burleigh,1,19,2624.05810546875,55839956.0,75733,34.65
26021,Berrien,1,48,2618.97021484375,55731692.0,120292,21.77
21037,Campbell,1,25,2617.723876953125,55705160.0,73837,35.45
54061,Monongalia,1,24,2613.461669921875,55614460.0,89287,29.27
55131,Washington,1,28,2600.8818359375,55346764.0,108067,24.07
45035,Dorchester,1,25,2599.7763671875,55323244.0,124573,20.87
01103,Morgan,1,27,2589.196533203125,55098100.0,94858,27.3
18167,Vigo,1,28,2577.33837890625,54845752.0,84323,30.57
22079,Rapides,1,32,2572.631591796875,54745612.0,96239,26.73
48451,Tom Green,1,24,2570.48193359375,54699860.0,90818,28.3
22063,Livingston,1,17,2568.900390625,54666200.0,107980,23.79
39139,Richland,1,30,2559.557861328125,54467396.0,97786,26.18
54003,Berkeley,1,14,2540.01123046875,54051436.0,96931,26.2
53071,Walla Walla,1,12,2531.501708984375,53870356.0,49217,51.44
51121,Montgomery,1,16,2530.986572265625,53859388.0,83992,30.13
28059,Jackson,1,28,2528.336669921875,53803008.0,111178,22.74
26017,Bay,1,26,2526.8525390625,53771420.0,82796,30.52
51179,Stafford,1,27,2508.6904296875,53384928.0,118466,21.18
25015,Hampshire,1,36,2507.90478515625,53368212.0,133246,18.82
55039,Fond du Lac,1,20,2507.31689453125,53355704.0,81868,30.63
37057,Davidson,1,34,2505.290283203125,53312576.0,133783,18.73
36111,Ulster,1,47,2503.114501953125,53266276.0,150473,16.63
45041,Florence,1,32,2494.772216796875,53088760.0,104482,23.88
37085,Harnett,1,27,2487.9248046875,52943040.0,101512,24.51
19169,Story,1,20,2484.70263671875,52874472.0,82392,30.16
22005,Ascension,1,14,2446.495361328125,52061424.0,94364,25.93
13223,Paulding,1,19,2429.07421875,51690704.0,129492,18.76
17091,Kankakee,1,29,2428.952392578125,51688112.0,82264,29.53
55073,Marathon,1,27,2418.59912109375,51467788.0,106762,22.65
45077,Pickens,1,28,2414.7373046875,51385612.0,107754,22.41
42051,Fayette,1,36,2402.38818359375,51122824.0,102412,23.46
18091,LaPorte,1,28,2356.1279296875,50138396.0,88186,26.72
17179,Tazewell,1,30,2354.505615234375,50103880.0,101456,23.21
55035,Eau Claire,1,20,2350.7724609375,50024436.0,85009,27.65
22057,Lafourche,1,23,2324.52734375,49465932.0,74447,31.22
12055,Highlands,1,24,2319.372314453125,49356240.0,86331,26.87
46103,Pennington,1,23,2309.1328125,49138352.0,87162,26.49
27171,Wright,1,17,2294.96337890625,48836824.0,105360,21.78
47119,Maury,1,17,2292.429931640625,48782908.0,80580,28.45
39003,Allen,1,33,2279.609375,48510088.0,77692,29.34
42081,Lycoming,1,29,2274.7236328125,48406120.0,90147,25.23
24013,Carroll,1,38,2273.8984375,48388564.0,135952,16.73
39109,Miami,1,21,2271.42919921875,48336016.0,84308,26.94
54107,Wood,1,26,2268.597900390625,48275760.0,66204,34.27
42021,Cambria,1,42,2267.42529296875,48250816.0,106871,21.22
23001,Androscoggin,1,28,2253.016357421875,47944188.0,88647,25.42
17093,Kendall,1,10,2242.550048828125,47721460.0,97903,22.91
13077,Coweta,1,20,2236.109375,47584400.0,114938,19.45
21093,Hardin,1,22,2229.215087890625,47437692.0,83809,26.6
13185,Lowndes,1,25,2217.734130859375,47193380.0,89773,24.7
23019,Penobscot,1,46,2205.86572265625,46940812.0,126184,17.48
05125,Saline,1,21,2203.578125,46892148.0,96345,22.87
26025,Calhoun,1,39,2201.320556640625,46844100.0,103027,21.37
44009,Washington,1,28,2197.713623046875,46767340.0,109708,20.03
19193,Woodbury,1,25,2195.05419921875,46710756.0,78340,28.02
22105,Tangipahoa,1,20,2190.626953125,46616544.0,102002,21.48
48469,Victoria,1,22,2185.2001953125,46501060.0,68255,32.02
37159,Rowan,1,30,2184.043212890625,46476440.0,115387,18.93
33017,Strafford,1,25,2179.3076171875,46375668.0,108122,20.16
17037,DeKalb,1,21,2172.858154296875,46238420.0,78606,27.64
44005,Newport,1,22,2163.6708984375,46042920.0,71196,30.39
47011,Bradley,1,19,2160.6650390625,45978948.0,85684,25.22
24017,Charles,1,30,2147.7607421875,45704344.0,128233,16.75
01069,Houston,1,22,2140.341796875,45546472.0,82816,25.84
29037,Cass,1,20,2126.849853515625,45259364.0,83456,25.48
51177,Spotsylvania,1,30,2118.2900390625,45077208.0,108492,19.52
37135,Orange,1,28,2109.1240234375,44882152.0,118781,17.76
18067,Howard,1,20,2085.0654296875,44370192.0,64405,32.37
17115,Macon,1,34,2079.579345703125,44253456.0,79357,26.21
13097,Douglas,1,20,2019.013671875,42964612.0,108745,18.57
47113,Madison,1,27,2004.49267578125,42655608.0,76596,26.17
05051,Garland,1,20,1999.854736328125,42556912.0,80058,24.98
24045,Wicomico,1,19,1995.941650390625,42473636.0,80682,24.74
01083,Limestone,1,16,1988.9197998046875,42324208.0,83624,23.78
51740,Portsmouth,1,31,1975.5615234375,42039948.0,74735,26.43
29165,Platte,1,19,1972.7545166015625,41980216.0,83317,23.68
38035,Grand Forks,1,18,1955.654052734375,41616320.0,57308,34.13
40131,Rogers,1,28,1943.5008544921875,41357696.0,74669,26.03
29021,Buchanan,1,25,1943.463134765625,41356900.0,65091,29.86
42001,Adams,1,23,1942.2904052734375,41331940.0,84424,23.01
01015,Calhoun,1,28,1935.902587890625,41196012.0,91312,21.2
01077,Lauderdale,1,22,1932.40966796875,41121680.0,76489,25.26
37191,Wayne,1,26,1927.6009521484375,41019348.0,89701,21.49
19049,Dallas,1,15,1916.6661376953125,40786656.0,76197,25.15
27027,Clay,1,13,1894.0909423828125,40306260.0,49345,38.38
32510,Carson City,1,13,1873.39697265625,39865884.0,46595,40.21
48037,Bowie,1,18,1869.61962890625,39785512.0,70271,26.61
37151,Randolph,1,28,1864.5560302734375,39677752.0,112758,16.54
29031,Cape Girardeau,1,16,1856.0770263671875,39497316.0,64547,28.76
51660,Harrisonburg,1,11,1847.631103515625,39317592.0,42691,43.28
51003,Albemarle,1,22,1847.242919921875,39309328.0,91251,20.24
48409,San Patricio,1,16,1846.31884765625,39289664.0,51441,35.89
01055,Etowah,1,30,1837.465576171875,39101272.0,80721,22.76
45085,Sumter,1,23,1819.3447265625,38715656.0,79798,22.8
40145,Wagoner,1,22,1813.7152099609375,38595860.0,64245,28.23
13015,Bartow,1,15,1811.6846923828125,38552648.0,84934,21.33
26045,Eaton,1,28,1803.2939453125,38374096.0,86476,20.85
21029,Bullitt,1,17,1794.7442626953125,38192160.0,65375,27.45
18043,Floyd,1,20,1788.29541015625,38054928.0,62388,28.66
13127,Glynn,1,15,1786.552734375,38017844.0,67078,26.63
48135,Ector,1,28,1784.968994140625,37984140.0,113701,15.7
20161,Riley,1,13,1778.6593017578125,37849872.0,60068,29.61
25003,Berkshire,1,39,1777.877685546875,37833236.0,107023,16.61
36045,Jefferson,1,24,1776.977294921875,37814076.0,88289,20.13
37049,Craven,1,21,1769.1639404296875,37647812.0,79176,22.34
13313,Whitfield,1,18,1768.2071533203125,37627444.0,77067,22.94
19155,Pottawattamie,1,30,1766.0750732421875,37582076.0,71762,24.61
27013,Blue Earth,1,16,1765.6715087890625,37573488.0,55557,31.78
36069,Ontario,1,25,1760.6448974609375,37466520.0,90503,19.45
51800,Suffolk,1,28,1749.602294921875,37231536.0,73761,23.72
28089,Madison,1,21,1745.704833984375,37148596.0,83284,20.96
51069,Frederick,1,14,1734.86328125,36917896.0,72013,24.09
42085,Mercer,1,30,1728.4957275390625,36782388.0,88911,19.44
51161,Roanoke,1,18,1716.8240966796875,36534020.0,77581,22.13
48329,Midland,1,26,1710.9481201171875,36408972.0,121782,14.05
19061,Dubuque,1,26,1710.432861328125,36398012.0,76517,22.35
06069,San Benito,1,11,1701.478759765625,36207464.0,49236,34.56
56025,Natrona,1,18,1689.6912841796875,35956624.0,60699,27.84
48497,Wise,1,11,1686.46337890625,35887944.0,54523,30.93
36109,Tompkins,1,23,1682.18212890625,35796836.0,87891,19.14
36015,Chemung,1,22,1679.7935791015625,35746008.0,65273,25.73
51680,Lynchburg,1,19,1679.635009765625,35742632.0,63949,26.27
29071,Franklin,1,17,1677.2685546875,35692280.0,81548,20.57
48021,Bastrop,1,10,1672.519775390625,35591220.0,75796,22.07
55089,Ozaukee,1,18,1660.852294921875,35342936.0,72871,22.79
18059,Hancock,1,10,1652.3636474609375,35162300.0,62917,26.26
13045,Carroll,1,17,1648.724365234375,35084852.0,93063,17.72
21047,Christian,1,18,1637.8685302734375,34853848.0,52254,31.34
48291,Liberty,1,14,1631.1519775390625,34710916.0,69242,23.56
18005,Bartholomew,1,15,1625.34521484375,34587352.0,62786,25.89
27019,Carver,1,19,1602.7628173828125,34106792.0,80712,19.86
34041,Warren,1,23,1598.22509765625,34010232.0,88834,17.99
13115,Floyd,1,20,1596.6697998046875,33977132.0,76391,20.9
13217,Newton,1,13,1581.4716796875,33653716.0,85961,18.4
37089,Henderson,1,26,1573.856201171875,33491658.0,95109,16.55
12089,Nassau,1,12,1567.7294921875,33361284.0,76132,20.59
37127,Nash,1,18,1564.8896484375,33300856.0,74362,21.04
45057,Lancaster,1,14,1553.524658203125,33059002.0,79098,19.64
40037,Creek,1,21,1545.66650390625,32891780.0,55417,27.89
51165,Rockingham,1,19,1541.142333984375,32795508.0,65961,23.36
53065,Stevens,1,12,1541.09521484375,32794504.0,37366,41.24
48361,Orange,1,21,1538.988037109375,32749666.0,63421,24.27
40047,Garfield,1,12,1535.783447265625,32681470.0,46106,33.31
13113,Fayette,1,20,1532.041015625,32601832.0,93181,16.44
51085,Hanover,1,23,1527.6917724609375,32509284.0,87394,17.48
56021,Laramie,1,20,1525.8607177734375,32470316.0,77791,19.61
13095,Dougherty,1,27,1518.847412109375,32321072.0,63638,23.87
29043,Christian,1,14,1511.2772216796875,32159976.0,68170,22.17
39129,Pickaway,1,13,1503.31298828125,31990498.0,46673,32.21
16069,Nez Perce,1,10,1483.1673583984375,31561798.0,33384,44.43
47063,Hamblen,1,12,1480.75244140625,31510412.0,49412,29.97
24015,Cecil,1,19,1476.0203857421875,31409714.0,80990,18.22
27141,Sherburne,1,11,1456.5516357421875,30995416.0,73388,19.85
28035,Forrest,1,17,1454.3961181640625,30949548.0,60243,24.14
36075,Oswego,1,29,1452.8878173828125,30917452.0,93525,15.53
21113,Jessamine,1,9,1448.5504150390625,30825154.0,40967,35.36
34037,Sussex,1,41,1448.27734375,30819344.0,116723,12.41
12131,Walton,1,11,1441.7423095703125,30680272.0,63275,22.79
42037,Columbia,1,15,1438.88134765625,30619396.0,53562,26.86
39081,Jefferson,1,23,1426.3668212890625,30353084.0,52252,27.3
47001,Anderson,1,17,1419.388671875,30204590.0,61459,23.09
42089,Monroe,1,33,1414.7091064453125,30105010.0,135333,10.45
01051,Elmore,1,15,1411.9056396484375,30045352.0,69414,20.34
55109,St. Croix,1,14,1409.638671875,29997110.0,71937,19.6
34019,Hunterdon,1,26,1405.3291015625,29905402.0,104600,13.44
22089,St. Charles,1,13,1390.7041015625,29594184.0,39239,35.44
22045,Iberia,1,15,1388.07861328125,29538312.0,51468,26.97
24001,Allegany,1,23,1384.8822021484375,29470292.0,55706,24.86
01115,St. Clair,1,13,1380.653564453125,29380304.0,72088,19.15
05085,Lonoke,1,16,1375.8345947265625,29277758.0,56067,24.54
29051,Cole,1,15,1370.0347900390625,29154344.0,59825,22.9
35061,Valencia,1,18,1364.73681640625,29041606.0,59681,22.87
05033,Crawford,1,11,1363.5716552734375,29016804.0,46116,29.57
08014,Broomfield,1,15,1356.1888427734375,28859700.0,59265,22.88
24037,St. Mary's,1,17,1355.623291015625,28847666.0,86873,15.6
21209,Scott,1,14,1353.6943359375,28806614.0,43861,30.86
51015,Augusta,1,13,1351.62548828125,28762590.0,63186,21.39
13247,Rockdale,1,15,1343.667724609375,28593250.0,71713,18.74
13297,Walton,1,15,1335.8837890625,28427604.0,76105,17.55
41009,Columbia,1,10,1331.2061767578125,28328066.0,42300,31.47
22001,Acadia,1,12,1319.9219970703125,28087938.0,42355,31.16
39087,Lawrence,1,16,1296.3072509765625,27585418.0,44846,28.91
18011,Boone,1,10,1293.230712890625,27519948.0,54064,23.92
01033,Colbert,1,14,1281.7327880859375,27275270.0,45337,28.27
40051,Grady,1,10,1281.59130859375,27272264.0,42762,29.97
20015,Butler,1,13,1263.760009765625,26892814.0,50957,24.8
39013,Belmont,1,20,1262.6121826171875,26868388.0,53561,23.57
54079,Putnam,1,10,1262.4505615234375,26864954.0,44778,28.19
48375,Potter,1,33,1261.8673095703125,26852534.0,85300,14.79
37157,Rockingham,1,21,1259.1195068359375,26794064.0,72853,17.28
37109,Lincoln,1,18,1257.8984375,26768082.0,71590,17.57
17199,Williamson,1,15,1254.0511474609375,26686210.0,52487,23.89
17183,Vermilion,1,24,1250.6568603515625,26613976.0,55979,22.34
13013,Barrow,1,18,1248.5465087890625,26569068.0,64886,19.24
31079,Hall,1,14,1246.970458984375,26535532.0,45211,27.58
46083,Lincoln,1,11,1239.706787109375,26380960.0,49857,24.87
22087,St. Bernard,1,17,1239.5296630859375,26377192.0,32576,38.05
18173,Warrick,1,11,1238.7740478515625,26361110.0,49611,24.97
48203,Harrison,1,14,1237.2548828125,26328784.0,52662,23.49
26111,Midland,1,19,1232.94189453125,26237004.0,65936,18.7
47147,Robertson,1,14,1228.4302978515625,26140996.0,56381,21.79
13047,Catoosa,1,11,1227.85986328125,26128860.0,53057,23.14
01113,Russell,1,13,1215.8177490234375,25872602.0,44552,27.29
51199,York,1,14,1211.3780517578125,25778124.0,54112,22.39
05035,Crittenden,1,20,1208.8270263671875,25723838.0,34616,34.92
54081,Raleigh,1,17,1200.673828125,25550338.0,58104,20.66
26037,Clinton,1,22,1194.12353515625,25410948.0,62172,19.21
21019,Boyd,1,13,1193.630126953125,25400446.0,37818,31.56
01001,Autauga,1,12,1188.3360595703125,25287792.0,45359,26.2
47105,Loudon,1,10,1177.767333984375,25062888.0,46104,25.55
44001,Bristol,1,11,1173.065673828125,24962836.0,41405,28.33
34033,Salem,1,24,1168.8516845703125,24873162.0,50752,23.03
36113,Warren,1,19,1158.748046875,24658156.0,53954,21.48
13179,Liberty,1,14,1153.19775390625,24540046.0,48332,23.86
48473,Waller,1,6,1148.0504150390625,24430514.0,45329,25.33
55015,Calumet,1,11,1146.584716796875,24399322.0,40657,28.2
18109,Morgan,1,13,1145.6466064453125,24379358.0,56130,20.41
26087,Lapeer,1,24,1130.6300048828125,24059806.0,70832,15.96
42025,Carbon,1,12,1125.6619873046875,23954088.0,52737,21.34
51540,Charlottesville,1,12,1125.6383056640625,23953582.0,38444,29.28
04027,Yuma,1,53,1121.260986328125,23860432.0,156074,7.18
45031,Darlington,1,16,1114.609130859375,23718882.0,48702,22.89
48325,Medina,1,8,1112.9373779296875,23683308.0,40541,27.45
45055,Kershaw,1,15,1110.7894287109375,23637598.0,51367,21.62
05069,Jefferson,1,24,1106.5123291015625,23546582.0,51558,21.46
17063,Grundy,1,10,1102.629638671875,23463960.0,39848,27.67
48493,Wilson,1,11,1102.2569580078125,23456026.0,39383,27.99
51095,James City,1,11,1102.206787109375,23454960.0,64322,17.14
48199,Hardin,1,11,1098.228515625,23370300.0,42954,25.57
47089,Jefferson,1,9,1091.7977294921875,23233456.0,45072,24.22
39159,Union,1,10,1086.3841552734375,23118256.0,49446,21.97
54069,Ohio,1,18,1081.28662109375,23009780.0,33668,32.12
55017,Chippewa,1,11,1077.36376953125,22926300.0,52132,20.67
20103,Leavenworth,1,16,1072.648193359375,22825952.0,62924,17.05
48071,Chambers,1,5,1064.69287109375,22656664.0,35663,29.85
17077,Jackson,1,14,1062.0382080078125,22600176.0,42699,24.87
26117,Montcalm,1,13,1060.5390625,22568272.0,53007,20.01
21101,Henderson,1,11,1058.8375244140625,22532062.0,34366,30.81
29145,Newton,1,12,1056.8909912109375,22490638.0,45272,23.35
40083,Logan,1,8,1056.22607421875,22476492.0,39535,26.72
26155,Shiawassee,1,17,1042.537109375,22185188.0,53864,19.35
37023,Burke,1,18,1041.100341796875,22154612.0,71558,14.55
37027,Caldwell,1,17,1040.619384765625,22144378.0,64579,16.11
48013,Atascosa,1,8,1036.359130859375,22053722.0,36654,28.27
55021,Columbia,1,12,1035.82470703125,22042354.0,46191,22.42
45059,Laurens,1,17,1034.951904296875,22023776.0,52957,19.54
47167,Tipton,1,13,1033.662841796875,21996346.0,46707,22.13
55031,Douglas,1,12,1033.367431640625,21990060.0,35666,28.97
53003,Asotin,1,6,1031.6795654296875,21954142.0,18031,57.22
39123,Ottawa,1,13,1029.19775390625,21901328.0,33047,31.14
36117,Wayne,1,22,1017.9051513671875,21661024.0,71797,14.18
21185,Oldham,1,14,1016.8634643554688,21638854.0,51362,19.8
39055,Geauga,1,21,1015.982421875,21620106.0,74066,13.72
24047,Worcester,1,15,1014.6463623046875,21591674.0,44073,23.02
37141,Pender,1,15,1006.3270874023438,21414638.0,49206,20.45
49003,Box Elder,1,11,1001.1304931640625,21304060.0,41257,24.27
22095,St. John the Baptist,1,11,998.059326171875,21238704.0,31309,31.88
28073,Lamar,1,8,991.56005859375,21100398.0,49089,20.2
26067,Ionia,1,13,984.9900512695312,20960590.0,52534,18.75
21211,Shelby,1,9,983.4312744140625,20927418.0,37717,26.07
37093,Hoke,1,8,978.1893920898438,20815870.0,38670,25.3
29113,Lincoln,1,7,972.2691650390625,20689888.0,46064,21.11
47073,Hawkins,1,13,968.362060546875,20606744.0,46400,20.87
47019,Carter,1,17,966.1831665039062,20560376.0,46380,20.83
13295,Walker,1,13,949.3142700195312,20201406.0,53801,17.64
48401,Rusk,1,13,944.8640747070312,20106710.0,40681,23.23
24009,Calvert,1,18,936.0305786132812,19918732.0,72005,13.0
40087,McClain,1,6,935.9779052734375,19917610.0,32695,28.63
51019,Bedford,1,17,927.6719360351562,19740858.0,64519,14.38
42005,Armstrong,1,19,923.1791381835938,19645252.0,52684,17.52
54037,Jefferson,1,15,917.716064453125,19528996.0,45973,19.96
22099,St. Martin,1,11,912.0450439453125,19408320.0,39132,23.31
13103,Effingham,1,10,909.4041137695312,19352116.0,49354,18.43
22113,Vermilion,1,12,909.3590698242188,19351160.0,42586,21.35
18145,Shelby,1,10,905.2024536132812,19262708.0,34922,25.92
47043,Dickson,1,10,899.7626953125,19146950.0,42630,21.11
13255,Spalding,1,12,894.8585815429688,19042592.0,52259,17.12
48055,Caldwell,1,8,889.5284423828125,18929166.0,36142,24.61
51191,Washington,1,13,889.4483032226562,18927458.0,44573,19.95
36043,Herkimer,1,19,882.3655395507812,18776740.0,47596,18.54
47145,Roane,1,10,880.3038940429688,18732862.0,44182,19.92
21049,Clark,1,10,868.6272583007812,18484388.0,28657,30.31
27009,Benton,1,9,859.4217529296875,18288496.0,30888,27.82
36053,Madison,1,16,852.2979736328125,18136902.0,55021,15.49
39097,Madison,1,12,839.607421875,17866846.0,35260,23.81
51683,Manassas,1,7,838.4026489257812,17841208.0,31145,26.92
25011,Franklin,1,18,837.5366821289062,17822782.0,58943,14.21
51061,Fauquier,1,17,837.0048828125,17811466.0,56620,14.78
27025,Chisago,1,10,835.0166015625,17769152.0,44467,18.78
37087,Haywood,1,15,811.1693115234375,17261682.0,51297,15.81
17007,Boone,1,7,811.0670776367188,17259506.0,40430,20.06
53017,Douglas,1,8,809.038818359375,17216348.0,32768,24.69
05091,Miller,1,11,807.9197998046875,17192532.0,32525,24.84
38059,Morton,1,5,796.4246826171875,16947916.0,25566,31.15
40113,Osage,1,11,795.291259765625,16923798.0,36194,21.97
20079,Harvey,1,6,786.4971313476562,16736661.0,25749,30.54
51630,Fredericksburg,1,6,784.8868408203125,16702393.0,22375,35.08
37069,Franklin,1,12,779.1405029296875,16580112.0,56218,13.86
37037,Chatham,1,13,776.5401611328125,16524774.0,62905,12.34
36051,Livingston,1,15,774.1039428710938,16472932.0,50507,15.33
51031,Campbell,1,12,770.1172485351562,16388094.0,44514,17.3
48259,Kendall,1,6,760.8882446289062,16191702.0,36296,20.96
40135,Sequoyah,1,9,760.7506713867188,16188774.0,30194,25.2
28045,Hancock,1,7,759.4327392578125,16160728.0,37048,20.5
18029,Dearborn,1,10,748.5172729492188,15928448.0,39532,18.93
40111,Okmulgee,1,10,747.69384765625,15910925.0,28185,26.53
36115,Washington,1,17,742.6201171875,15802957.0,49580,14.98
51840,Winchester,1,5,741.694580078125,15783260.0,21705,34.17
16053,Jerome,1,5,739.4695434570312,15735912.0,17354,42.61
27103,Nicollet,1,7,738.2825927734375,15710654.0,26916,27.43
37065,Edgecombe,1,14,737.171142578125,15687000.0,37593,19.61
47053,Gibson,1,13,735.5679321289062,15652886.0,38264,19.22
16051,Jefferson,1,4,735.1303100585938,15643574.0,21642,33.97
17117,Macoupin,1,13,734.4232177734375,15628526.0,35322,20.79
12075,Levy,1,9,727.4730834960938,15480625.0,35589,20.44
17073,Henry,1,13,724.465576171875,15416628.0,38155,18.99
19181,Warren,1,12,723.0106201171875,15385666.0,40312,17.94
39051,Fulton,1,9,713.5006103515625,15183294.0,32585,21.9
36079,Putnam,1,19,709.60986328125,15100497.0,78808,9.0
22047,Iberville,1,7,705.3397216796875,15009629.0,23679,29.79
24035,Queen Anne's,1,11,705.1893310546875,15006429.0,40103,17.58
51149,Prince George,1,7,704.2317504882812,14986052.0,34419,20.46
47013,Campbell,1,11,701.7098388671875,14932384.0,31492,22.28
21089,Greenup,1,9,698.3893432617188,14861724.0,27993,24.95
01009,Blount,1,9,694.7909545898438,14785151.0,45554,15.25
54099,Wayne,1,11,688.2565307617188,14646098.0,30583,22.5
37077,Granville,1,13,687.2740478515625,14625192.0,48792,14.09
29027,Callaway,1,8,679.9947509765625,14470287.0,35260,19.29
20061,Geary,1,8,674.8024291992188,14359794.0,24542,27.5
40081,Lincoln,1,7,671.0685424804688,14280338.0,25935,25.88
26027,Cass,1,11,669.6592407226562,14250347.0,41056,16.31
55093,Pierce,1,8,667.9570922851562,14214128.0,33673,19.84
50011,Franklin,1,10,667.9512939453125,14214003.0,39396,16.95
51047,Culpeper,1,8,658.5355224609375,14013637.0,40158,16.4
22121,West Baton Rouge,1,5,658.2132568359375,14006778.0,21128,31.15
27119,Polk,1,10,656.8988037109375,13978809.0,23286,28.21
48459,Upshur,1,7,654.4549560546875,13926802.0,31808,20.58
13029,Bryan,1,6,649.5321044921875,13822043.0,33025,19.67
47047,Fayette,1,11,641.330322265625,13647508.0,34848,18.4
27059,Isanti,1,8,639.5319213867188,13609239.0,32185,19.87
51730,Petersburg,1,11,637.3352661132812,13562494.0,25705,24.79
51067,Franklin,1,10,636.8824462890625,13552860.0,44587,14.28
01021,Chilton,1,9,629.509765625,13395967.0,34534,18.23
51155,Pulaski,1,8,628.6244506835938,13377128.0,27738,22.66
54051,Marshall,1,9,623.757568359375,13273561.0,24398,25.57
51775,Salem,1,5,620.7431640625,13209414.0,20643,30.07
51187,Warren,1,8,620.14111328125,13196602.0,32230,19.24
18183,Whitley,1,7,613.3158569335938,13051362.0,26452,23.19
54019,Fayette,1,12,612.9807739257812,13044231.0,31753,19.3
17027,Clinton,1,8,608.2489013671875,12943537.0,28933,21.02
51093,Isle of Wight,1,8,597.847412109375,12722193.0,31041,19.26
51790,Staunton,1,6,593.1241455078125,12621680.0,20828,28.48
18133,Putnam,1,7,588.9000244140625,12531792.0,30005,19.63
55045,Green,1,8,587.6358642578125,12504891.0,28937,20.31
54029,Hancock,1,8,582.373779296875,12392913.0,23304,24.99
36073,Orleans,1,10,580.6597900390625,12356441.0,32095,18.09
51820,Waynesboro,1,5,574.686279296875,12229324.0,17483,32.87
55083,Oconto,1,10,571.1730346679688,12154562.0,31488,18.14
19099,Jasper,1,9,565.0029907226562,12023262.0,29482,19.16
51750,Radford,1,3,562.1336059570312,11962203.0,14467,38.86
29219,Warren,1,5,560.6839599609375,11931355.0,27907,20.09
21239,Woodford,1,8,552.6723022460938,11760866.0,21098,26.2
17057,Fulton,1,12,552.000244140625,11746566.0,26693,20.68
16045,Gem,1,3,551.4422607421875,11734691.0,15414,35.78
18073,Jasper,1,8,544.7030639648438,11591280.0,25488,21.37
22075,Plaquemines,1,8,543.5104370117188,11565903.0,17306,31.41
46093,Meade,1,5,542.7053833007812,11548772.0,23727,22.87
39015,Brown,1,9,541.3453369140625,11519829.0,33698,16.06
17133,Monroe,1,6,541.208984375,11516928.0,27240,19.87
08119,Teller,1,6,532.78076171875,11337574.0,20804,25.61
23023,Sagadahoc,1,8,529.1571655273438,11260464.0,30435,17.39
42099,Perry,1,10,525.100341796875,11174136.0,36302,14.46
20121,Miami,1,8,521.341552734375,11094148.0,26343,19.79
29225,Webster,1,8,520.2536010742188,11070995.0,28923,17.99
13213,Murray,1,8,519.1741943359375,11048027.0,30663,16.93
27017,Carlton,1,7,518.454345703125,11032710.0,28441,18.23
17203,Woodford,1,9,516.7518310546875,10996478.0,29140,17.73
36107,Tioga,1,10,514.9666137695312,10958488.0,38265,13.46
49045,Tooele,1,10,512.3125,10902009.0,52486,9.76
47021,Cheatham,1,9,512.0184936523438,10895754.0,32529,15.74
39127,Perry,1,6,507.53179931640625,10800276.0,27101,18.73
05111,Poinsett,1,7,505.0086364746094,10746584.0,17256,29.27
29167,Polk,1,4,504.8128662109375,10742419.0,24568,20.55
37169,Stokes,1,9,499.2248229980469,10623504.0,36522,13.67
13177,Lee,1,5,499.0594177246094,10619985.0,24710,20.2
54057,Mineral,1,7,494.53680419921875,10523742.0,21557,22.94
13219,Oconee,1,6,491.6465759277344,10462239.0,31575,15.57
48015,Austin,1,6,485.0458679199219,10321776.0,23470,20.67
51670,Hopewell,1,6,483.5460205078125,10289859.0,17086,28.3
01079,Lawrence,1,9,483.199462890625,10282484.0,25960,18.61
55069,Lincoln,1,10,474.5737609863281,10098930.0,23283,20.38
37059,Davie,1,7,469.2978820800781,9986659.0,34376,13.65
51520,Bristol,1,4,468.54339599609375,9970604.0,13591,34.47
51073,Gloucester,1,8,467.6710205078125,9952039.0,31365,14.91
47115,Marion,1,6,461.3206481933594,9816904.0,23003,20.05
48253,Jones,1,6,459.4582824707031,9777274.0,16655,27.59
54009,Brooke,1,6,457.8739013671875,9743557.0,18240,25.1
22007,Assumption,1,6,456.58392333984375,9716105.0,16412,27.82
27079,Le Sueur,1,6,452.7222595214844,9633930.0,22211,20.38
22093,St. James,1,7,450.570068359375,9588131.0,15366,29.32
37145,Person,1,7,450.17266845703125,9579674.0,31142,14.46
12129,Wakulla,1,4,449.63055419921875,9568138.0,27548,16.32
29107,Lafayette,1,7,449.51416015625,9565661.0,25371,17.72
12039,Gadsden,1,9,446.2713928222656,9496655.0,33951,13.14
20191,Sumner,1,6,445.94805908203125,9489774.0,16970,26.28
42103,Pike,1,18,445.3769836425781,9477624.0,49366,9.02
45027,Clarendon,1,11,444.94158935546875,9468358.0,25281,17.6
37053,Currituck,1,7,443.3009948730469,9433447.0,23058,19.23
48019,Bandera,1,5,441.3681945800781,9392316.0,17993,24.53
01061,Geneva,1,6,439.0695495605469,9343400.0,20816,21.09
48281,Lampasas,1,5,438.1575927734375,9323994.0,17432,25.14
18021,Clay,1,6,435.8858642578125,9275651.0,20289,21.48
13225,Peach,1,6,431.12860107421875,9174417.0,22250,19.38
51570,Colonial Heights,1,5,427.22247314453125,9091295.0,13813,30.93
51023,Botetourt,1,8,426.3203125,9072097.0,27520,15.49
18061,Harrison,1,6,424.89691162109375,9041806.0,30892,13.75
37197,Yadkin,1,7,422.7685852050781,8996515.0,29665,14.25
20149,Pottawatomie,1,4,422.71917724609375,8995463.0,18309,23.09
54035,Jackson,1,6,422.5165710449219,8991154.0,21738,19.44
39073,Hocking,1,7,422.3047790527344,8986646.0,21886,19.3
51600,Fairfax,1,5,420.731689453125,8953170.0,18595,22.63
51830,Williamsburg,1,3,419.3786315917969,8924377.0,13936,30.09
45053,Jasper,1,4,406.9153137207031,8659159.0,24820,16.39
22067,Morehouse,1,8,402.64019775390625,8568183.0,19149,21.03
08093,Park,1,5,400.2859191894531,8518085.0,15134,26.45
19015,Boone,1,7,397.8127136230469,8465454.0,21088,18.86
39019,Carroll,1,7,397.5484924316406,8459832.0,21230,18.73
45023,Chester,1,11,396.6497497558594,8440707.0,24965,15.89
54077,Preston,1,8,395.9018249511719,8424791.0,28066,14.11
18129,Posey,1,7,395.2608642578125,8411150.0,19590,20.18
12003,Baker,1,4,394.73614501953125,8399985.0,21372,18.47
27157,Wabasha,1,6,386.0066833496094,8214221.5,16773,23.01
21163,Meade,1,7,385.1280517578125,8195525.0,23369,16.48
22031,De Soto,1,7,383.1267395019531,8152938.0,20453,18.73
21043,Carter,1,7,382.61468505859375,8142040.5,20580,18.59
21081,Grant,1,4,382.13385009765625,8131807.5,18494,20.66
37003,Alexander,1,7,381.78546142578125,8124395.0,29301,13.03
45037,Edgefield,1,6,381.33233642578125,8114753.0,21935,17.38
39117,Morrow,1,6,378.1967468261719,8048027.0,27441,13.78
28137,Tate,1,5,377.8539123535156,8040731.0,21750,17.37
22077,Pointe Coupee,1,6,377.7384338378906,8038273.0,16039,23.55
13195,Madison,1,6,370.3824462890625,7881738.5,23690,15.63
47057,Grainger,1,5,369.22955322265625,7857205.0,19197,19.23
13035,Butts,1,3,363.6068115234375,7737553.0,20724,17.55
55061,Kewaunee,1,4,362.6007995605469,7716145.0,16278,22.28
51009,Amherst,1,9,360.8113098144531,7678064.5,25130,14.36
13143,Haralson,1,5,359.37200927734375,7647437.0,23397,15.36
19017,Bremer,1,8,358.99261474609375,7639362.5,19441,18.47
27095,Mille Lacs,1,7,353.25555419921875,7517278.0,20616,17.14
18175,Washington,1,6,349.46820068359375,7436683.0,21681,16.12
13169,Jones,1,6,348.02276611328125,7405924.0,22008,15.81
28093,Marshall,1,6,345.9158935546875,7361091.0,26842,12.89
13033,Burke,1,6,342.83905029296875,7295616.0,18360,18.67
21017,Bourbon,1,6,342.6747131347656,7292117.5,15569,22.01
13207,Monroe,1,5,342.3526611328125,7285265.0,22852,14.98
13189,McDuffie,1,5,341.9754638671875,7277237.5,16263,21.03
22125,West Feliciana,1,3,341.2080993652344,7260907.5,12870,26.51
51685,Manassas Park,1,2,340.87847900390625,7253893.5,12824,26.58
47111,Macon,1,4,339.59307861328125,7226540.5,19341,17.56
18153,Sullivan,1,5,338.0920104980469,7194597.0,16774,20.16
31043,Dakota,1,4,337.5406188964844,7182864.0,15071,22.4
05047,Franklin,1,3,335.16680908203125,7132349.5,13328,25.15
17083,Jersey,1,6,330.01611328125,7022743.5,17080,19.32
16041,Franklin,1,2,328.701171875,6994761.0,10162,32.35
28163,Yazoo,1,6,322.8128967285156,6869458.5,21016,15.36
47159,Smith,1,5,321.0789489746094,6832560.0,15676,20.48
24039,Somerset,1,7,320.2934875488281,6815845.5,20374,15.72
31025,Cass,1,6,319.4444885253906,6797779.0,20600,15.51
48145,Falls,1,6,318.56951904296875,6779159.5,13459,23.67
48051,Burleson,1,5,318.0736083984375,6768606.0,14294,22.25
27039,Dodge,1,5,316.83441162109375,6742237.0,15625,20.28
13145,Harris,1,5,314.3897705078125,6690214.0,27872,11.28
13321,Worth,1,5,310.3318176269531,6603860.5,15990,19.41
48395,Robertson,1,5,306.4790954589844,6521875.0,12908,23.74
55049,Iowa,1,6,306.229248046875,6516558.5,18620,16.45
28029,Copiah,1,6,306.12298583984375,6514298.0,21675,14.12
42093,Montour,1,4,303.6590270996094,6461864.0,14417,21.06
49029,Morgan,1,2,302.3062438964844,6433076.5,8300,36.42
29177,Ray,1,4,301.8252868652344,6422842.5,17869,16.89
19011,Benton,1,7,299.0628356933594,6364057.0,19757,15.14
01067,Henry,1,6,295.3692321777344,6285457.0,13880,21.28
28127,Simpson,1,5,292.6947937011719,6228546.0,19803,14.78
12041,Gilchrist,1,5,291.4849853515625,6202800.0,14643,19.91
36095,Schoharie,1,8,290.9323425292969,6191040.0,24734,11.76
27055,Houston,1,5,290.3055725097656,6177703.0,14709,19.74
13085,Dawson,1,3,290.0866394042969,6173043.0,22951,12.64
08039,Elbert,1,7,289.586669921875,6162405.0,21424,13.52
22043,Grant,1,5,288.4703063964844,6138647.5,17467,16.52
18165,Vermillion,1,5,287.73333740234375,6122965.5,12034,23.91
22111,Union,1,6,287.2867126464844,6113462.0,16401,17.52
36123,Yates,1,5,287.2742614746094,6113196.5,19011,15.11
19105,Jones,1,5,285.2193298339844,6069467.0,16455,17.33
29049,Clinton,1,4,284.57806396484375,6055821.5,16359,17.4
48059,Callahan,1,3,281.7514953613281,5995672.0,11012,25.59
47173,Union,1,4,281.62353515625,5992949.0,15799,17.83
05053,Grant,1,4,280.63604736328125,5971934.5,14243,19.7
40117,Pawnee,1,5,280.62359619140625,5971670.5,12018,23.35
31155,Saunders,1,5,277.22796630859375,5899410.5,17088,16.22
19183,Washington,1,5,273.2591552734375,5814955.5,16986,16.09
13227,Pickens,1,6,270.3157958984375,5752319.0,27693,9.76
51053,Dinwiddie,1,6,269.61334228515625,5737372.0,22428,12.02
18015,Carroll,1,7,269.44415283203125,5733772.0,15963,16.88
47023,Chester,1,3,269.06884765625,5725784.5,13672,19.68
54027,Hampshire,1,5,268.8934326171875,5722052.0,19071,14.1
01007,Bibb,1,4,267.51318359375,5692680.5,17694,15.12
21215,Spencer,1,4,266.06280517578125,5661816.0,15376,17.3
47171,Unicoi,1,4,262.76446533203125,5591627.5,14534,18.08
21003,Allen,1,6,261.8835754394531,5572882.0,16184,16.18
45081,Saluda,1,5,261.7835388183594,5570753.5,14812,17.67
17005,Bond,1,4,261.12091064453125,5556653.0,13598,19.2
53059,Skamania,1,5,260.9228210449219,5552437.5,10192,25.6
13025,Brantley,1,3,258.5911865234375,5502820.5,14106,18.33
29053,Cooper,1,5,257.5810241699219,5481325.0,13041,19.75
31177,Washington,1,5,255.67694091796875,5440805.5,15900,16.08
42131,Wyoming,1,7,255.10366821289062,5428606.5,21037,12.13
51145,Powhatan,1,5,254.6669921875,5419314.0,25518,9.98
51065,Fluvanna,1,4,253.5644073486328,5395850.5,22270,11.39
13211,Morgan,1,5,251.61749267578125,5354420.5,16005,15.72
27045,Fillmore,1,6,251.50277709960938,5351979.5,16112,15.61
18047,Franklin,1,5,251.3184051513672,5348055.5,17743,14.16
45039,Fairfield,1,5,247.65472412109375,5270092.0,16922,14.64
29013,Bates,1,4,247.33154296875,5263215.0,12355,20.02
37007,Anson,1,6,246.60748291015625,5247808.0,17466,14.12
51079,Greene,1,3,246.28543090820312,5240953.5,15989,15.4
51169,Scott,1,6,245.945556640625,5233721.5,17637,13.94
46127,Union,1,3,244.9779052734375,5213130.0,12824,19.1
13171,Lamar,1,3,242.46771240234375,5159712.5,14964,16.2
35057,Torrance,1,4,241.16888427734375,5132073.5,12132,19.88
17147,Piatt,1,4,240.9621124267578,5127674.0,13041,18.48
08019,Clear Creek,1,3,238.48809814453125,5075027.0,8031,29.7
22037,East Feliciana,1,5,237.7918243408203,5060210.5,16030,14.83
51075,Goochland,1,5,235.4976043701172,5011389.0,21368,11.02
18119,Owen,1,5,235.1642303466797,5004294.5,17158,13.71
21103,Henry,1,5,234.5200958251953,4990587.5,12062,19.44
13199,Meriwether,1,4,233.09230041503906,4960204.0,16274,14.32
47153,Sequatchie,1,3,232.4009552001953,4945492.5,13132,17.7
16077,Power,1,2,232.09657287597656,4939016.0,5583,41.57
18121,Parke,1,4,232.03829956054688,4937775.0,12718,18.24
31159,Seward,1,4,231.88401794433594,4934491.5,13485,17.2
01107,Pickens,1,5,229.45864868164062,4882880.0,15204,15.09
49023,Juab,1,2,228.07473754882812,4853430.0,8136,28.03
51071,Giles,1,4,227.22303771972656,4835306.5,13313,17.07
47139,Polk,1,5,227.2190704345703,4835222.0,14309,15.88
51127,New Kent,1,3,226.85060119628906,4827381.0,19432,11.67
30009,Carbon,1,5,226.76834106445312,4825630.0,8985,25.24
47015,Cannon,1,3,225.715576171875,4803227.5,11395,19.81
48065,Carson,1,2,225.6798858642578,4802467.0,4499,50.16
48077,Clay,1,3,225.29515075683594,4794281.0,8362,26.94
47033,Crockett,1,5,224.7596435546875,4782885.0,10676,21.05
54005,Boone,1,8,224.6806182861328,4781203.5,16908,13.29
51610,Falls Church,1,3,219.881591796875,4679080.5,11065,19.87
54065,Morgan,1,4,219.22738647460938,4665159.0,14302,15.33
47129,Morgan,1,5,217.60848999023438,4630709.0,17154,12.69
13183,Long,1,2,216.601318359375,4609275.5,12655,17.12
13053,Chattahoochee,1,5,216.29209899902344,4602696.0,7422,29.14
05087,Madison,1,4,214.75637817382812,4570015.5,13050,16.46
28131,Stone,1,3,214.3388214111328,4561130.0,14531,14.75
29135,Moniteau,1,4,213.67160034179688,4546932.0,11473,18.62
20087,Jefferson,1,4,209.73886108398438,4463243.0,14300,14.67
21221,Trigg,1,3,209.73440551757812,4463147.5,11117,18.87
21123,Larue,1,4,209.49046325683594,4457957.0,11624,18.02
51101,King William,1,4,205.0146026611328,4362710.5,14045,14.6
18111,Newton,1,4,204.1807403564453,4344966.0,10945,18.66
45017,Calhoun,1,3,202.74945068359375,4314508.0,11498,17.63
16015,Boise,1,1,202.71612548828125,4313799.0,6809,29.77
05081,Little River,1,4,202.66615295410156,4312736.0,9298,21.8
28031,Covington,1,4,202.09884643554688,4300663.0,13838,14.6
13027,Brooks,1,5,201.68505859375,4291858.0,12833,15.72
51043,Clarke,1,3,200.00218200683594,4256046.0,12201,16.39
20139,Osage,1,5,199.4254608154297,4243773.5,12099,16.48
29059,Dallas,1,3,199.3123321533203,4241366.0,13169,15.13
29003,Andrew,1,4,198.1433868408203,4216491.5,14000,14.15
05079,Lincoln,1,4,195.5343017578125,4160969.75,10898,17.94
13231,Pike,1,4,194.61871337890625,4141486.25,14945,13.02
19121,Madison,1,3,192.54153442382812,4097283.25,12585,15.3
19085,Harrison,1,5,192.1268768310547,4088460.0,11268,17.05
16073,Owyhee,1,3,190.79312133789062,4060078.25,9216,20.7
28051,Holmes,1,5,188.6255340576172,4013951.25,12400,15.21
21191,Pendleton,1,3,187.13623046875,3982259.25,11286,16.58
54043,Lincoln,1,5,185.51510620117188,3947761.25,15693,11.82
47169,Trousdale,1,2,185.45669555664062,3946518.75,9863,18.8
37137,Pamlico,1,4,184.9481201171875,3935695.75,10563,17.51
01129,Washington,1,5,180.84458923339844,3848373.0,12110,14.93
51175,Southampton,1,5,179.16226196289062,3812573.25,14544,12.32
51735,Poquoson,1,3,178.19447326660156,3791978.5,9684,18.4
17087,Johnson,1,4,177.138671875,3769510.75,10976,16.14
17131,Mercer,1,4,176.06683349609375,3746702.0,12326,14.28
30095,Stillwater,1,3,173.4472198486328,3690957.25,7144,24.28
13159,Jasper,1,3,173.32534790039062,3688363.5,11747,14.75
01065,Hale,1,6,171.78709411621094,3655629.5,11234,15.29
21077,Gallatin,1,2,171.77342224121094,3655338.5,6790,25.3
20085,Jackson,1,3,171.03622436523438,3639651.25,10002,17.1
51011,Appomattox,1,3,170.21461486816406,3622166.5,12833,13.26
13221,Oglethorpe,1,4,168.99261474609375,3596162.75,11935,14.16
13083,Dade,1,4,168.52774047851562,3586270.5,13018,12.95
17123,Marshall,1,5,168.13540649414062,3577921.5,9236,18.2
27075,Lake,1,3,167.900390625,3572920.5,8830,19.01
13191,McIntosh,1,3,166.0625,3533809.75,9489,17.5
19129,Mills,1,5,164.26893615722656,3495643.0,11201,14.67
37115,Madison,1,6,161.72796630859375,3441570.75,17846,9.06
13079,Crawford,1,3,157.34841918945312,3348374.5,9650,16.31
48009,Archer,1,3,156.72381591796875,3335082.75,6722,23.32
47161,Stewart,1,3,156.1061248779297,3321938.5,10864,14.37
48305,Lynn,1,3,150.93017578125,3211794.0,4102,36.79
28143,Tunica,1,2,144.65536499023438,3078266.25,6876,21.04
18007,Benton,1,3,144.54702758789062,3075961.0,6553,22.06
51620,Franklin,1,2,144.0931396484375,3066302.0,6030,23.9
29063,DeKalb,1,2,141.97067260742188,3021136.0,9071,15.65
51113,Madison,1,2,138.72142028808594,2951991.75,11139,12.45
48107,Crosby,1,3,138.66387939453125,2950767.5,3772,36.76
29151,Osage,1,4,136.3685760498047,2901923.25,10286,13.26
21061,Edmonson,1,3,135.07144165039062,2874320.25,9930,13.6
08047,Gilpin,1,1,133.82403564453125,2847775.5,4953,27.02
05105,Perry,1,3,133.265869140625,2835897.75,7873,16.93
13173,Lanier,1,2,132.74710083007812,2824858.25,7794,17.03
29089,Howard,1,3,129.859130859375,2763402.25,7903,16.43
21091,Hancock,1,3,129.73448181152344,2760749.75,6838,18.97
12065,Jefferson,1,3,129.52162170410156,2756219.75,12184,10.63
51125,Nelson,1,3,128.9842071533203,2744783.75,12167,10.6
13273,Terrell,1,4,128.91009521484375,2743207.0,6905,18.67
40033,Cotton,1,2,128.54383850097656,2735412.5,4233,30.37
21031,Butler,1,5,127.70588684082031,2717581.5,9498,13.45
28111,Perry,1,3,127.37712097167969,2710585.0,8930,14.26
17129,Menard,1,3,126.32408905029297,2688176.75,9482,13.32
13197,Marion,1,2,122.95216369628906,2616422.0,5957,20.64
20107,Linn,1,2,122.65399932861328,2610077.25,7580,16.18
19075,Grundy,1,4,122.09275817871094,2598134.0,9435,12.94
13149,Heard,1,3,121.49866485595703,2585491.5,8911,13.63
22091,St. Helena,1,2,121.25752258300781,2580360.25,8642,14.03
51183,Sussex,1,5,115.36371612548828,2454939.75,9090,12.69
19077,Guthrie,1,3,114.86567687988281,2444341.5,8367,13.73
18013,Brown,1,4,114.53197479248047,2437240.25,12957,8.84
29017,Bollinger,1,3,114.51779174804688,2436938.75,8270,13.85
29025,Caldwell,1,2,112.5194091796875,2394413.0,6784,16.59
21149,McLean,1,3,111.58051300048828,2374433.5,7016,15.9
21023,Bracken,1,3,111.20166778564453,2366371.5,6438,17.27
51007,Amelia,1,2,110.3427734375,2348094.25,10573,10.44
01085,Lowndes,1,4,108.38650512695312,2306465.0,7809,13.88
18115,Ohio,1,2,105.20964050292969,2238861.25,4767,22.07
31121,Merrick,1,3,104.95055389404297,2233347.75,5940,17.67
50013,Grand Isle,1,2,101.82756042480469,2166890.5,6126,16.62
51115,Mathews,1,2,99.6773681640625,2121134.25,7188,13.87
18161,Union,1,2,98.41795349121094,2094334.0,5575,17.65
46125,Turner,1,2,98.35834503173828,2093065.5,6557,15.0
13181,Lincoln,1,2,97.43653106689453,2073449.25,6297,15.47
37103,Jones,1,3,95.09510803222656,2023623.875,7545,12.6
37029,Camden,1,2,93.58462524414062,1991480.75,8135,11.5
48317,Martin,1,2,93.41473388671875,1987865.625,3691,25.31
05025,Cleveland,1,2,91.68567657470703,1951071.25,5918,15.49
13289,Twiggs,1,2,89.01363372802734,1894210.25,6375,13.96
18171,Warren,1,2,87.61031341552734,1864347.5,6592,13.29
48175,Goliad,1,2,86.74637603759766,1845962.625,5668,15.3
37073,Gates,1,3,85.28684997558594,1814904.375,8402,10.15
01063,Greene,1,3,84.40618133544922,1796163.5,5967,14.15
20043,Doniphan,1,3,84.12794494628906,1790242.625,5967,14.1
31093,Howard,1,2,80.25740051269531,1707877.5,4844,16.57
22023,Cameron,1,2,79.96446228027344,1701644.125,3967,20.16
20197,Wabaunsee,1,2,76.91927337646484,1636842.125,5365,14.34
16023,Butte,1,1,69.5072250366211,1479113.75,1949,35.66
17003,Alexander,1,4,69.409912109375,1477042.875,3950,17.57
13259,Stewart,1,2,65.041259765625,1384077.875,4387,14.83
46087,McCook,1,2,60.620361328125,1290001.25,4108,14.76
51097,King and Queen,1,2,56.59342575073242,1204308.0,5486,10.32
54105,Wirt,1,2,56.484127044677734,1201982.25,4035,14.0
17175,Stark,1,2,56.27037811279297,1197433.5,4171,13.49
13263,Talbot,1,3,52.764503479003906,1122828.75,4814,10.96
32029,Storey,1,1,52.559452056884766,1118465.25,3659,14.36
51157,Rappahannock,1,2,52.23310852050781,1111520.5,6102,8.56
31051,Dixon,1,2,50.3560905456543,1071577.625,4170,12.08
13101,Echols,1,2,49.14921188354492,1045895.3125,2671,18.4
54015,Clay,1,3,48.97011184692383,1042084.0,6194,7.91
51036,Charles City,1,3,46.348304748535156,986292.0,5713,8.11
17013,Calhoun,1,2,45.605987548828125,970495.5625,3509,13.0
51045,Craig,1,1,44.036964416503906,937106.5,3658,12.04
48011,Armstrong,1,1,40.709739685058594,866303.1875,1474,27.62
48229,Hudspeth,1,1,25.377840042114258,540040.375,2733,9.29
38065,Oliver,1,1,21.033523559570312,447593.46875,1345,15.64
48431,Sterling,1,1,17.51424217224121,372703.09375,889,19.7
48235,Irion,1,1,16.949481964111328,360685.0,1089,15.56
48359,Oldham,1,1,13.515867233276367,287617.65625,1346,10.04
