GEOID,name,tracts,preventable_cases,avoided_cost,adult_population,preventable_per_1000_adults
06037,Los Angeles,1,35810.95703125,762057216.0,7790870,4.6
48201,Harris,1,20805.03125,442731072.0,3515154,5.92
17031,Cook,1,19611.361328125,417329760.0,4074847,4.81
04013,Maricopa,1,19566.951171875,416384768.0,3466307,5.64
06073,San Diego,1,12980.7099609375,276229472.0,2588613,5.01
48113,Dallas,1,12345.2880859375,262707712.0,1941989,6.36
06059,Orange,1,12293.6337890625,261608512.0,2489230,4.94
53033,King,1,11916.3994140625,253581024.0,1815592,6.56
36047,Kings,1,10819.28125,230234304.0,2051269,5.27
48029,Bexar,1,10719.4892578125,228110704.0,1529319,7.01
48439,Tarrant,1,10421.1484375,221762032.0,1587266,6.57
32003,Clark,1,9877.5087890625,210193392.0,1776818,5.56
06065,Riverside,1,9306.20703125,198036032.0,1851238,5.03
12086,Miami-Dade,1,9290.0224609375,197691696.0,2144601,4.33
06071,San Bernardino,1,8728.591796875,185744336.0,1623837,5.38
26163,Wayne,1,8660.0380859375,184285584.0,1352595,6.4
36081,Queens,1,8554.10546875,182031376.0,1869189,4.58
36061,New York,1,8154.76220703125,173533344.0,1398269,5.83
42101,Philadelphia,1,7787.93603515625,165727280.0,1243710,6.26
12011,Broward,1,7418.0712890625,157856560.0,1539395,4.82
25017,Middlesex,1,7089.853515625,150872096.0,1304428,5.44
39049,Franklin,1,7015.6328125,149292656.0,1012711,6.93
49035,Salt Lake,1,6984.93701171875,148639456.0,878345,7.95
06067,Sacramento,1,6717.95703125,142958112.0,1218380,5.51
27053,Hennepin,1,6644.98388671875,141405264.0,992536,6.69
48453,Travis,1,6518.94384765625,138723152.0,1039958,6.27
06001,Alameda,1,6495.232421875,138218560.0,1320914,4.92
39035,Cuyahoga,1,6374.5595703125,135650640.0,991791,6.43
06085,Santa Clara,1,6322.19189453125,134536256.0,1504544,4.2
36103,Suffolk,1,6248.85107421875,132975544.0,1206356,5.18
36005,Bronx,1,6050.25537109375,128749440.0,1071887,5.64
12057,Hillsborough,1,5952.79443359375,126675448.0,1164610,5.11
12099,Palm Beach,1,5930.84326171875,126208352.0,1222641,4.85
12095,Orange,1,5618.857421875,119569288.0,1129805,4.97
42003,Allegheny,1,5578.166015625,118703352.0,1008186,5.53
04019,Pima,1,5544.49755859375,117986920.0,841363,6.59
26125,Oakland,1,5512.31884765625,117302136.0,1011540,5.45
18097,Marion,1,5292.2294921875,112618640.0,728172,7.27
53053,Pierce,1,5241.84033203125,111546360.0,709667,7.39
48085,Collin,1,5179.16796875,110212696.0,836553,6.19
36029,Erie,1,5117.263671875,108895376.0,757491,6.76
41051,Multnomah,1,5001.919921875,106440848.0,659774,7.58
53061,Snohomish,1,4962.669921875,105605616.0,648013,7.66
26099,Macomb,1,4913.7783203125,104565208.0,694851,7.07
37119,Mecklenburg,1,4892.48779296875,104112136.0,870043,5.62
36059,Nassau,1,4828.1005859375,102741984.0,1087999,4.44
29189,St. Louis,1,4712.99755859375,100292592.0,776147,6.07
55079,Milwaukee,1,4617.5322265625,98261088.0,706106,6.54
48121,Denton,1,4610.5380859375,98112248.0,720747,6.4
37183,Wake,1,4566.38671875,97172712.0,881746,5.18
36055,Monroe,1,4461.98095703125,94950952.0,599082,7.45
06013,Contra Costa,1,4402.3896484375,93682840.0,903366,4.87
40109,Oklahoma,1,4293.88232421875,91373808.0,596231,7.2
21111,Jefferson,1,4287.9609375,91247808.0,604298,7.1
12031,Duval,1,4269.15380859375,90847592.0,780482,5.47
47157,Shelby,1,4219.66796875,89794544.0,687301,6.14
12103,Pinellas,1,4177.12939453125,88889312.0,810106,5.16
48141,El Paso,1,4167.04248046875,88674656.0,637480,6.54
08041,El Paso,1,4130.615234375,87899496.0,563588,7.33
13121,Fulton,1,4119.64208984375,87665984.0,842905,4.89
25025,Suffolk,1,4079.94384765625,86821208.0,655678,6.22
51059,Fairfax,1,4030.97900390625,85779232.0,879683,4.58
24031,Montgomery,1,4026.2109375,85677776.0,814883,4.94
24005,Baltimore,1,3974.298828125,84573088.0,663161,5.99
47037,Davidson,1,3920.35107421875,83425064.0,561736,6.98
25009,Essex,1,3818.569091796875,81259144.0,637838,5.99
39061,Hamilton,1,3795.9970703125,80778816.0,636698,5.96
06029,Kern,1,3784.87890625,80542232.0,647883,5.84
06019,Fresno,1,3739.510009765625,79576776.0,728329,5.13
35001,Bernalillo,1,3669.910888671875,78095704.0,535032,6.86
36119,Westchester,1,3669.771728515625,78092736.0,782149,4.69
08031,Denver,1,3650.748291015625,77687920.0,582914,6.26
42091,Montgomery,1,3624.437744140625,77128024.0,676249,5.36
40143,Tulsa,1,3613.616943359375,76897760.0,503784,7.17
25027,Worcester,1,3581.81787109375,76221080.0,682295,5.25
17043,DuPage,1,3554.12548828125,75631800.0,719689,4.94
44007,Providence,1,3552.38623046875,75594784.0,525159,6.76
48215,Hidalgo,1,3483.015380859375,74118568.0,604282,5.76
13135,Gwinnett,1,3470.78515625,73858304.0,711750,4.88
26081,Kent,1,3446.810302734375,73348120.0,502551,6.86
53063,Spokane,1,3435.553955078125,73108592.0,425898,8.07
34003,Bergen,1,3433.26220703125,73059816.0,753888,4.55
48491,Williamson,1,3411.450927734375,72595664.0,486290,7.02
29095,Jackson,1,3402.345458984375,72401904.0,548629,6.2
34023,Middlesex,1,3393.19677734375,72207232.0,675050,5.03
12071,Lee,1,3378.91064453125,71903216.0,656231,5.15
49049,Utah,1,3370.03564453125,71714360.0,463691,7.27
06111,Ventura,1,3350.632080078125,71301448.0,652464,5.14
48157,Fort Bend,1,3319.4580078125,70638072.0,628018,5.29
06075,San Francisco,1,3288.571533203125,69980808.0,721593,4.56
12105,Polk,1,3279.224365234375,69781896.0,592991,5.53
34013,Essex,1,3258.23193359375,69335176.0,651811,5.0
48339,Montgomery,1,3136.871337890625,66752616.0,483927,6.48
41067,Washington,1,3040.30810546875,64697760.0,468240,6.49
27123,Ramsey,1,3030.08447265625,64480200.0,417993,7.25
25021,Norfolk,1,3019.874267578125,64262932.0,574797,5.25
01073,Jefferson,1,3019.241455078125,64249464.0,515654,5.86
42017,Bucks,1,2997.193359375,63780272.0,516115,5.81
13067,Cobb,1,2977.995361328125,63371740.0,593070,5.02
34029,Ocean,1,2966.199462890625,63120712.0,485435,6.11
08005,Arapahoe,1,2965.556396484375,63107040.0,505658,5.86
39113,Montgomery,1,2928.232421875,62312788.0,416417,7.03
16001,Ada,1,2909.17431640625,61907228.0,393981,7.38
12101,Pasco,1,2906.363525390625,61847416.0,469214,6.19
13089,DeKalb,1,2885.349365234375,61400240.0,586766,4.92
06077,San Joaquin,1,2866.288330078125,60994612.0,578486,4.95
34017,Hudson,1,2858.18505859375,60822180.0,568180,5.03
55025,Dane,1,2819.341064453125,59995580.0,451869,6.24
47093,Knox,1,2778.6494140625,59129652.0,384726,7.22
17197,Will,1,2768.309326171875,58909620.0,530845,5.21
17097,Lake,1,2740.6240234375,58320484.0,543787,5.04
39153,Summit,1,2737.82763671875,58260976.0,426041,6.43
12009,Brevard,1,2734.852294921875,58197656.0,507778,5.39
08059,Jefferson,1,2703.343505859375,57527148.0,470425,5.75
24510,Baltimore,1,2687.8349609375,57197128.0,456699,5.89
24033,Prince George's,1,2682.443115234375,57082396.0,743108,3.61
53011,Clark,1,2675.60546875,56936888.0,392420,6.82
34025,Monmouth,1,2656.74462890625,56535528.0,508148,5.23
12127,Volusia,1,2648.905029296875,56368704.0,468769,5.65
25005,Bristol,1,2622.5634765625,55808144.0,458549,5.72
36067,Onondaga,1,2569.30517578125,54674812.0,372016,6.91
22033,East Baton Rouge,1,2557.9443359375,54433056.0,349987,7.31
37081,Guilford,1,2538.523681640625,54019784.0,422662,6.01
08001,Adams,1,2524.013427734375,53711012.0,391408,6.45
42045,Delaware,1,2514.7861328125,53514648.0,448836,5.6
06081,San Mateo,1,2505.463623046875,53316268.0,597036,4.2
06099,Stanislaus,1,2505.381103515625,53314512.0,403935,6.2
24003,Anne Arundel,1,2494.226318359375,53077144.0,457051,5.46
20091,Johnson,1,2487.188720703125,52927372.0,468368,5.31
41039,Lane,1,2481.630615234375,52809108.0,314593,7.89
42071,Lancaster,1,2476.480224609375,52699504.0,426058,5.81
34007,Camden,1,2463.196533203125,52416820.0,404536,6.09
18089,Lake,1,2435.171142578125,51820448.0,382434,6.37
31055,Douglas,1,2424.863525390625,51601096.0,436245,5.56
25013,Hampden,1,2404.693603515625,51171884.0,365303,6.58
20173,Sedgwick,1,2383.627197265625,50723588.0,392631,6.07
06097,Sonoma,1,2271.4501953125,48336460.0,391704,5.8
22051,Jefferson,1,2262.890380859375,48154296.0,335494,6.74
41005,Clackamas,1,2255.586669921875,47998876.0,333294,6.77
25023,Plymouth,1,2253.874267578125,47962444.0,420468,5.36
10003,New Castle,1,2244.88330078125,47771120.0,450477,4.98
32031,Washoe,1,2223.80419921875,47322548.0,388530,5.72
42029,Chester,1,2206.912353515625,46963092.0,420196,5.25
39095,Lucas,1,2184.589599609375,46488068.0,330439,6.61
42133,York,1,2166.853515625,46110644.0,358282,6.05
34039,Union,1,2165.80322265625,46088296.0,437773,4.95
26161,Washtenaw,1,2163.97900390625,46049476.0,300686,7.2
45045,Greenville,1,2152.286376953125,45800652.0,413455,5.21
29183,St. Charles,1,2148.0859375,45711268.0,316288,6.79
51810,Virginia Beach,1,2112.1611328125,44946796.0,356060,5.93
19153,Polk,1,2100.66357421875,44702120.0,375057,5.6
26049,Genesee,1,2099.175048828125,44670452.0,313660,6.69
41047,Marion,1,2095.706787109375,44596644.0,263662,7.95
27037,Dakota,1,2088.41796875,44441532.0,335288,6.23
22071,Orleans,1,2077.952880859375,44218836.0,301614,6.89
08069,Larimer,1,2073.8837890625,44132248.0,295565,7.02
36085,Richmond,1,2006.7886962890625,42704464.0,385391,5.21
12115,Sarasota,1,2006.26611328125,42693348.0,385947,5.2
17089,Kane,1,2003.0643310546875,42625212.0,390231,5.13
47149,Rutherford,1,2000.5943603515625,42572644.0,264421,7.57
34005,Burlington,1,1990.6793212890625,42361652.0,368180,5.41
04021,Pinal,1,1973.5411376953125,41996952.0,351626,5.61
01097,Mobile,1,1971.1986083984375,41947104.0,316486,6.23
12117,Seminole,1,1967.812744140625,41875056.0,376507,5.23
06107,Tulare,1,1945.7183837890625,41404884.0,332659,5.85
42011,Berks,1,1941.1573486328125,41307828.0,334868,5.8
05119,Pulaski,1,1941.0465087890625,41305460.0,305494,6.35
06083,Santa Barbara,1,1938.7696533203125,41257020.0,344367,5.63
47065,Hamilton,1,1920.8349609375,40875368.0,292393,6.57
33011,Hillsborough,1,1913.8826904296875,40727424.0,340184,5.63
01089,Madison,1,1885.1307373046875,40115580.0,310781,6.07
48027,Bell,1,1877.07666015625,39944196.0,274805,6.83
37067,Forsyth,1,1869.709716796875,39787424.0,298526,6.26
39017,Butler,1,1866.943603515625,39728560.0,298048,6.26
34031,Passaic,1,1865.3367919921875,39694368.0,395435,4.72
18003,Allen,1,1857.2908935546875,39523152.0,289409,6.42
34027,Morris,1,1838.984619140625,39133588.0,404214,4.55
45079,Richland,1,1830.3201904296875,38949212.0,327912,5.58
45051,Horry,1,1814.1240234375,38604556.0,305319,5.94
06095,Solano,1,1811.2806396484375,38544052.0,351400,5.15
12081,Manatee,1,1806.8446044921875,38449656.0,342333,5.28
08013,Boulder,1,1796.7403564453125,38234636.0,269185,6.67
29510,St. Louis,1,1795.010498046875,38197824.0,238700,7.52
39151,Stark,1,1792.42626953125,38142832.0,292889,6.12
49011,Davis,1,1791.7138671875,38127668.0,253678,7.06
06053,Monterey,1,1787.8035888671875,38044460.0,322633,5.54
12069,Lake,1,1786.9306640625,38025884.0,322624,5.54
45019,Charleston,1,1777.9884033203125,37835592.0,333213,5.34
21067,Fayette,1,1769.1641845703125,37647812.0,253380,6.98
37051,Cumberland,1,1763.028564453125,37517244.0,252133,6.99
12083,Marion,1,1756.6920166015625,37382404.0,314765,5.58
06061,Placer,1,1756.01708984375,37368044.0,321825,5.46
29077,Greene,1,1746.58056640625,37167236.0,238041,7.34
51153,Prince William,1,1744.2471923828125,37117584.0,355514,4.91
40027,Cleveland,1,1739.1121826171875,37008308.0,235766,7.38
48303,Lubbock,1,1736.107666015625,36944376.0,240399,7.22
55133,Waukesha,1,1709.0406494140625,36368384.0,322286,5.3
53067,Thurston,1,1700.9395751953125,36195996.0,234047,7.27
48061,Cameron,1,1699.5062255859375,36165492.0,299901,5.67
48355,Nueces,1,1697.681884765625,36126672.0,268391,6.33
27003,Anoka,1,1693.7799072265625,36043640.0,279615,6.06
48167,Galveston,1,1685.5386962890625,35868268.0,270087,6.24
42077,Lehigh,1,1675.877197265625,35662664.0,290864,5.76
18057,Hamilton,1,1667.6451416015625,35487492.0,264748,6.3
36001,Albany,1,1664.172119140625,35413580.0,257941,6.45
36071,Orange,1,1657.295166015625,35267240.0,300100,5.52
12097,Osceola,1,1647.213623046875,35052704.0,309159,5.33
48039,Brazoria,1,1631.25048828125,34713012.0,282908,5.77
34021,Mercer,1,1627.4306640625,34631724.0,299242,5.44
26065,Ingham,1,1615.5531005859375,34378972.0,226359,7.14
45083,Spartanburg,1,1576.3067626953125,33543806.0,258968,6.09
08035,Douglas,1,1531.6929931640625,32594426.0,279823,5.47
08123,Weld,1,1524.347412109375,32438110.0,253176,6.02
12021,Collier,1,1510.0501708984375,32133870.0,324044,4.66
42129,Westmoreland,1,1504.82373046875,32022652.0,288614,5.21
51107,Loudoun,1,1501.771240234375,31957690.0,311307,4.82
12033,Escambia,1,1494.1475830078125,31795464.0,255373,5.85
12111,St. Lucie,1,1487.698974609375,31658234.0,277902,5.35
53035,Kitsap,1,1474.0670166015625,31368148.0,221457,6.66
51041,Chesterfield,1,1464.5863037109375,31166396.0,283089,5.17
39093,Lorain,1,1459.6495361328125,31061344.0,246197,5.93
45063,Lexington,1,1458.265869140625,31031900.0,230910,6.32
42079,Luzerne,1,1442.6239013671875,30699038.0,259927,5.55
26139,Ottawa,1,1440.8363037109375,30660996.0,228953,6.29
53073,Whatcom,1,1438.2027587890625,30604960.0,185313,7.76
22055,Lafayette,1,1431.35693359375,30459276.0,185780,7.7
42095,Northampton,1,1418.8184814453125,30192456.0,254425,5.58
22103,St. Tammany,1,1418.3890380859375,30183314.0,205274,6.91
37063,Durham,1,1418.367431640625,30182858.0,263055,5.39
05007,Benton,1,1417.5986328125,30166502.0,218751,6.48
41029,Jackson,1,1411.3123779296875,30032726.0,177109,7.97
23005,Cumberland,1,1408.842529296875,29980170.0,250163,5.63
48309,McLennan,1,1406.96875,29940296.0,199939,7.04
49057,Weber,1,1402.1761474609375,29838310.0,194087,7.22
18141,St. Joseph,1,1396.5958251953125,29719556.0,209013,6.68
48041,Brazos,1,1393.7823486328125,29659686.0,189739,7.35
05143,Washington,1,1386.1409912109375,29497078.0,191964,7.22
31109,Lancaster,1,1384.8790283203125,29470228.0,250383,5.53
34015,Gloucester,1,1371.95068359375,29195108.0,239327,5.73
51087,Henrico,1,1362.79296875,29000238.0,260169,5.24
12073,Leon,1,1354.892822265625,28832118.0,240404,5.64
37021,Buncombe,1,1331.6201171875,28336876.0,222651,5.98
26077,Kalamazoo,1,1323.8992919921875,28172578.0,205174,6.45
36027,Dutchess,1,1314.940185546875,27981930.0,241802,5.44
13051,Chatham,1,1309.795654296875,27872448.0,235733,5.56
06079,San Luis Obispo,1,1309.592529296875,27868130.0,231922,5.65
27163,Washington,1,1296.6424560546875,27592552.0,206480,6.28
17111,McHenry,1,1293.069091796875,27516510.0,239710,5.39
42043,Dauphin,1,1284.75732421875,27339640.0,222951,5.76
37129,New Hanover,1,1277.20166015625,27178850.0,189042,6.76
36087,Rockland,1,1269.938720703125,27024300.0,239203,5.31
33015,Rockingham,1,1269.531005859375,27015618.0,257607,4.93
48209,Hays,1,1269.144775390625,27007398.0,198459,6.39
12001,Alachua,1,1253.3250732421875,26670754.0,231412,5.42
34035,Somerset,1,1252.722412109375,26657932.0,272106,4.6
47125,Montgomery,1,1247.2344970703125,26541150.0,166727,7.48
29047,Clay,1,1245.9844970703125,26514552.0,194751,6.4
17201,Winnebago,1,1233.6805419921875,26252722.0,216539,5.7
04025,Yavapai,1,1221.3055419921875,25989378.0,203933,5.99
24027,Howard,1,1219.4573974609375,25950052.0,253643,4.81
55009,Brown,1,1216.576416015625,25888746.0,206673,5.89
12109,St. Johns,1,1213.227294921875,25817476.0,228898,5.3
16027,Canyon,1,1209.6778564453125,25741944.0,176576,6.85
42049,Erie,1,1203.768310546875,25616186.0,213206,5.65
22019,Calcasieu,1,1201.207763671875,25561700.0,156293,7.69
22017,Caddo,1,1198.03515625,25494186.0,177857,6.74
34001,Atlantic,1,1194.7808837890625,25424936.0,217089,5.5
45091,York,1,1189.94482421875,25322028.0,219639,5.42
42041,Cumberland,1,1189.02001953125,25302340.0,210294,5.65
53077,Yakima,1,1185.2447509765625,25222006.0,181508,6.53
51760,Richmond,1,1177.172607421875,25050232.0,187532,6.28
48423,Smith,1,1175.750244140625,25019964.0,180105,6.53
06087,Santa Cruz,1,1172.085205078125,24941972.0,216119,5.42
48479,Webb,1,1166.2130126953125,24817012.0,182995,6.37
39099,Mahoning,1,1158.2430419921875,24647410.0,180910,6.4
51710,Norfolk,1,1157.3011474609375,24627368.0,186947,6.19
25001,Barnstable,1,1156.544677734375,24611268.0,196898,5.87
17119,Madison,1,1154.660888671875,24571182.0,207647,5.56
47187,Williamson,1,1146.13916015625,24389840.0,187765,6.1
06047,Merced,1,1145.2222900390625,24370324.0,202355,5.66
51013,Arlington,1,1144.923583984375,24363974.0,192709,5.94
53005,Benton,1,1134.86376953125,24149902.0,154720,7.33
24025,Harford,1,1131.997802734375,24088912.0,203719,5.56
01125,Tuscaloosa,1,1125.0166015625,23940354.0,185617,6.06
01003,Baldwin,1,1123.5767822265625,23909712.0,188817,5.95
29099,Jefferson,1,1119.355224609375,23819876.0,176231,6.35
36063,Niagara,1,1117.985595703125,23790736.0,169105,6.61
13057,Cherokee,1,1116.0986328125,23750580.0,210602,5.3
48245,Jefferson,1,1112.40966796875,23672080.0,191375,5.81
41017,Deschutes,1,1110.7611083984375,23637000.0,163750,6.78
36065,Oneida,1,1105.3184814453125,23521178.0,180103,6.14
24021,Frederick,1,1103.0135498046875,23472126.0,214766,5.14
29019,Boone,1,1079.4822998046875,22971384.0,148102,7.29
51550,Chesapeake,1,1076.760498046875,22913462.0,190053,5.67
37025,Cabarrus,1,1070.9034423828125,22788824.0,172577,6.21
37071,Gaston,1,1065.8896484375,22682132.0,179258,5.95
06007,Butte,1,1059.7783203125,22552082.0,166535,6.36
47165,Sumner,1,1058.765869140625,22530540.0,153775,6.89
39085,Lake,1,1053.014892578125,22408156.0,186724,5.64
18039,Elkhart,1,1048.3603515625,22309106.0,149701,7.0
39165,Warren,1,1043.693359375,22209794.0,187159,5.58
36007,Broome,1,1033.2161865234375,21986840.0,159585,6.47
13063,Clayton,1,1028.2855224609375,21881914.0,217282,4.73
04015,Mohave,1,1026.1075439453125,21835564.0,181878,5.64
35013,Doña Ana,1,1021.4859008789062,21737220.0,169534,6.03
17163,St. Clair,1,1018.4994506835938,21673668.0,195450,5.21
01117,Shelby,1,1015.2587890625,21604708.0,174730,5.81
28047,Harrison,1,1015.0025634765625,21599254.0,159530,6.36
42069,Lackawanna,1,1013.8056640625,21573786.0,171535,5.91
18163,Vanderburgh,1,1007.4599609375,21438750.0,140749,7.16
19113,Linn,1,1003.8673095703125,21362296.0,177230,5.66
27137,St. Louis,1,1002.120361328125,21325120.0,162534,6.17
18157,Tippecanoe,1,999.8206787109375,21276182.0,148979,6.71
13151,Henry,1,999.14892578125,21261888.0,183468,5.45
48139,Ellis,1,999.0097045898438,21258928.0,149972,6.66
12019,Clay,1,993.6310424804688,21144468.0,172120,5.77
30111,Yellowstone,1,992.2260131835938,21114570.0,128498,7.72
37179,Union,1,990.8991088867188,21086336.0,181266,5.47
37101,Johnston,1,989.4664306640625,21055846.0,169671,5.83
06041,Marin,1,984.0441284179688,20940460.0,207753,4.74
17019,Champaign,1,982.76171875,20913168.0,166368,5.91
37133,Onslow,1,978.4659423828125,20821756.0,157766,6.2
49053,Washington,1,972.390380859375,20692464.0,142689,6.81
39155,Trumbull,1,967.0386962890625,20578582.0,159837,6.05
01101,Montgomery,1,966.9505615234375,20576706.0,172489,5.61
06113,Yolo,1,964.5400390625,20525410.0,173144,5.57
13245,Richmond,1,963.1573486328125,20495990.0,158585,6.07
39025,Clermont,1,960.6326904296875,20442266.0,162832,5.9
47163,Sullivan,1,960.5691528320312,20440910.0,129064,7.44
36091,Saratoga,1,958.9735717773438,20406956.0,191168,5.02
45015,Berkeley,1,947.8348999023438,20169928.0,181906,5.21
06017,El Dorado,1,943.5518188476562,20078784.0,154382,6.11
21117,Kenton,1,939.5419921875,19993454.0,129828,7.24
55101,Racine,1,939.2197265625,19986596.0,151746,6.19
20177,Shawnee,1,938.94140625,19980674.0,136774,6.86
13215,Muscogee,1,936.3967895507812,19926524.0,153256,6.11
28049,Hinds,1,934.2960815429688,19881818.0,169818,5.5
48251,Johnson,1,932.3318481445312,19840020.0,139921,6.66
44003,Kent,1,928.7860107421875,19764564.0,139423,6.66
12053,Hernando,1,926.5701904296875,19717412.0,164146,5.64
13117,Forsyth,1,926.0517578125,19706380.0,191875,4.83
12091,Okaloosa,1,924.60400390625,19675574.0,165844,5.58
23031,York,1,921.408203125,19607566.0,175891,5.24
26093,Livingston,1,910.060546875,19366088.0,154983,5.87
45007,Anderson,1,904.7061767578125,19252146.0,160100,5.65
36111,Ulster,1,903.2449951171875,19221054.0,150473,6.0
10005,Sussex,1,902.9664306640625,19215126.0,202330,4.46
12015,Charlotte,1,901.2512817382812,19178628.0,172013,5.24
50007,Chittenden,1,900.9927978515625,19173124.0,139407,6.46
18081,Johnson,1,898.4201049804688,19118380.0,123924,7.25
42125,Washington,1,889.6593017578125,18931950.0,168523,5.28
54039,Kanawha,1,879.005126953125,18705228.0,142591,6.16
26145,Saginaw,1,878.2416381835938,18688982.0,148509,5.91
06089,Shasta,1,872.2687377929688,18561882.0,142150,6.14
28033,DeSoto,1,871.6756591796875,18549258.0,141087,6.18
12005,Bay,1,871.6065673828125,18547790.0,143219,6.09
04027,Yuma,1,859.489501953125,18289938.0,156074,5.51
26147,St. Clair,1,859.359375,18287168.0,127249,6.75
22063,Livingston,1,857.5357055664062,18248362.0,107980,7.94
37001,Alamance,1,857.4385375976562,18246292.0,135505,6.33
16055,Kootenai,1,857.118896484375,18239492.0,137633,6.23
18105,Monroe,1,856.6951904296875,18230474.0,117497,7.29
08077,Mesa,1,855.607666015625,18207326.0,124509,6.87
01081,Lee,1,855.1102905273438,18196746.0,140096,6.1
55087,Outagamie,1,853.8187255859375,18169262.0,147114,5.8
38017,Cass,1,850.5689086914062,18100108.0,146920,5.79
08101,Pueblo,1,846.0838012695312,18004666.0,131581,6.43
55139,Winnebago,1,843.8340454101562,17956790.0,136375,6.19
26121,Muskegon,1,839.1974487304688,17858122.0,135566,6.19
48187,Guadalupe,1,839.06689453125,17855344.0,134976,6.22
39089,Licking,1,838.1642456054688,17836136.0,138851,6.04
17167,Sangamon,1,836.4114379882812,17798834.0,152237,5.49
37097,Iredell,1,833.77978515625,17742834.0,148652,5.61
39041,Delaware,1,833.2091674804688,17730690.0,165286,5.04
48091,Comal,1,832.978515625,17725784.0,135761,6.14
37057,Davidson,1,828.6768188476562,17634242.0,133783,6.19
55059,Kenosha,1,826.9086303710938,17596616.0,131217,6.3
46099,Minnehaha,1,823.5949096679688,17526100.0,149421,5.51
12113,Santa Rosa,1,820.3670654296875,17457410.0,151168,5.43
18063,Hendricks,1,820.234375,17454588.0,135169,6.07
13139,Hall,1,818.9983520507812,17428284.0,158032,5.18
48367,Parker,1,817.0733032226562,17387320.0,118916,6.87
18127,Porter,1,816.717529296875,17379750.0,136507,5.98
55105,Rock,1,813.7787475585938,17317210.0,126772,6.42
39103,Medina,1,813.4049682617188,17309258.0,143394,5.67
51700,Newport News,1,811.3790283203125,17266146.0,141720,5.73
37035,Catawba,1,809.746826171875,17231414.0,126620,6.4
22073,Ouachita,1,809.4605712890625,17225320.0,119617,6.77
47189,Wilson,1,808.4215087890625,17203210.0,117540,6.88
35049,Santa Fe,1,807.22265625,17177700.0,129599,6.23
47179,Washington,1,806.5729370117188,17163872.0,109346,7.38
37147,Pitt,1,802.4874267578125,17076932.0,135229,5.93
12017,Citrus,1,799.3836059570312,17010882.0,135185,5.91
48257,Kaufman,1,794.9661865234375,16916880.0,114732,6.93
42027,Centre,1,792.9835815429688,16874690.0,134702,5.89
42019,Butler,1,790.26513671875,16816842.0,157715,5.01
17113,McLean,1,788.343994140625,16775960.0,134203,5.87
47009,Blount,1,787.67626953125,16761752.0,110277,7.14
27145,Stearns,1,786.6381225585938,16739660.0,121789,6.46
41043,Linn,1,776.397705078125,16521742.0,100999,7.69
24043,Washington,1,776.3207397460938,16520106.0,121129,6.41
40017,Canadian,1,774.1333618164062,16473560.0,120516,6.42
45003,Aiken,1,769.6996459960938,16379208.0,134885,5.71
36093,Schenectady,1,767.8408203125,16339652.0,125159,6.13
13153,Houston,1,766.0390625,16301311.0,124123,6.17
48135,Ector,1,763.8561401367188,16254858.0,113701,6.72
05131,Sebastian,1,761.4815673828125,16204328.0,97738,7.79
26075,Jackson,1,761.0036010742188,16194157.0,126373,6.02
39057,Greene,1,758.7463989257812,16146125.0,133637,5.68
26115,Monroe,1,758.0234375,16130738.0,122323,6.2
48329,Midland,1,755.4418334960938,16075802.0,121782,6.2
48181,Grayson,1,755.2232666015625,16071151.0,106228,7.11
17143,Peoria,1,754.66748046875,16059324.0,136775,5.52
22105,Tangipahoa,1,753.9029541015625,16043056.0,102002,7.39
21227,Warren,1,753.4092407226562,16032547.0,105274,7.16
27109,Olmsted,1,751.4957885742188,15991830.0,123866,6.07
37019,Brunswick,1,750.7413330078125,15975776.0,124942,6.01
42007,Beaver,1,748.0281982421875,15918039.0,134458,5.56
45013,Beaufort,1,746.3639526367188,15882625.0,157927,4.73
48381,Randall,1,746.2911987304688,15881079.0,109341,6.83
05045,Faulkner,1,738.2611694335938,15710198.0,97283,7.59
28121,Rankin,1,735.1585693359375,15644174.0,122477,6.0
25015,Hampshire,1,734.23193359375,15624455.0,133246,5.51
42055,Franklin,1,734.0921630859375,15621484.0,121987,6.02
23019,Penobscot,1,733.3821411132812,15606369.0,126184,5.81
39045,Fairfield,1,731.8766479492188,15574335.0,122691,5.97
39133,Portage,1,725.7745971679688,15444484.0,131750,5.51
48441,Taylor,1,722.8740234375,15382758.0,108832,6.64
13223,Paulding,1,722.2152099609375,15368739.0,129492,5.58
22079,Rapides,1,721.4734497070312,15352952.0,96239,7.5
48485,Wichita,1,719.3628540039062,15308043.0,100034,7.19
36083,Rensselaer,1,718.5457763671875,15290654.0,129499,5.55
21015,Boone,1,717.7636108398438,15274009.0,102139,7.03
24013,Carroll,1,717.5243530273438,15268918.0,135952,5.28
53057,Skagit,1,716.8576049804688,15254730.0,102843,6.97
30063,Missoula,1,716.2527465820312,15241859.0,97567,7.34
49005,Cache,1,713.7803955078125,15189248.0,96391,7.41
04005,Coconino,1,709.79150390625,15104358.0,115936,6.12
31153,Sarpy,1,709.728271484375,15103019.0,142235,4.99
10001,Kent,1,709.339599609375,15094747.0,142669,4.97
20209,Wyandotte,1,707.3152465820312,15051669.0,121089,5.84
51510,Alexandria,1,703.7825927734375,14976494.0,128076,5.5
40031,Comanche,1,702.057861328125,14939791.0,92616,7.58
26021,Berrien,1,699.8268432617188,14892314.0,120292,5.82
12061,Indian River,1,696.2693481445312,14816611.0,138881,5.01
28059,Jackson,1,692.7694702148438,14742135.0,111178,6.23
13059,Clarke,1,691.5419921875,14716012.0,107331,6.44
45035,Dorchester,1,690.6455688476562,14696938.0,124573,5.54
51179,Stafford,1,687.46728515625,14629303.0,118466,5.8
13073,Columbia,1,682.6921997070312,14527690.0,119608,5.71
39173,Wood,1,682.4443969726562,14522417.0,104913,6.5
35043,Sandoval,1,677.56689453125,14418624.0,117926,5.75
29097,Jasper,1,676.3954467773438,14393695.0,92879,7.28
37085,Harnett,1,669.97314453125,14257027.0,101512,6.6
06039,Madera,1,668.7625732421875,14231269.0,115343,5.8
19103,Johnson,1,668.491455078125,14225497.0,124605,5.36
22015,Bossier,1,664.7449951171875,14145774.0,97012,6.85
54003,Berkeley,1,662.6544799804688,14101289.0,96931,6.84
27139,Scott,1,660.41748046875,14053684.0,112635,5.86
18035,Delaware,1,660.359619140625,14052453.0,91635,7.21
18095,Madison,1,658.4601440429688,14012032.0,102714,6.41
06025,Imperial,1,656.826171875,13977259.0,128203,5.12
42075,Lebanon,1,656.64501953125,13973406.0,111019,5.91
37159,Rowan,1,655.34375,13945714.0,115387,5.68
22005,Ascension,1,654.2174072265625,13921747.0,94364,6.93
51650,Hampton,1,650.7774047851562,13848544.0,107751,6.04
45077,Pickens,1,650.7323608398438,13847585.0,107754,6.04
55063,La Crosse,1,643.5997924804688,13695805.0,96670,6.66
22109,Terrebonne,1,642.9866333007812,13682754.0,80194,8.02
20045,Douglas,1,642.2554931640625,13667197.0,98247,6.54
33017,Strafford,1,639.5845336914062,13610358.0,108122,5.92
19163,Scott,1,638.489990234375,13587066.0,133516,4.78
12085,Martin,1,635.7339477539062,13528418.0,134388,4.73
27171,Wright,1,634.2536010742188,13496916.0,105360,6.02
06031,Kings,1,631.6322021484375,13441135.0,111456,5.67
34011,Cumberland,1,631.6021118164062,13440492.0,115652,5.46
39023,Clark,1,629.0985107421875,13387217.0,104822,6.0
13021,Bibb,1,628.2098388671875,13368307.0,118256,5.31
05031,Craighead,1,626.8883666992188,13340184.0,83729,7.49
05125,Saline,1,625.6559448242188,13313958.0,96345,6.49
12119,Sumter,1,624.8990478515625,13297850.0,127767,4.89
13077,Coweta,1,621.0015869140625,13214915.0,114938,5.4
48451,Tom Green,1,620.2929077148438,13199834.0,90818,6.83
48183,Gregg,1,620.0223999023438,13194077.0,92536,6.7
37151,Randolph,1,618.5166625976562,13162033.0,112758,5.49
37135,Orange,1,616.1605224609375,13111897.0,118781,5.19
26025,Calhoun,1,613.8604125976562,13062949.0,103027,5.96
41071,Yamhill,1,611.10791015625,13004376.0,84968,7.19
55073,Marathon,1,610.307373046875,12987339.0,106762,5.72
54061,Monongalia,1,610.162109375,12984249.0,89287,6.83
17161,Rock Island,1,603.5349731445312,12843226.0,110772,5.45
01103,Morgan,1,602.7463989257812,12826443.0,94858,6.35
18019,Clark,1,601.2485961914062,12794570.0,95510,6.3
53015,Cowlitz,1,600.1240234375,12770641.0,86297,6.95
51177,Spotsylvania,1,597.9107055664062,12723542.0,108492,5.51
16019,Bonneville,1,597.1986694335938,12708387.0,88696,6.73
22057,Lafourche,1,596.3765258789062,12690893.0,74447,8.01
42051,Fayette,1,595.591796875,12674193.0,102412,5.82
55131,Washington,1,594.83544921875,12658100.0,108067,5.5
51121,Montgomery,1,594.7066040039062,12655358.0,83992,7.08
44009,Washington,1,594.6832885742188,12654862.0,109708,5.42
21093,Hardin,1,593.6829833984375,12633574.0,83809,7.08
39139,Richland,1,593.181396484375,12622899.0,97786,6.07
42021,Cambria,1,592.9546508789062,12618074.0,106871,5.55
42013,Blair,1,592.9212036132812,12617364.0,97164,6.1
04003,Cochise,1,591.6319580078125,12589931.0,99244,5.96
23001,Androscoggin,1,588.6650390625,12526793.0,88647,6.64
12035,Flagler,1,586.240478515625,12475195.0,101832,5.76
18167,Vigo,1,577.6451416015625,12292289.0,84323,6.85
47011,Bradley,1,574.7861328125,12231450.0,85684,6.71
13185,Lowndes,1,573.4248046875,12202480.0,89773,6.39
47119,Maury,1,572.7036743164062,12187133.0,80580,7.11
34037,Sussex,1,572.0325927734375,12172853.0,116723,4.9
36069,Ontario,1,567.62451171875,12079048.0,90503,6.27
42089,Monroe,1,565.2900390625,12029373.0,135333,4.18
48231,Hunt,1,564.9000244140625,12021072.0,79382,7.12
06055,Napa,1,564.8654174804688,12020335.0,109047,5.18
41003,Benton,1,564.0798950195312,12003621.0,81184,6.95
45041,Florence,1,561.2520751953125,11943444.0,104482,5.37
26017,Bay,1,558.7559814453125,11890327.0,82796,6.75
48375,Potter,1,557.794189453125,11869860.0,85300,6.54
19013,Black Hawk,1,555.5642700195312,11822409.0,102014,5.45
17179,Tazewell,1,552.4691162109375,11756543.0,101456,5.45
24017,Charles,1,551.69384765625,11740045.0,128233,4.3
21037,Campbell,1,551.1751708984375,11729009.0,73837,7.46
25003,Berkshire,1,548.7473754882812,11677344.0,107023,5.13
01015,Calhoun,1,548.3209228515625,11668269.0,91312,6.0
36045,Jefferson,1,548.1951293945312,11665594.0,88289,6.21
13097,Douglas,1,548.05126953125,11662532.0,108745,5.04
21059,Daviess,1,547.5375366210938,11651599.0,77835,7.03
29037,Cass,1,545.80517578125,11614734.0,83456,6.54
42081,Lycoming,1,544.61865234375,11589483.0,90147,6.04
01069,Houston,1,544.5441284179688,11587899.0,82816,6.58
18091,LaPorte,1,538.92138671875,11468248.0,88186,6.11
35045,San Juan,1,536.6367797851562,11419628.0,90428,5.93
05051,Garland,1,536.0673828125,11407514.0,80058,6.7
36109,Tompkins,1,535.8782958984375,11403490.0,87891,6.1
51003,Albemarle,1,531.3826904296875,11307824.0,91251,5.82
54011,Cabell,1,529.0970458984375,11259185.0,74835,7.07
51770,Roanoke,1,528.9000244140625,11254992.0,76346,6.93
29071,Franklin,1,526.31591796875,11200002.0,81548,6.45
34019,Hunterdon,1,525.869873046875,11190510.0,104600,5.03
41033,Josephine,1,525.629638671875,11185398.0,71081,7.39
48397,Rockwall,1,524.146728515625,11153842.0,85697,6.12
55035,Eau Claire,1,524.1401977539062,11153704.0,85009,6.17
37191,Wayne,1,520.1679077148438,11069174.0,89701,5.8
55117,Sheboygan,1,516.8213500976562,10997959.0,92152,5.61
26045,Eaton,1,514.39990234375,10946430.0,86476,5.95
36075,Oswego,1,513.7542724609375,10932690.0,93525,5.49
13015,Bartow,1,513.7232666015625,10932032.0,84934,6.05
17093,Kendall,1,511.8517761230469,10892206.0,97903,5.23
41053,Polk,1,511.79656982421875,10891031.0,68991,7.42
40131,Rogers,1,503.5051574707031,10714589.0,74669,6.74
01083,Limestone,1,502.9928894042969,10703688.0,83624,6.01
13045,Carroll,1,501.9664611816406,10681846.0,93063,5.39
42001,Adams,1,500.48834228515625,10650392.0,84424,5.93
48021,Bastrop,1,499.02764892578125,10619309.0,75796,6.58
29165,Platte,1,498.90771484375,10616757.0,83317,5.99
48099,Coryell,1,496.1271667480469,10557586.0,64716,7.67
01055,Etowah,1,496.051025390625,10555966.0,80721,6.15
37089,Henderson,1,491.7791748046875,10465060.0,95109,5.17
24045,Wicomico,1,489.2998352050781,10412300.0,80682,6.06
01077,Lauderdale,1,487.3206481933594,10370184.0,76489,6.37
47113,Madison,1,485.20965576171875,10325262.0,76596,6.33
53021,Franklin,1,485.1272277832031,10323508.0,66970,7.24
42085,Mercer,1,484.5616760253906,10311472.0,88911,5.45
55039,Fond du Lac,1,483.9181213378906,10297779.0,81868,5.91
48291,Liberty,1,480.84954833984375,10232479.0,69242,6.94
54107,Wood,1,480.535400390625,10225795.0,66204,7.26
12055,Highlands,1,475.7842102050781,10124688.0,86331,5.51
39003,Allen,1,474.7785339355469,10103288.0,77692,6.11
13217,Newton,1,469.6446228027344,9994037.0,85961,5.46
13113,Fayette,1,468.1722106933594,9962705.0,93181,5.02
56021,Laramie,1,467.8062744140625,9954917.0,77791,6.01
21029,Bullitt,1,466.74835205078125,9932405.0,65375,7.14
37049,Craven,1,466.5765380859375,9928750.0,79176,5.89
13115,Floyd,1,463.4434814453125,9862077.0,76391,6.07
53007,Chelan,1,462.6365966796875,9844906.0,61401,7.53
39109,Miami,1,460.6016540527344,9801603.0,84308,5.46
51085,Hanover,1,460.504150390625,9799528.0,87394,5.27
34009,Cape May,1,459.2599182128906,9773051.0,78717,5.83
29021,Buchanan,1,458.97021484375,9766886.0,65091,7.05
17091,Kankakee,1,458.537109375,9757670.0,82264,5.57
40145,Wagoner,1,456.9649658203125,9724216.0,64245,7.11
36015,Chemung,1,456.94891357421875,9723873.0,65273,7.0
16005,Bannock,1,456.22161865234375,9708397.0,65948,6.92
34041,Warren,1,456.1706848144531,9707312.0,88834,5.14
24015,Cecil,1,453.4753112792969,9649956.0,80990,5.6
29043,Christian,1,451.6728515625,9611599.0,68170,6.63
19169,Story,1,449.9334716796875,9574584.0,82392,5.46
16083,Twin Falls,1,449.9234619140625,9574370.0,67514,6.66
17037,DeKalb,1,449.28033447265625,9560685.0,78606,5.72
17115,Macon,1,448.0992126464844,9535553.0,79357,5.65
48469,Victoria,1,447.8250427246094,9529717.0,68255,6.56
51740,Portsmouth,1,447.63421630859375,9525656.0,74735,5.99
51161,Roanoke,1,447.210693359375,9516644.0,77581,5.76
27019,Carver,1,439.805419921875,9359060.0,80712,5.45
46103,Pennington,1,439.62908935546875,9355305.0,87162,5.04
48037,Bowie,1,439.3710021972656,9349814.0,70271,6.25
38015,Burleigh,1,438.78460693359375,9337337.0,75733,5.79
44005,Newport,1,438.2524719238281,9326013.0,71196,6.16
30013,Cascade,1,436.79510498046875,9294998.0,65601,6.66
28089,Madison,1,436.1156311035156,9280541.0,83284,5.24
45085,Sumter,1,434.51397705078125,9246458.0,79798,5.45
51069,Frederick,1,434.0797424316406,9237216.0,72013,6.03
13297,Walton,1,432.8119812011719,9210239.0,76105,5.69
29031,Cape Girardeau,1,430.25201416015625,9155763.0,64547,6.67
48361,Orange,1,429.6290283203125,9142505.0,63421,6.77
13313,Whitfield,1,429.40130615234375,9137660.0,77067,5.57
45057,Lancaster,1,425.8896484375,9062931.0,79098,5.38
19193,Woodbury,1,424.9277038574219,9042461.0,78340,5.42
18067,Howard,1,424.7369384765625,9038402.0,64405,6.59
37157,Rockingham,1,420.6358642578125,8951131.0,72853,5.77
56025,Natrona,1,420.4816589355469,8947848.0,60699,6.93
37127,Nash,1,420.27740478515625,8943503.0,74362,5.65
01115,St. Clair,1,420.19342041015625,8941716.0,72088,5.83
18043,Floyd,1,418.0501403808594,8896108.0,62388,6.7
12089,Nassau,1,416.6802978515625,8866957.0,76132,5.47
27141,Sherburne,1,415.33172607421875,8838259.0,73388,5.66
51680,Lynchburg,1,414.3224182128906,8816780.0,63949,6.48
47001,Anderson,1,413.219970703125,8793321.0,61459,6.72
06101,Sutter,1,412.06787109375,8768804.0,73803,5.58
05085,Lonoke,1,409.7742614746094,8719996.0,56067,7.31
37023,Burke,1,409.4955139160156,8714065.0,71558,5.72
51800,Suffolk,1,406.1363220214844,8642581.0,73761,5.51
51165,Rockingham,1,403.6720886230469,8590142.0,65961,6.12
01051,Elmore,1,401.9464416503906,8553420.0,69414,5.79
49045,Tooele,1,398.64019775390625,8483062.0,52486,7.6
24037,St. Mary's,1,397.39849853515625,8456641.0,86873,4.57
37109,Lincoln,1,396.30810546875,8433436.0,71590,5.54
36117,Wayne,1,395.81890869140625,8423026.0,71797,5.51
26087,Lapeer,1,395.03692626953125,8406386.0,70832,5.58
13127,Glynn,1,393.1578369140625,8366399.5,67078,5.86
18059,Hancock,1,391.4862365722656,8330827.0,62917,6.22
40037,Creek,1,390.8345642089844,8316959.0,55417,7.05
21047,Christian,1,389.52008056640625,8288986.5,52254,7.45
55109,St. Croix,1,388.8183898925781,8274055.0,71937,5.4
51015,Augusta,1,386.94744873046875,8234241.0,63186,6.12
55089,Ozaukee,1,386.4522705078125,8223704.0,72871,5.3
22045,Iberia,1,385.4376220703125,8202111.0,51468,7.49
26111,Midland,1,384.5494689941406,8183212.0,65936,5.83
37027,Caldwell,1,382.9624938964844,8149442.0,64579,5.93
48497,Wise,1,381.36328125,8115410.5,54523,6.99
18005,Bartholomew,1,376.127197265625,8003986.0,62786,5.99
47063,Hamblen,1,374.0921325683594,7960681.0,49412,7.57
13013,Barrow,1,373.7289733886719,7952953.0,64886,5.76
13247,Rockdale,1,371.8271179199219,7912481.5,71713,5.18
29051,Cole,1,371.32635498046875,7901825.0,59825,6.21
06115,Yuba,1,370.1999816894531,7877855.5,60439,6.13
35061,Valencia,1,368.82598876953125,7848616.0,59681,6.18
19049,Dallas,1,368.7550354003906,7847106.5,76197,4.84
27013,Blue Earth,1,367.4543762207031,7819428.0,55557,6.61
47147,Robertson,1,366.4894714355469,7798895.5,56381,6.5
20161,Riley,1,366.3134765625,7795151.0,60068,6.1
26037,Clinton,1,365.127197265625,7769906.0,62172,5.87
39055,Geauga,1,363.5973205566406,7737351.0,74066,4.91
53071,Walla Walla,1,363.4559326171875,7734342.5,49217,7.38
28035,Forrest,1,362.6994934082031,7718245.5,60243,6.02
27027,Clay,1,360.4284362792969,7669917.0,49345,7.3
22001,Acadia,1,356.7046813964844,7590676.0,42355,8.42
08014,Broomfield,1,353.85833740234375,7530105.5,59265,5.97
13095,Dougherty,1,352.70660400390625,7505597.5,63638,5.54
19061,Dubuque,1,351.6248474121094,7482576.0,76517,4.6
51019,Bedford,1,349.9556579589844,7447056.5,64519,5.42
54081,Raleigh,1,348.3152770996094,7412150.0,58104,5.99
05033,Crawford,1,347.995361328125,7405341.0,46116,7.55
19155,Pottawattamie,1,347.0115966796875,7384406.0,71762,4.84
42037,Columbia,1,338.92138671875,7212247.5,53562,6.33
38035,Grand Forks,1,338.38800048828125,7200897.0,57308,5.9
51660,Harrisonburg,1,337.5216369628906,7182460.5,42691,7.91
26155,Shiawassee,1,335.49560546875,7139347.0,53864,6.23
12131,Walton,1,334.5042419433594,7118250.5,63275,5.29
48203,Harrison,1,331.1109313964844,7046041.0,52662,6.29
13047,Catoosa,1,330.90142822265625,7041583.0,53057,6.24
47073,Hawkins,1,330.6854248046875,7036986.0,46400,7.13
48409,San Patricio,1,329.72930908203125,7016640.0,51441,6.41
47089,Jefferson,1,329.0890197753906,7003014.0,45072,7.3
36113,Warren,1,328.42608642578125,6988907.0,53954,6.09
21185,Oldham,1,328.3115234375,6986469.0,51362,6.39
18109,Morgan,1,327.8323974609375,6976274.0,56130,5.84
51095,James City,1,327.0028381347656,6958620.0,64322,5.08
21209,Scott,1,326.0760498046875,6938897.0,43861,7.43
21113,Jessamine,1,324.99212646484375,6915833.0,40967,7.93
24001,Allegany,1,324.44293212890625,6904145.5,55706,5.82
24009,Calvert,1,320.2568359375,6815065.5,72005,4.45
18173,Warrick,1,318.748779296875,6782974.0,49611,6.42
26117,Montcalm,1,318.5762023925781,6779301.0,53007,6.01
36053,Madison,1,316.7112121582031,6739614.0,55021,5.76
47167,Tipton,1,316.66162109375,6738559.5,46707,6.78
22113,Vermilion,1,315.7677917480469,6719539.0,42586,7.41
47019,Carter,1,315.1942138671875,6707332.5,46380,6.8
13295,Walker,1,314.39990234375,6690429.0,53801,5.84
47105,Loudon,1,311.3314208984375,6625132.5,46104,6.75
20103,Leavenworth,1,310.86065673828125,6615114.5,62924,4.94
17199,Williamson,1,307.3470458984375,6540345.5,52487,5.86
36079,Putnam,1,305.64013671875,6504022.5,78808,3.88
40047,Garfield,1,303.711181640625,6462973.5,46106,6.59
29113,Lincoln,1,303.58245849609375,6460234.5,46064,6.59
48199,Hardin,1,303.4246826171875,6456877.5,42954,7.06
18011,Boone,1,301.74383544921875,6421109.0,54064,5.58
05069,Jefferson,1,301.1780700683594,6409069.0,51558,5.84
25011,Franklin,1,300.32354736328125,6390885.5,58943,5.1
45059,Laurens,1,300.1902770996094,6388049.5,52957,5.67
37069,Franklin,1,299.9150390625,6382192.5,56218,5.33
39081,Jefferson,1,299.318115234375,6369490.0,52252,5.73
29145,Newton,1,297.8160095214844,6337525.0,45272,6.58
40051,Grady,1,297.3601989746094,6327825.0,42762,6.95
28073,Lamar,1,297.00726318359375,6320315.0,49089,6.05
17183,Vermilion,1,296.6832275390625,6313419.5,55979,5.3
20015,Butler,1,295.6524963378906,6291485.0,50957,5.8
39129,Pickaway,1,295.31097412109375,6284217.5,46673,6.33
51061,Fauquier,1,295.1344909667969,6280461.5,56620,5.21
39013,Belmont,1,295.0940246582031,6279601.0,53561,5.51
54037,Jefferson,1,293.7767639160156,6251570.0,45973,6.39
48473,Waller,1,293.2792053222656,6240981.0,45329,6.47
45055,Kershaw,1,292.4535217285156,6223411.0,51367,5.69
21019,Boyd,1,291.3633117675781,6200212.0,37818,7.7
34033,Salem,1,287.5341491699219,6118726.0,50752,5.67
37037,Chatham,1,287.5142822265625,6118303.5,62905,4.57
22099,St. Martin,1,287.4704284667969,6117370.5,39132,7.35
51191,Washington,1,287.2884521484375,6113499.0,44573,6.45
22089,St. Charles,1,287.2712097167969,6113132.0,39239,7.32
54079,Putnam,1,287.1663513183594,6110899.5,44778,6.41
39087,Lawrence,1,286.8006591796875,6103118.0,44846,6.4
55017,Chippewa,1,286.73553466796875,6101732.0,52132,5.5
26067,Ionia,1,285.1916809082031,6068878.5,52534,5.43
01033,Colbert,1,284.37811279296875,6051566.0,45337,6.27
01113,Russell,1,284.3347473144531,6050643.0,44552,6.38
51199,York,1,283.74261474609375,6038043.0,54112,5.24
53065,Stevens,1,281.6190185546875,5992852.0,37366,7.54
49003,Box Elder,1,281.08837890625,5981561.5,41257,6.81
42025,Carbon,1,279.8730163574219,5955698.0,52737,5.31
45031,Darlington,1,279.8363037109375,5954916.5,48702,5.75
32510,Carson City,1,279.7115478515625,5952261.5,46595,6.0
36051,Livingston,1,279.0852966308594,5938935.5,50507,5.53
13179,Liberty,1,277.9110412597656,5913946.0,48332,5.75
01001,Autauga,1,275.88946533203125,5870927.0,45359,6.08
40083,Logan,1,274.321533203125,5837562.0,39535,6.94
37141,Pender,1,273.55316162109375,5821211.5,49206,5.56
37087,Haywood,1,272.6433410644531,5801850.5,51297,5.31
13103,Effingham,1,271.70361328125,5781853.0,49354,5.51
41009,Columbia,1,270.30218505859375,5752030.5,42300,6.39
47043,Dickson,1,270.0516662597656,5746699.5,42630,6.33
42005,Armstrong,1,268.4433288574219,5712473.5,52684,5.1
13255,Spalding,1,267.7604675292969,5697943.0,52259,5.12
27025,Chisago,1,266.1576232910156,5663834.0,44467,5.99
21211,Shelby,1,264.2243957519531,5622695.5,37717,7.01
06069,San Benito,1,264.1121520996094,5620307.0,49236,5.36
36043,Herkimer,1,262.2541198730469,5580766.5,47596,5.51
22087,St. Bernard,1,261.8564758300781,5572305.5,32576,8.04
47145,Roane,1,260.92950439453125,5552579.0,44182,5.91
36115,Washington,1,260.3507385253906,5540263.0,49580,5.25
51540,Charlottesville,1,259.74029541015625,5527273.0,38444,6.76
17077,Jackson,1,257.50396728515625,5479684.5,42699,6.03
39159,Union,1,257.4020080566406,5477514.5,49446,5.21
48401,Rusk,1,257.2465515136719,5474206.5,40681,6.32
44001,Bristol,1,254.2577667236328,5410606.0,41405,6.14
01009,Blount,1,253.78536987304688,5400553.0,45554,5.57
51031,Campbell,1,252.80593872070312,5379709.5,44514,5.68
37077,Granville,1,251.13534545898438,5344160.5,48792,5.15
05035,Crittenden,1,249.29298400878906,5304955.0,34616,7.2
28045,Hancock,1,247.76295471191406,5272396.0,37048,6.69
48493,Wilson,1,246.08432006835938,5236674.5,39383,6.25
48325,Medina,1,245.57049560546875,5225740.5,40541,6.06
37093,Hoke,1,244.87144470214844,5210865.0,38670,6.33
21101,Henderson,1,244.19570922851562,5196485.0,34366,7.11
18029,Dearborn,1,240.3361358642578,5114353.0,39532,6.08
55021,Columbia,1,238.96652221679688,5085207.5,46191,5.17
53017,Douglas,1,238.24368286132812,5069825.5,32768,7.27
48071,Chambers,1,238.13722229003906,5067560.0,35663,6.68
55015,Calumet,1,232.4466552734375,4946465.0,40657,5.72
48055,Caldwell,1,231.86282348632812,4934040.5,36142,6.42
40113,Osage,1,230.854736328125,4912589.0,36194,6.38
51067,Franklin,1,230.7894287109375,4911199.0,44587,5.18
47053,Gibson,1,228.3507080078125,4859303.0,38264,5.97
48013,Atascosa,1,228.2197265625,4856516.0,36654,6.23
46083,Lincoln,1,227.64578247070312,4844302.5,49857,4.57
16069,Nez Perce,1,223.21998596191406,4750120.5,33384,6.69
42103,Pike,1,221.42457580566406,4711915.0,49366,4.49
17063,Grundy,1,220.80191040039062,4698665.0,39848,5.54
40087,McClain,1,220.78639221191406,4698335.0,32695,6.75
48259,Kendall,1,220.7587432861328,4697746.0,36296,6.08
47013,Campbell,1,220.3856201171875,4689805.5,31492,7.0
29027,Callaway,1,219.1385040283203,4663267.5,35260,6.21
51047,Culpeper,1,218.4329833984375,4648253.5,40158,5.44
21049,Clark,1,217.11117553710938,4620126.0,28657,7.58
54069,Ohio,1,217.01217651367188,4618019.5,33668,6.45
40135,Sequoyah,1,215.1309051513672,4577985.5,30194,7.12
26027,Cass,1,214.5624237060547,4565889.0,41056,5.23
22095,St. John the Baptist,1,214.34640502929688,4561291.0,31309,6.85
24047,Worcester,1,213.7734832763672,4549099.5,44073,4.85
17007,Boone,1,212.8630828857422,4529726.5,40430,5.26
05091,Miller,1,212.82545471191406,4528925.5,32525,6.54
12075,Levy,1,212.0966033935547,4513415.5,35589,5.96
55031,Douglas,1,211.30184936523438,4496503.5,35666,5.92
31079,Hall,1,210.1765594482422,4472557.5,45211,4.65
48459,Upshur,1,208.91461181640625,4445703.0,31808,6.57
50011,Franklin,1,207.7379608154297,4420663.5,39396,5.27
37065,Edgecombe,1,206.39642333984375,4392115.5,37593,5.49
18145,Shelby,1,206.2859649658203,4389765.5,34922,5.91
01021,Chilton,1,205.61546325683594,4375498.0,34534,5.95
27009,Benton,1,203.44151306152344,4329235.0,30888,6.59
47047,Fayette,1,203.32962036132812,4326854.5,34848,5.83
36073,Orleans,1,201.92251586914062,4296910.5,32095,6.29
40111,Okmulgee,1,200.4943084716797,4266519.0,28185,7.11
36107,Tioga,1,199.05340576171875,4235856.5,38265,5.2
37169,Stokes,1,195.88040161132812,4168334.75,36522,5.36
39123,Ottawa,1,195.7696533203125,4165978.5,33047,5.92
17117,Macoupin,1,194.80987548828125,4145554.0,35322,5.52
13029,Bryan,1,193.85260009765625,4125183.5,33025,5.87
29225,Webster,1,193.45875549316406,4116802.25,28923,6.69
39097,Madison,1,193.236572265625,4112074.75,35260,5.48
27059,Isanti,1,191.07000732421875,4065970.0,32185,5.94
21089,Greenup,1,190.50634765625,4053974.75,27993,6.81
54019,Fayette,1,189.5153045654297,4032885.25,31753,5.97
24035,Queen Anne's,1,188.67987060546875,4015107.75,40103,4.7
17073,Henry,1,188.51028442382812,4011499.0,38155,4.94
51683,Manassas,1,188.0487060546875,4001676.75,31145,6.04
42099,Perry,1,187.9718780517578,4000041.5,36302,5.18
39015,Brown,1,187.6859588623047,3993957.25,33698,5.57
13213,Murray,1,185.9256591796875,3956498.0,30663,6.06
37059,Davie,1,185.75326538085938,3952829.5,34376,5.4
55093,Pierce,1,184.66217041015625,3929611.0,33673,5.48
19181,Warren,1,184.20175170898438,3919813.25,40312,4.57
54099,Wayne,1,182.3332977294922,3880053.25,30583,5.96
40081,Lincoln,1,178.69476318359375,3802624.75,25935,6.89
23023,Sagadahoc,1,177.86915588378906,3785055.25,30435,5.84
51149,Prince George,1,176.63259887695312,3758741.75,34419,5.13
51187,Warren,1,176.049072265625,3746324.0,32230,5.46
47021,Cheatham,1,175.1830291748047,3727895.0,32529,5.39
51155,Pulaski,1,172.92221069335938,3679784.75,27738,6.23
29219,Warren,1,171.28793334960938,3645006.75,27907,6.14
39051,Fulton,1,168.51040649414062,3585901.5,32585,5.17
27103,Nicollet,1,168.14675903320312,3578162.75,26916,6.25
27017,Carlton,1,167.5969696044922,3566463.25,28441,5.89
18133,Putnam,1,164.76119995117188,3506118.75,30005,5.49
29167,Polk,1,164.3606719970703,3497594.75,24568,6.69
51093,Isle of Wight,1,163.6691436767578,3482879.5,31041,5.27
37197,Yadkin,1,163.36383056640625,3476382.25,29665,5.51
37003,Alexander,1,163.1581268310547,3472005.25,29301,5.57
18061,Harrison,1,161.48683166503906,3436439.75,30892,5.23
01079,Lawrence,1,158.78135681152344,3378867.25,25960,6.12
55083,Oconto,1,158.35536193847656,3369802.5,31488,5.03
13219,Oconee,1,157.44906616210938,3350515.75,31575,4.99
51073,Gloucester,1,157.22340393066406,3345714.25,31365,5.01
18183,Whitley,1,157.1800537109375,3344791.25,26452,5.94
22047,Iberville,1,155.91744995117188,3317923.0,23679,6.58
55045,Green,1,153.6686248779297,3270068.25,28937,5.31
37145,Person,1,153.259033203125,3261352.0,31142,4.92
18073,Jasper,1,152.68768310546875,3249193.75,25488,5.99
39127,Perry,1,152.3734130859375,3242506.25,27101,5.62
54077,Preston,1,151.79806518554688,3230263.25,28066,5.41
21163,Meade,1,151.50485229492188,3224023.0,23369,6.48
21239,Woodford,1,150.6676788330078,3206208.5,21098,7.14
12039,Gadsden,1,150.29942321777344,3198372.0,33951,4.43
20079,Harvey,1,149.9919891357422,3191829.75,25749,5.83
48015,Austin,1,148.83233642578125,3167152.75,23470,6.34
13177,Lee,1,148.75006103515625,3165401.5,24710,6.02
12129,Wakulla,1,148.67092895507812,3163717.5,27548,5.4
20121,Miami,1,146.92520141601562,3126568.25,26343,5.58
22121,West Baton Rouge,1,146.7889404296875,3123668.75,21128,6.95
17027,Clinton,1,146.37371826171875,3114833.0,28933,5.06
51023,Botetourt,1,145.77410888671875,3102073.0,27520,5.3
20061,Geary,1,145.1020965576172,3087772.5,24542,5.91
51009,Amherst,1,143.63259887695312,3056501.75,25130,5.72
47115,Marion,1,143.5639190673828,3055039.75,23003,6.24
51840,Winchester,1,143.01345825195312,3043326.25,21705,6.59
27119,Polk,1,142.50396728515625,3032484.5,23286,6.12
51630,Fredericksburg,1,141.65652465820312,3014451.0,22375,6.33
17133,Monroe,1,141.622802734375,3013733.5,27240,5.2
51730,Petersburg,1,139.81533813476562,2975270.5,25705,5.44
29107,Lafayette,1,139.3934783935547,2966293.0,25371,5.49
54051,Marshall,1,138.68458557128906,2951208.25,24398,5.68
17057,Fulton,1,137.82305908203125,2932874.75,26693,5.16
17203,Woodford,1,137.6016845703125,2928164.0,29140,4.72
38059,Morton,1,137.07138061523438,2916879.0,25566,5.36
53003,Asotin,1,136.5615234375,2906029.5,18031,7.57
39117,Morrow,1,136.45623779296875,2903788.75,27441,4.97
19099,Jasper,1,134.2252655029297,2856313.75,29482,4.55
37053,Currituck,1,134.193603515625,2855639.75,23058,5.82
46093,Meade,1,133.4897003173828,2840661.0,23727,5.63
47057,Grainger,1,133.4008331298828,2838769.5,19197,6.95
08039,Elbert,1,133.33738708496094,2837418.75,21424,6.22
22031,De Soto,1,133.28660583496094,2836339.25,20453,6.52
51790,Staunton,1,133.26953125,2835975.5,20828,6.4
01061,Geneva,1,133.0182647705078,2830628.75,20816,6.39
54029,Hancock,1,132.64031982421875,2822586.25,23304,5.69
28093,Marshall,1,132.4542999267578,2818627.75,26842,4.93
55069,Lincoln,1,132.16664123535156,2812506.25,23283,5.68
22067,Morehouse,1,130.06326293945312,2767746.25,19149,6.79
54057,Mineral,1,129.8138885498047,2762439.25,21557,6.02
22007,Assumption,1,129.79310607910156,2761997.0,16412,7.91
51775,Salem,1,129.2095489501953,2749579.0,20643,6.26
16051,Jefferson,1,128.8952178955078,2742890.0,21642,5.96
21043,Carter,1,127.97185516357422,2723241.0,20580,6.22
21081,Grant,1,127.47991180419922,2712772.25,18494,6.89
13195,Madison,1,127.25294494628906,2707943.0,23690,5.37
08119,Teller,1,126.15320587158203,2684540.25,20804,6.06
45023,Chester,1,126.10317993164062,2683476.0,24965,5.05
13145,Harris,1,126.04537200927734,2682245.5,27872,4.52
13225,Peach,1,124.17562866210938,2642457.25,22250,5.58
13143,Haralson,1,123.67216491699219,2631743.5,23397,5.29
12003,Baker,1,123.38568878173828,2625647.5,21372,5.77
05111,Poinsett,1,123.15003204345703,2620632.75,17256,7.14
18021,Clay,1,122.73534393310547,2611808.0,20289,6.05
28137,Tate,1,122.309814453125,2602752.75,21750,5.62
47111,Macon,1,121.15325927734375,2578141.25,19341,6.26
54035,Jackson,1,120.88993835449219,2572537.75,21738,5.56
48019,Bandera,1,120.24021911621094,2558711.5,17993,6.68
28029,Copiah,1,119.60057067871094,2545100.25,21675,5.52
36095,Schoharie,1,119.53020477294922,2543602.5,24734,4.83
27079,Le Sueur,1,118.67645263671875,2525434.75,22211,5.34
22075,Plaquemines,1,118.09520721435547,2513065.5,17306,6.82
18175,Washington,1,117.84545135498047,2507751.25,21681,5.44
13169,Jones,1,117.7679214477539,2506101.5,22008,5.35
22077,Pointe Coupee,1,117.728515625,2505262.75,16039,7.34
48281,Lampasas,1,117.47306060791016,2499826.5,17432,6.74
51820,Waynesboro,1,116.93362426757812,2488347.5,17483,6.69
22043,Grant,1,115.89424896240234,2466229.75,17467,6.64
45027,Clarendon,1,115.60075378417969,2459984.25,25281,4.57
45053,Jasper,1,115.48957824707031,2457618.0,24820,4.65
21017,Bourbon,1,115.43295288085938,2456413.25,15569,7.41
51145,Powhatan,1,115.12977600097656,2449961.5,25518,4.51
28127,Simpson,1,115.09156799316406,2449148.5,19803,5.81
39019,Carroll,1,113.87528991699219,2423266.25,21230,5.36
13207,Monroe,1,113.6646728515625,2418784.25,22852,4.97
39073,Hocking,1,113.53080749511719,2415935.75,21886,5.19
13035,Butts,1,112.54656982421875,2394991.0,20724,5.43
51065,Fluvanna,1,112.42652893066406,2392436.25,22270,5.05
27095,Mille Lacs,1,110.5949478149414,2353460.5,20616,5.36
51670,Hopewell,1,109.53579711914062,2330922.0,17086,6.41
51750,Radford,1,109.28782653808594,2325645.0,14467,7.55
45037,Edgefield,1,108.9349594116211,2318136.0,21935,4.97
13227,Pickens,1,107.63207244873047,2290410.5,27693,3.89
47159,Smith,1,107.52883911132812,2288213.75,15676,6.86
21003,Allen,1,107.17066192626953,2280591.75,16184,6.62
29177,Ray,1,106.92518615722656,2275368.0,17869,5.98
54027,Hampshire,1,106.157958984375,2259041.25,19071,5.57
51053,Dinwiddie,1,105.148681640625,2237564.0,22428,4.69
05047,Franklin,1,104.94925689697266,2233320.25,13328,7.87
54009,Brooke,1,104.87903594970703,2231825.75,18240,5.75
20149,Pottawatomie,1,104.8321533203125,2230828.25,18309,5.73
22093,St. James,1,104.74659729003906,2229007.5,15366,6.82
16053,Jerome,1,104.65137481689453,2226981.0,17354,6.03
21215,Spencer,1,104.55111694335938,2224847.75,15376,6.8
18129,Posey,1,104.3746566772461,2221092.5,19590,5.33
42131,Wyoming,1,104.242431640625,2218279.0,21037,4.96
36123,Yates,1,103.8885726928711,2210749.0,19011,5.46
48253,Jones,1,103.5306396484375,2203132.0,16655,6.22
47173,Union,1,102.55741119384766,2182421.5,15799,6.49
28163,Yazoo,1,101.22550201416016,2154078.5,21016,4.82
13033,Burke,1,99.08484649658203,2108525.5,18360,5.4
22037,East Feliciana,1,98.46519470214844,2095339.25,16030,6.14
51600,Fairfax,1,97.69430541992188,2078934.75,18595,5.25
01007,Bibb,1,97.67405700683594,2078503.875,17694,5.52
24039,Somerset,1,97.63627624511719,2077699.875,20374,4.79
20191,Sumner,1,97.13982391357422,2067135.625,16970,5.72
08093,Park,1,96.62220764160156,2056120.625,15134,6.38
13085,Dawson,1,96.40449523925781,2051487.75,22951,4.2
18153,Sullivan,1,96.37838745117188,2050932.0,16774,5.75
22125,West Feliciana,1,96.02643585205078,2043442.5,12870,7.46
51520,Bristol,1,95.35615539550781,2029179.25,13591,7.02
13321,Worth,1,94.87802124023438,2019004.375,15990,5.93
22111,Union,1,94.38731384277344,2008562.0,16401,5.75
05053,Grant,1,94.32003021240234,2007130.125,14243,6.62
16045,Gem,1,94.23201751708984,2005257.5,15414,6.11
51169,Scott,1,93.78453063964844,1995734.75,17637,5.32
13025,Brantley,1,93.69027709960938,1993729.25,14106,6.64
47129,Morgan,1,93.63013458251953,1992449.125,17154,5.46
29049,Clinton,1,93.39457702636719,1987436.75,16359,5.71
13189,McDuffie,1,93.0385971069336,1979861.5,16263,5.72
51075,Goochland,1,92.89356994628906,1976775.125,21368,4.35
48145,Falls,1,92.5409927368164,1969272.375,13459,6.88
47139,Polk,1,90.84780883789062,1933241.125,14309,6.35
48051,Burleson,1,90.78312683105469,1931865.125,14294,6.35
51079,Greene,1,90.15083312988281,1918409.625,15989,5.64
55049,Iowa,1,90.02822875976562,1915800.625,18620,4.84
19015,Boone,1,89.86396026611328,1912305.0,21088,4.26
51830,Williamsburg,1,87.92581939697266,1871061.5,13936,6.31
18047,Franklin,1,87.71066284179688,1866482.75,17743,4.94
51570,Colonial Heights,1,87.64895629882812,1865169.75,13813,6.35
28131,Stone,1,87.18277740478516,1855249.5,14531,6.0
54065,Morgan,1,87.17037200927734,1854985.5,14302,6.09
51127,New Kent,1,86.5985107421875,1842816.25,19432,4.46
27157,Wabasha,1,86.5407943725586,1841588.125,16773,5.16
37007,Anson,1,86.39055633544922,1838390.875,17466,4.95
47171,Unicoi,1,86.24687957763672,1835333.5,14534,5.93
17083,Jersey,1,85.73458099365234,1824432.0,17080,5.02
31025,Cass,1,85.50789642333984,1819607.875,20600,4.15
29059,Dallas,1,85.44770812988281,1818327.25,13169,6.49
47023,Chester,1,84.66216278076172,1801610.875,13672,6.19
12041,Gilchrist,1,84.2105712890625,1792001.0,14643,5.75
05087,Madison,1,84.14064025878906,1790512.75,13050,6.45
18119,Owen,1,83.9473876953125,1786400.375,17158,4.89
55061,Kewaunee,1,83.94340515136719,1786315.625,16278,5.16
21103,Henry,1,83.67032623291016,1780504.5,12062,6.94
40117,Pawnee,1,83.6064224243164,1779144.625,12018,6.96
19017,Bremer,1,83.21427917480469,1770800.125,19441,4.28
13199,Meriwether,1,82.8169174194336,1762344.0,16274,5.09
48395,Robertson,1,82.04365539550781,1745889.125,12908,6.36
47153,Sequatchie,1,80.68515014648438,1716979.75,13132,6.14
27039,Dodge,1,80.00055694580078,1702411.875,15625,5.12
45081,Saluda,1,79.83680725097656,1698927.375,14812,5.39
29013,Bates,1,79.10443115234375,1683342.25,12355,6.4
42093,Montour,1,79.06218719482422,1682443.25,14417,5.48
13211,Morgan,1,78.95613861083984,1680186.375,16005,4.93
13171,Lamar,1,78.9419937133789,1679885.625,14964,5.28
21191,Pendleton,1,77.9708023071289,1659218.625,11286,6.91
01067,Henry,1,77.79497528076172,1655477.125,13880,5.6
29053,Cooper,1,77.2939682006836,1644815.75,13041,5.93
18015,Carroll,1,77.1836929321289,1642468.75,15963,4.84
48059,Callahan,1,76.79422760009766,1634181.25,11012,6.97
01107,Pickens,1,76.3796157836914,1625358.125,15204,5.02
35057,Torrance,1,76.31526947021484,1623989.0,12132,6.29
47015,Cannon,1,76.10542297363281,1619523.5,11395,6.68
28031,Covington,1,76.01399993896484,1617577.75,13838,5.49
13231,Pike,1,75.45651245117188,1605714.75,14945,5.05
18165,Vermillion,1,75.30936431884766,1602583.25,12034,6.26
45039,Fairfield,1,75.03024291992188,1596643.5,16922,4.43
37115,Madison,1,75.02017211914062,1596429.125,17846,4.2
29003,Andrew,1,74.15608215332031,1578041.5,14000,5.3
19011,Benton,1,73.8716812133789,1571989.25,19757,3.74
21123,Larue,1,73.84031677246094,1571322.0,11624,6.35
13183,Long,1,73.83319854736328,1571170.5,12655,5.83
54005,Boone,1,73.59576416015625,1566117.75,16908,4.35
20087,Jefferson,1,73.27352142333984,1559260.5,14300,5.12
27055,Houston,1,72.95113372802734,1552400.125,14709,4.96
54043,Lincoln,1,72.61827087402344,1545316.75,15693,4.63
51685,Manassas Park,1,72.52507019042969,1543333.5,12824,5.66
27045,Fillmore,1,72.4832992553711,1542444.75,16112,4.5
47033,Crockett,1,72.1780014038086,1535948.0,10676,6.76
29135,Moniteau,1,70.79635620117188,1506546.375,11473,6.17
51071,Giles,1,70.75489807128906,1505664.125,13313,5.31
51101,King William,1,70.1960220336914,1493771.375,14045,5.0
17005,Bond,1,69.79317474365234,1485198.875,13598,5.13
13027,Brooks,1,69.718505859375,1483609.75,12833,5.43
18121,Parke,1,68.41342163085938,1455837.75,12718,5.38
53059,Skamania,1,68.10611724853516,1449298.25,10192,6.68
19105,Jones,1,67.8021469116211,1442829.625,16455,4.12
51011,Appomattox,1,67.40818786621094,1434446.25,12833,5.25
01129,Washington,1,67.21959686279297,1430433.0,12110,5.55
31155,Saunders,1,66.92259216308594,1424112.625,17088,3.92
47169,Trousdale,1,66.0347671508789,1405219.875,9863,6.7
21221,Trigg,1,65.82402801513672,1400735.25,11117,5.92
51175,Southampton,1,65.14466094970703,1386278.25,14544,4.48
19183,Washington,1,65.00981140136719,1383408.75,16986,3.83
13083,Dade,1,64.80840301513672,1379122.875,13018,4.98
17147,Piatt,1,64.06280517578125,1363256.75,13041,4.91
20139,Osage,1,63.802371978759766,1357714.375,12099,5.27
05081,Little River,1,63.78240203857422,1357289.625,9298,6.86
18111,Newton,1,63.56817626953125,1352730.875,10945,5.81
05079,Lincoln,1,63.12467956542969,1343293.25,10898,5.79
13221,Oglethorpe,1,62.615047454833984,1332448.375,11935,5.25
51043,Clarke,1,62.578147888183594,1331663.0,12201,5.13
28051,Holmes,1,62.21782302856445,1323995.375,12400,5.02
29151,Osage,1,61.85777282714844,1316333.375,10286,6.01
13159,Jasper,1,61.77107620239258,1314488.5,11747,5.26
31177,Washington,1,61.267730712890625,1303777.25,15900,3.85
51610,Falls Church,1,61.18528747558594,1302022.875,11065,5.53
16041,Franklin,1,61.13438415527344,1300939.625,10162,6.02
31043,Dakota,1,59.402320861816406,1264081.375,15071,3.94
51735,Poquoson,1,58.45037078857422,1243823.875,9684,6.04
51113,Madison,1,58.09846878051758,1236335.375,11139,5.22
21061,Edmonson,1,57.922821044921875,1232597.5,9930,5.83
01065,Hale,1,57.705013275146484,1227962.625,11234,5.14
49023,Juab,1,57.48613357543945,1223305.0,8136,7.07
51125,Nelson,1,57.46391677856445,1222832.0,12167,4.72
48077,Clay,1,57.3994140625,1221459.5,8362,6.86
16073,Owyhee,1,57.218204498291016,1217603.0,9216,6.21
17087,Johnson,1,56.94007110595703,1211684.875,10976,5.19
20085,Jackson,1,56.344017028808594,1199000.75,10002,5.63
45017,Calhoun,1,56.25963592529297,1197205.0,11498,4.89
37137,Pamlico,1,56.108001708984375,1193978.25,10563,5.31
12065,Jefferson,1,54.75517272949219,1165190.125,12184,4.49
19121,Madison,1,54.680908203125,1163609.75,12585,4.34
22091,St. Helena,1,54.60151672363281,1161920.25,8642,6.32
31159,Seward,1,54.206443786621094,1153513.0,13485,4.02
17131,Mercer,1,53.92020034790039,1147421.875,12326,4.37
30009,Carbon,1,53.60477828979492,1140709.75,8985,5.97
13079,Crawford,1,53.15399169921875,1131116.875,9650,5.51
46127,Union,1,52.682884216308594,1121091.75,12824,4.11
05105,Perry,1,52.59774398803711,1119280.125,7873,6.68
49029,Morgan,1,52.48463821411133,1116873.0,8300,6.32
47161,Stewart,1,52.23634719848633,1111589.5,10864,4.81
28111,Perry,1,51.958091735839844,1105668.0,8930,5.82
13191,McIntosh,1,51.85749435424805,1103527.5,9489,5.47
08019,Clear Creek,1,49.774925231933594,1059210.375,8031,6.2
21031,Butler,1,49.70143127441406,1057646.5,9498,5.23
29063,DeKalb,1,49.29084777832031,1048909.25,9071,5.43
19085,Harrison,1,48.87840270996094,1040132.4375,11268,4.34
51007,Amelia,1,48.45227813720703,1031064.4375,10573,4.58
19129,Mills,1,48.4243049621582,1030469.25,11201,4.32
13173,Lanier,1,48.193153381347656,1025550.25,7794,6.18
29017,Bollinger,1,47.84330749511719,1018105.5625,8270,5.79
21077,Gallatin,1,47.588829040527344,1012690.25,6790,7.01
18013,Brown,1,47.46089172363281,1009967.75,12957,3.66
29089,Howard,1,46.42880630493164,988005.0,7903,5.87
27075,Lake,1,46.12550735473633,981550.75,8830,5.22
13053,Chattahoochee,1,45.755558013916016,973678.25,7422,6.16
48009,Archer,1,45.19727325439453,961798.0,6722,6.72
21023,Bracken,1,44.928287506103516,956073.875,6438,6.98
13149,Heard,1,43.98761749267578,936056.375,8911,4.94
17123,Marshall,1,43.522491455078125,926158.5625,9236,4.71
17129,Menard,1,42.96060562133789,914201.6875,9482,4.53
30095,Stillwater,1,42.3939323425293,902143.0,7144,5.93
29025,Caldwell,1,41.17945098876953,876298.6875,6784,6.07
21149,McLean,1,40.400516510009766,859722.875,7016,5.76
20107,Linn,1,40.39937973022461,859698.875,7580,5.33
16015,Boise,1,40.093990325927734,853200.0625,6809,5.89
37029,Camden,1,39.48038864135742,840142.6875,8135,4.85
13273,Terrell,1,38.17701721191406,812406.9375,6905,5.53
01085,Lowndes,1,37.73395919799805,802978.625,7809,4.83
51183,Sussex,1,37.70748519897461,802415.25,9090,4.15
18007,Benton,1,37.0451545715332,788320.875,6553,5.65
28143,Tunica,1,36.58317947387695,778490.0625,6876,5.32
21091,Hancock,1,36.53470993041992,777458.75,6838,5.34
37103,Jones,1,36.20491027832031,770440.5625,7545,4.8
48175,Goliad,1,36.002742767333984,766138.1875,5668,6.35
05025,Cleveland,1,35.910911560058594,764184.1875,5918,6.07
37073,Gates,1,35.89455032348633,763836.0625,8402,4.27
51115,Mathews,1,35.67535400390625,759171.625,7188,4.96
51620,Franklin,1,34.05522918701172,724695.1875,6030,5.65
13181,Lincoln,1,33.98847961425781,723274.8125,6297,5.4
13197,Marion,1,33.16380310058594,705725.75,5957,5.57
16077,Power,1,32.59919738769531,693710.9375,5583,5.84
22023,Cameron,1,32.06972885131836,682443.8125,3967,8.08
19077,Guthrie,1,31.958019256591797,680066.75,8367,3.82
50013,Grand Isle,1,31.360280990600586,667346.75,6126,5.12
13289,Twiggs,1,31.335668563842773,666823.0,6375,4.92
18171,Warren,1,30.98488998413086,659358.4375,6592,4.7
40033,Cotton,1,30.958833694458008,658804.0625,4233,7.31
08047,Gilpin,1,30.723529815673828,653796.75,4953,6.2
19075,Grundy,1,30.408897399902344,647101.3125,9435,3.22
18115,Ohio,1,30.10375213623047,640607.9375,4767,6.32
48065,Carson,1,29.80830955505371,634320.875,4499,6.63
18161,Union,1,29.185304641723633,621063.3125,5575,5.24
01063,Greene,1,28.253799438476562,601240.8125,5967,4.74
20197,Wabaunsee,1,27.77486228942871,591049.0,5365,5.18
51157,Rappahannock,1,27.503145217895508,585267.0,6102,4.51
48305,Lynn,1,27.012371063232422,574823.25,4102,6.59
46125,Turner,1,26.18075942993164,557126.5625,6557,3.99
20043,Doniphan,1,25.691747665405273,546720.375,5967,4.31
31121,Merrick,1,25.42395782470703,541021.75,5940,4.28
48107,Crosby,1,24.71694564819336,525976.5625,3772,6.55
54015,Clay,1,24.061777114868164,512034.625,6194,3.88
48317,Martin,1,23.88719940185547,508319.5625,3691,6.47
51097,King and Queen,1,22.37526512145996,476145.59375,5486,4.08
51036,Charles City,1,21.551584243774414,458617.71875,5713,3.77
54105,Wirt,1,21.546300888061523,458505.28125,4035,5.34
32029,Storey,1,21.142566680908203,449913.8125,3659,5.78
13259,Stewart,1,20.862836837768555,443961.1875,4387,4.76
13263,Talbot,1,20.369979858398438,433473.09375,4814,4.23
31093,Howard,1,18.692163467407227,397769.25,4844,3.86
17003,Alexander,1,18.53763198852539,394480.78125,3950,4.69
48229,Hudspeth,1,17.859981536865234,380060.4375,2733,6.53
17175,Stark,1,17.834156036376953,379510.84375,4171,4.28
51045,Craig,1,17.594253540039062,374405.78125,3658,4.81
13101,Echols,1,17.10536766052246,364002.28125,2671,6.4
46087,McCook,1,15.597551345825195,331915.875,4108,3.8
17013,Calhoun,1,15.209547996520996,323659.1875,3509,4.33
31051,Dixon,1,14.127281188964844,300628.5625,4170,3.39
16023,Butte,1,11.755474090576172,250156.46875,1949,6.03
48011,Armstrong,1,9.890028953552246,210459.8125,1474,6.71
48359,Oldham,1,9.392557144165039,199873.59375,1346,6.98
48235,Irion,1,6.998353004455566,148924.96875,1089,6.43
38065,Oliver,1,6.3856425285339355,135886.46875,1345,4.75
48431,Sterling,1,5.824334144592285,123941.8125,889,6.55
