GEOID,adult_target,allocated_adults,ndvi_covered_adults,ndvi_population_coverage,tract_count
01001,45359.0,45358.99999999993,45358.99999999993,0.9999999999999984,12
01003,188817.0,188817.0,188813.52620725398,0.9999816023305845,31
01007,17694.0,17694.000000000007,17694.000000000007,1.0000000000000004,4
01009,45554.0,45554.00000000001,45554.00000000001,1.0000000000000002,9
01015,91312.0,91312.0,91312.0,1.0,28
01021,34534.0,34534.00000000004,34534.00000000004,1.000000000000001,9
01033,45337.0,45336.99999999998,45336.99999999998,0.9999999999999996,14
01051,69414.0,69414.00000000001,69414.00000000001,1.0000000000000002,15
01055,80721.0,80720.99999999999,80720.99999999999,0.9999999999999998,30
01061,20816.0,20816.000000000004,20816.000000000004,1.0000000000000002,6
01063,5967.0,5967.0,5967.0,1.0,3
01065,11234.0,11233.99999999997,11233.99999999997,0.9999999999999974,6
01067,13880.0,13879.999999999969,13879.999999999969,0.9999999999999978,6
01069,82816.0,82815.99999999999,82815.99999999999,0.9999999999999998,22
01073,515654.0,515654.00000000006,515654.00000000006,1.0000000000000002,163
01077,76489.0,76488.99999999996,76488.99999999996,0.9999999999999994,22
01079,25960.0,25960.0,25960.0,1.0,9
01081,140096.0,140095.99999999997,140095.99999999997,0.9999999999999998,27
01083,83624.0,83624.00000000009,83624.00000000009,1.000000000000001,16
01085,7809.0,7809.000000000003,7809.000000000003,1.0000000000000004,4
01089,310781.0,310781.00000000006,310781.00000000006,1.0000000000000002,73
01097,316486.0,316485.9999999999,316485.0495588027,0.9999969968933939,114
01101,172489.0,172488.99999999997,172488.99999999997,0.9999999999999998,65
01103,94858.0,94857.99999999991,94857.99999999991,0.9999999999999991,27
01107,15204.0,15204.000000000007,15204.000000000007,1.0000000000000004,5
01113,44552.0,44551.99999999999,44551.99999999999,0.9999999999999999,13
01115,72088.0,72087.99999999999,72087.99999999999,0.9999999999999998,13
01117,174730.0,174730.00000000006,174719.6413341092,0.9999407161569805,47
01125,185617.0,185616.99999999997,185616.99999999997,0.9999999999999999,47
01129,12110.0,12109.999999999993,12109.999999999993,0.9999999999999994,5
04003,99244.0,99244.0000000001,99244.0000000001,1.000000000000001,32
04005,115936.0,115936.00000000006,115936.00000000006,1.0000000000000004,28
04013,3466307.0,3466306.9999999995,3466306.9999999995,0.9999999999999999,909
04015,181878.0,181878.00000000006,181877.99867466377,0.9999999927130482,43
04019,841363.0,841362.9999999995,841362.9999999995,0.9999999999999994,241
04021,351626.0,351626.0,351626.0,1.0,75
04025,203933.0,203932.9999999998,203932.88973301073,0.9999994592979593,42
04027,156074.0,156073.99999999997,156073.99999999997,0.9999999999999998,53
05007,218751.0,218750.99999999994,218750.99999999994,0.9999999999999998,49
05025,5918.0,5918.000000000013,5918.000000000013,1.0000000000000022,2
05031,83729.0,83729.0,83729.0,1.0,17
05033,46116.0,46115.99999999997,46115.99999999997,0.9999999999999993,11
05035,34616.0,34616.000000000015,34616.000000000015,1.0000000000000004,20
05045,97283.0,97282.99999999997,97282.99999999997,0.9999999999999997,25
05047,13328.0,13328.000000000025,13327.973629336382,0.9999980214087921,3
05051,80058.0,80057.99999999994,80057.9350962751,0.9999991892912027,20
05053,14243.0,14242.999999999975,14242.999999999975,0.9999999999999982,4
05069,51558.0,51558.0,51557.09352715281,0.9999824183861439,24
05079,10898.0,10898.00000000001,10896.436585709573,0.9998565411735706,4
05081,9298.0,9298.000000000005,9297.191518402597,0.999913047795504,4
05085,56067.0,56067.00000000003,56067.00000000003,1.0000000000000004,16
05087,13050.0,13049.999999999982,13049.316971843167,0.9999476606776373,4
05091,32525.0,32525.000000000004,32524.697743891313,0.9999907069605323,11
05105,7873.0,7873.000000000031,7872.943096025778,0.9999927722628957,3
05111,17256.0,17255.99999999999,17255.99999999999,0.9999999999999993,7
05119,305494.0,305493.9999999999,305493.9999999999,0.9999999999999997,94
05125,96345.0,96344.99999999994,96344.99999999994,0.9999999999999994,21
05131,97738.0,97738.00000000001,97738.00000000001,1.0000000000000002,26
05143,191964.0,191963.99999999997,191944.093258754,0.9998962996121877,32
06001,1320914.0,1320914.0,1320887.1911169705,0.9999797042933685,359
06007,166535.0,166535.00000000006,166535.00000000006,1.0000000000000004,51
06013,903366.0,903366.0,903359.2590954062,0.9999925380138351,207
06017,154382.0,154382.00000000003,154381.99936160256,0.9999999958648195,42
06019,728329.0,728328.9999999999,728328.9987531155,0.9999999982880203,199
06025,128203.0,128203.00000000004,128203.00000000004,1.0000000000000004,31
06029,647883.0,647883.0,647882.9964528682,0.9999999945250426,151
06031,111456.0,111456.0,111456.0,1.0,27
06037,7790870.0,7790870.0,7790734.7133623725,0.9999826352335969,2323
06039,115343.0,115343.00000000004,115342.29520951056,0.9999938896119449,23
06041,207753.0,207752.99999999994,207742.78352619775,0.999950823940919,55
06047,202355.0,202354.99999999994,202354.99999999994,0.9999999999999997,49
06053,322633.0,322633.00000000006,322613.30084813805,0.999938942538854,92
06055,109047.0,109047.0,109047.0,1.0,40
06059,2489230.0,2489230.0,2489226.510004502,0.9999985979618202,580
06061,321825.0,321824.99999999994,321824.99999999994,0.9999999999999998,84
06065,1851238.0,1851237.9999999995,1851237.8774189944,0.9999999337843078,452
06067,1218380.0,1218380.0,1218380.0,1.0,317
06069,49236.0,49235.999999999956,49235.999999999956,0.9999999999999991,11
06071,1623837.0,1623837.0,1623826.578683376,0.9999935822889712,368
06073,2588613.0,2588613.0000000005,2588542.9221271644,0.9999729284088291,626
06075,721593.0,721593.0,721241.7901299959,0.9995132853700021,195
06077,578486.0,578486.0,578486.0,1.0,139
06079,231922.0,231921.99999999994,231887.31770561534,0.9998504570744273,53
06081,597036.0,597036.0,596902.5783800839,0.9997765266752489,156
06083,344367.0,344366.9999999999,344359.20822482195,0.9999773736299412,87
06085,1504544.0,1504544.0,1504544.0,1.0,372
06087,216119.0,216119.0,215999.75107806304,0.999448225644497,52
06089,142150.0,142149.99999999994,142149.9984384328,0.9999999890146523,48
06095,351400.0,351399.99999999994,351399.97193469823,0.999999920132892,95
06097,391704.0,391704.0,391702.3903698213,0.9999958906976218,99
06099,403935.0,403935.0,403935.0,1.0,94
06101,73803.0,73803.0,73803.0,1.0,21
06107,332659.0,332659.00000000006,332656.45201809093,0.9999923405592241,78
06111,652464.0,652464.0000000001,652456.030587004,0.9999877856663418,173
06113,173144.0,173143.99999999997,173143.96725534005,0.9999998108819251,41
06115,60439.0,60439.00000000002,60439.00000000002,1.0000000000000004,14
08001,391408.0,391407.99999999994,391367.95084107725,0.9998976792530486,96
08005,505658.0,505658.00000000006,505658.00000000006,1.0000000000000002,147
08013,269185.0,269185.0,269185.0,1.0,68
08014,59265.0,59265.00000000002,59264.99927322849,0.9999999877369187,15
08019,8031.0,8031.000000000011,8031.000000000011,1.0000000000000013,3
08031,582914.0,582914.0,582841.8466173499,0.9998762195063936,143
08035,279823.0,279822.9999999999,279822.9999999999,0.9999999999999996,61
08039,21424.0,21424.000000000044,21419.1931766501,0.9997756337121966,7
08041,563588.0,563588.0,563588.0,1.0,130
08047,4953.0,4953.00000000001,4953.00000000001,1.000000000000002,1
08059,470425.0,470425.0,470422.0989953518,0.9999938332260229,137
08069,295565.0,295564.99999999994,295564.99999999994,0.9999999999999998,73
08077,124509.0,124509.00000000006,124509.00000000006,1.0000000000000004,29
08093,15134.0,15134.00000000002,15130.48240379011,0.9997675699610222,5
08101,131581.0,131581.0,131581.0,1.0,54
08119,20804.0,20803.999999999993,20803.999999999993,0.9999999999999997,6
08123,253176.0,253176.00000000003,253176.00000000003,1.0000000000000002,77
10001,142669.0,142669.00000000003,142668.9985986538,0.9999999901776405,32
10003,450477.0,450477.0000000001,450477.0000000001,1.0000000000000002,129
10005,202330.0,202329.9999999999,202329.9986623822,0.9999999933889299,53
12001,231412.0,231412.0,231407.52542359527,0.9999806640260457,56
12003,21372.0,21371.99999999994,21370.68692721078,0.999938561071064,4
12005,143219.0,143219.00000000006,143219.00000000006,1.0000000000000004,43
12009,507778.0,507778.0000000001,503063.54889279365,0.9907155270468465,111
12011,1539395.0,1539395.0,1530648.7938445844,0.994318413301709,360
12015,172013.0,172013.00000000003,172005.33817729962,0.999955457885739,38
12017,135185.0,135185.0000000001,135185.0000000001,1.0000000000000007,27
12019,172120.0,172119.99999999994,172119.99999375286,0.9999999999637048,30
12021,324044.0,324044.00000000023,324044.00000000023,1.0000000000000007,73
12031,780482.0,780482.0,780343.5638396079,0.9998226273502885,173
12033,255373.0,255372.99999999997,255372.99999999997,0.9999999999999999,71
12035,101832.0,101831.99999999997,101823.37711214069,0.9999153224147683,20
12039,33951.0,33950.99999999999,33950.99999999999,0.9999999999999998,9
12041,14643.0,14643.00000000002,14643.00000000002,1.0000000000000013,5
12053,164146.0,164146.00000000006,164145.94722826895,0.999999678507359,44
12055,86331.0,86331.00000000001,86331.00000000001,1.0000000000000002,24
12057,1164610.0,1164610.0,1164597.3261579801,0.9999891175225871,313
12061,138881.0,138881.00000000003,138634.84307159128,0.9982275694414016,29
12065,12184.0,12183.999999999964,12183.999999999964,0.999999999999997,3
12069,322624.0,322623.9999999999,322623.99962319835,0.9999999988320719,56
12071,656231.0,656231.0000000001,656220.1841950596,0.9999835182962395,165
12073,240404.0,240404.00000000003,240404.00000000003,1.0000000000000002,68
12075,35589.0,35588.99999999992,35588.81921445091,0.9999949201846331,9
12081,342333.0,342332.9999999998,342332.9999999998,0.9999999999999994,78
12083,314765.0,314765.0000000001,314765.0000000001,1.0000000000000004,61
12085,134388.0,134388.0,133869.6005910179,0.9961425171221976,34
12086,2144601.0,2144601.0,2131353.389777978,0.9938228088945114,511
12089,76132.0,76131.99999999997,76131.99779306598,0.9999999710117425,12
12091,165844.0,165844.0000000001,165843.99731425403,0.9999999838055885,41
12095,1129805.0,1129805.0000000007,1129637.9642785743,0.9998521552644698,206
12097,309159.0,309158.99999999994,309154.27624333004,0.9999847206237892,41
12099,1222641.0,1222641.0,1221377.9758150657,0.9989669705294242,331
12101,469214.0,469214.0,469210.87112552393,0.9999933316685434,133
12103,810106.0,810106.0,810101.9684905938,0.999995023479142,244
12105,592991.0,592991.0,592986.0928469012,0.9999917247427046,153
12109,228898.0,228898.00000000012,228898.00000000012,1.0000000000000004,39
12111,277902.0,277901.99999999994,277898.9143061431,0.9999888964676149,43
12113,151168.0,151168.00000000006,151168.00000000006,1.0000000000000004,25
12115,385947.0,385947.00000000006,385946.99999442685,0.9999999999855598,94
12117,376507.0,376506.99999999994,376506.99999999994,0.9999999999999999,86
12119,127767.0,127767.00000000006,127767.00000000006,1.0000000000000004,18
12127,468769.0,468768.9999999999,468477.98495055095,0.9993791930578834,113
12129,27548.0,27547.99999999998,27547.99999999998,0.9999999999999993,4
12131,63275.0,63274.999999999956,63274.99977515792,0.999999996446589,11
13013,64886.0,64886.00000000001,64886.00000000001,1.0000000000000002,18
13015,84934.0,84934.00000000004,84934.00000000004,1.0000000000000004,15
13021,118256.0,118256.00000000004,118252.16258783502,0.999967549958015,44
13025,14106.0,14106.000000000047,14105.958304421249,0.9999970441245746,3
13027,12833.0,12832.999999999976,12832.999999999976,0.9999999999999981,5
13029,33025.0,33024.999999999935,33024.999999999935,0.999999999999998,6
13033,18360.0,18359.999999999956,18359.999999999956,0.9999999999999977,6
13035,20724.0,20724.00000000003,20724.00000000003,1.0000000000000013,3
13045,93063.0,93063.00000000006,93063.00000000006,1.0000000000000007,17
13047,53057.0,53057.00000000003,53057.00000000003,1.0000000000000004,11
13051,235733.0,235733.00000000006,235725.25650913815,0.9999671514346238,69
13053,7422.0,7421.999999999995,7421.999999999995,0.9999999999999993,5
13057,210602.0,210602.00000000012,210602.00000000012,1.0000000000000004,26
13059,107331.0,107331.00000000004,107330.99855464404,0.999999986533658,30
13063,217282.0,217282.0,217282.0,1.0,49
13067,593070.0,593069.9999999999,593069.9923138162,0.9999999870400057,120
13073,119608.0,119608.00000000003,119608.00000000003,1.0000000000000002,20
13077,114938.0,114938.00000000009,114937.20286819426,0.9999930646800385,20
13079,9650.0,9650.00000000003,9650.00000000003,1.000000000000003,3
13083,13018.0,13018.000000000004,12999.971447790249,0.9986151058373213,4
13085,22951.0,22950.999999999975,22950.999999999975,0.9999999999999989,3
13089,586766.0,586766.0,586613.4723252777,0.9997400536590016,144
13095,63638.0,63638.000000000015,63638.000000000015,1.0000000000000002,27
13097,108745.0,108744.99999999999,108744.99217430312,0.9999999280362603,20
13101,2671.0,2671.0000000000027,2671.0000000000027,1.000000000000001,2
13103,49354.0,49353.999999999985,49353.999999999985,0.9999999999999997,10
13113,93181.0,93181.00000000003,93181.00000000003,1.0000000000000002,20
13115,76391.0,76390.99999999994,76390.99999999994,0.9999999999999992,20
13117,191875.0,191874.99999999997,191874.99999999997,0.9999999999999999,45
13121,842905.0,842905.0000000003,842904.5357900508,0.9999994492737031,202
13127,67078.0,67078.00000000003,67078.00000000003,1.0000000000000004,15
13135,711750.0,711750.0,711750.0,1.0,113
13139,158032.0,158032.00000000003,157966.3148474931,0.9995843553678566,36
13143,23397.0,23397.000000000022,23397.000000000022,1.0000000000000009,5
13145,27872.0,27872.000000000044,27872.000000000044,1.0000000000000016,5
13149,8911.0,8911.000000000016,8911.000000000016,1.0000000000000018,3
13151,183468.0,183467.99999999997,183467.99999999997,0.9999999999999999,25
13153,124123.0,124123.0,124123.0,1.0,23
13159,11747.0,11747.000000000027,11746.95121331756,0.9999958468815493,3
13169,22008.0,22008.00000000003,22008.00000000003,1.0000000000000013,6
13171,14964.0,14963.999999999978,14963.999999999978,0.9999999999999986,3
13173,7794.0,7793.999999999984,7793.999999999984,0.9999999999999979,2
13177,24710.0,24710.00000000004,24710.00000000004,1.0000000000000016,5
13179,48332.0,48331.999999999985,48331.999999999985,0.9999999999999997,14
13181,6297.0,6296.9999999999945,6296.9999999999945,0.9999999999999991,2
13183,12655.0,12655.00000000004,12655.00000000004,1.000000000000003,2
13185,89773.0,89772.99999999999,89772.99999999999,0.9999999999999999,25
13189,16263.0,16263.000000000015,16253.125540031837,0.9993928266637051,5
13191,9489.0,9489.000000000011,9489.000000000011,1.000000000000001,3
13195,23690.0,23690.000000000022,23690.000000000022,1.0000000000000009,6
13197,5957.0,5957.000000000002,5954.342949219193,0.999553961594627,2
13199,16274.0,16273.999999999985,16273.505973721565,0.9999696432174981,4
13207,22852.0,22852.000000000007,22852.000000000007,1.0000000000000002,5
13211,16005.0,16005.000000000018,16005.000000000018,1.000000000000001,5
13213,30663.0,30663.00000000003,30663.00000000003,1.0000000000000009,8
13215,153256.0,153255.99999999994,153255.99999999994,0.9999999999999997,53
13217,85961.0,85961.00000000004,85961.00000000004,1.0000000000000004,13
13219,31575.0,31575.000000000087,31575.000000000087,1.0000000000000027,6
13221,11935.0,11935.000000000015,11935.000000000015,1.000000000000001,4
13223,129492.0,129492.0,129492.0,1.0,19
13225,22250.0,22250.0,22250.0,1.0,6
13227,27693.0,27692.999999999985,27691.86779254734,0.9999591157529822,6
13231,14945.0,14945.000000000007,14945.000000000007,1.0000000000000004,4
13245,158585.0,158585.0,158584.9889357549,0.9999999302314525,47
13247,71713.0,71713.00000000003,71713.00000000003,1.0000000000000004,15
13255,52259.0,52259.0,52258.46585670847,0.999989778922453,12
13259,4387.0,4386.999999999987,4386.999999999987,0.9999999999999971,2
13263,4814.0,4814.000000000003,4814.000000000003,1.0000000000000007,3
13273,6905.0,6904.999999999972,6904.999999999972,0.9999999999999959,4
13289,6375.0,6375.000000000013,6375.000000000013,1.000000000000002,2
13295,53801.0,53800.99999999997,53785.3553317702,0.9997092123152024,13
13297,76105.0,76104.99999999999,76104.99999999999,0.9999999999999998,15
13313,77067.0,77066.99999999999,77066.99999999999,0.9999999999999998,18
13321,15990.0,15990.000000000018,15990.000000000018,1.000000000000001,5
16001,393981.0,393981.0,393981.0,1.0,59
16005,65948.0,65948.00000000006,65948.00000000006,1.0000000000000009,22
16015,6809.0,6809.000000000032,6808.581436075887,0.9999385278419572,1
16019,88696.0,88696.00000000003,88696.00000000003,1.0000000000000002,21
16023,1949.0,1948.999999999998,1948.999999999998,0.999999999999999,1
16027,176576.0,176576.0,176573.79058517277,0.9999874874568049,29
16041,10162.0,10161.999999999993,10161.999999999993,0.9999999999999993,2
16045,15414.0,15414.000000000018,15414.000000000018,1.000000000000001,3
16051,21642.0,21641.999999999985,21641.999999999985,0.9999999999999993,4
16053,17354.0,17353.99999999998,17353.99999999998,0.999999999999999,5
16055,137633.0,137633.0000000001,137633.0000000001,1.0000000000000007,25
16069,33384.0,33383.99999999996,33383.99999999996,0.9999999999999989,10
16073,9216.0,9215.99999999997,9215.99999999997,0.9999999999999969,3
16077,5583.0,5582.999999999997,5582.999999999997,0.9999999999999996,2
16083,67514.0,67514.00000000001,67514.00000000001,1.0000000000000002,14
17003,3950.0,3950.0000000000005,3950.0000000000005,1.0000000000000002,4
17005,13598.0,13597.999999999998,13597.999999999998,0.9999999999999999,4
17007,40430.0,40430.00000000001,40430.00000000001,1.0000000000000002,7
17013,3509.0,3509.000000000004,3509.000000000004,1.000000000000001,2
17019,166368.0,166367.99999999994,166367.99999999994,0.9999999999999997,43
17027,28933.0,28933.000000000015,28933.000000000015,1.0000000000000004,8
17031,4074847.0,4074847.0,4074797.4427075386,0.999987838244611,1314
17037,78606.0,78605.99999999997,78604.71573617688,0.9999836620127838,21
17043,719689.0,719689.0,719689.0,1.0,216
17057,26693.0,26692.99999999999,26692.99999999999,0.9999999999999996,12
17063,39848.0,39848.00000000003,39847.98416850531,0.9999996027029038,10
17073,38155.0,38155.0,38155.0,1.0,13
17077,42699.0,42699.0,42699.0,1.0,14
17083,17080.0,17079.99999999997,17079.963592343604,0.9999978684041922,6
17087,10976.0,10976.000000000015,10976.000000000015,1.0000000000000013,4
17089,390231.0,390231.0000000001,390230.24259845156,0.9999980590943609,82
17091,82264.0,82264.00000000003,82264.00000000003,1.0000000000000004,29
17093,97903.0,97902.99999999993,97902.99999999993,0.9999999999999992,10
17097,543787.0,543787.0,543787.0,1.0,152
17111,239710.0,239709.9999999999,239709.9999999999,0.9999999999999997,52
17113,134203.0,134203.00000000003,134201.23014312034,0.9999868120915355,41
17115,79357.0,79357.0,79357.0,1.0,34
17117,35322.0,35322.00000000006,35322.00000000006,1.0000000000000016,13
17119,207647.0,207647.00000000003,207647.00000000003,1.0000000000000002,61
17123,9236.0,9236.00000000002,9236.00000000002,1.0000000000000022,5
17129,9482.0,9482.000000000011,9482.000000000011,1.000000000000001,3
17131,12326.0,12326.0,12326.0,1.0,4
17133,27240.0,27239.99999999998,27239.99999999998,0.9999999999999993,6
17143,136775.0,136775.0,136775.0,1.0,48
17147,13041.0,13041.000000000031,13041.000000000031,1.0000000000000024,4
17161,110772.0,110772.00000000001,110772.00000000001,1.0000000000000002,40
17163,195450.0,195449.99999999997,195449.99999999997,0.9999999999999999,60
17167,152237.0,152237.0,152237.0,1.0,53
17175,4171.0,4171.0000000000155,4171.0000000000155,1.0000000000000038,2
17179,101456.0,101455.99999999997,101455.99999999997,0.9999999999999997,30
17183,55979.0,55979.000000000015,55979.000000000015,1.0000000000000002,24
17197,530845.0,530845.0,530827.6299458293,0.999967278482098,151
17199,52487.0,52487.00000000001,52487.00000000001,1.0000000000000002,15
17201,216539.0,216538.99999999994,216538.99999999994,0.9999999999999998,76
17203,29140.0,29140.00000000001,29131.229322191786,0.9996990158610771,9
18003,289409.0,289409.0,289407.02111128083,0.9999931623110575,96
18005,62786.0,62786.000000000044,62767.38351955144,0.9997034931282681,15
18007,6553.0,6552.999999999997,6552.990196876516,0.9999985040251055,3
18011,54064.0,54063.999999999935,54063.39074854715,0.9999887309216327,10
18013,12957.0,12956.999999999998,12956.999999999998,0.9999999999999999,4
18015,15963.0,15963.000000000024,15963.000000000024,1.0000000000000016,7
18019,95510.0,95509.99999999999,95509.998547505,0.9999999847922207,26
18021,20289.0,20289.00000000001,20289.00000000001,1.0000000000000004,6
18029,39532.0,39532.00000000001,39532.00000000001,1.0000000000000002,10
18035,91635.0,91635.0,91635.0,1.0,30
18039,149701.0,149701.00000000003,149700.771610726,0.9999984743637383,36
18043,62388.0,62387.999999999985,62387.99430739565,0.999999908754819,20
18047,17743.0,17743.000000000073,17743.000000000073,1.000000000000004,5
18057,264748.0,264748.0,264748.0,1.0,39
18059,62917.0,62917.00000000001,62917.00000000001,1.0000000000000002,10
18061,30892.0,30892.000000000044,30858.86290873755,0.9989273245091786,6
18063,135169.0,135169.0,135164.5462368515,0.9999670504098684,21
18067,64405.0,64404.99999999998,64404.99999999998,0.9999999999999997,20
18073,25488.0,25488.00000000002,25487.997195316668,0.9999998899606352,8
18081,123924.0,123924.00000000006,123924.00000000006,1.0000000000000004,22
18089,382434.0,382434.0,382433.9995861084,0.9999999989177436,117
18091,88186.0,88186.00000000001,88185.9991666379,0.9999999905499501,28
18095,102714.0,102714.00000000006,102709.59529157975,0.999957116766748,37
18097,728172.0,728172.0,728172.0,1.0,224
18105,117497.0,117497.00000000001,117497.00000000001,1.0000000000000002,31
18109,56130.0,56130.000000000015,56130.000000000015,1.0000000000000002,13
18111,10945.0,10944.999999999996,10944.999999999996,0.9999999999999997,4
18115,4767.0,4767.0,4766.838631191594,0.9999661487710497,2
18119,17158.0,17158.000000000004,17158.000000000004,1.0000000000000002,5
18121,12718.0,12718.000000000007,12718.000000000007,1.0000000000000007,4
18127,136507.0,136507.00000000003,136504.8166165487,0.9999840053370793,30
18129,19590.0,19589.999999999993,19589.999999999993,0.9999999999999997,7
18133,30005.0,30005.00000000001,30005.00000000001,1.0000000000000004,7
18141,209013.0,209012.99999999997,209012.99999999997,0.9999999999999999,75
18145,34922.0,34922.000000000015,34922.000000000015,1.0000000000000004,10
18153,16774.0,16773.999999999956,16773.999999999956,0.9999999999999974,5
18157,148979.0,148978.99999999994,148971.46591181098,0.9999494285222145,37
18161,5575.0,5575.0000000000055,5575.0000000000055,1.0000000000000009,2
18163,140749.0,140749.0,140749.0,1.0,48
18165,12034.0,12033.99999999999,12033.99999999999,0.9999999999999992,5
18167,84323.0,84323.00000000001,84322.9860377656,0.9999998344196198,28
18171,6592.0,6591.999999999996,6591.999999999996,0.9999999999999994,2
18173,49611.0,49611.0,49611.0,1.0,11
18175,21681.0,21680.99999999997,21680.99999999997,0.9999999999999987,6
18183,26452.0,26451.999999999993,26451.999999999993,0.9999999999999998,7
19011,19757.0,19757.00000000001,19757.00000000001,1.0000000000000004,7
19013,102014.0,102014.0,102014.0,1.0,38
19015,21088.0,21088.0,21088.0,1.0,7
19017,19441.0,19441.000000000004,19441.000000000004,1.0000000000000002,8
19049,76197.0,76197.0,76197.0,1.0,15
19061,76517.0,76516.99999999999,76516.99999999999,0.9999999999999998,26
19075,9435.0,9435.000000000005,9435.000000000005,1.0000000000000007,4
19077,8367.0,8366.999999999984,8366.999999999984,0.999999999999998,3
19085,11268.0,11268.000000000027,11268.000000000027,1.0000000000000024,5
19099,29482.0,29482.000000000022,29477.538321868582,0.9998486643331044,9
19103,124605.0,124604.99999999993,124604.99999999993,0.9999999999999994,24
19105,16455.0,16454.999999999967,16454.999999999967,0.999999999999998,5
19113,177230.0,177230.00000000012,177174.22599501692,0.9996853015573939,45
19121,12585.0,12584.999999999945,12584.999999999945,0.9999999999999957,3
19129,11201.0,11200.999999999993,11200.999999999993,0.9999999999999993,5
19153,375057.0,375057.0,375057.0,1.0,97
19155,71762.0,71762.00000000003,71762.00000000003,1.0000000000000004,30
19163,133516.0,133516.00000000003,133516.00000000003,1.0000000000000002,47
19169,82392.0,82391.99999999999,82391.99999999999,0.9999999999999998,20
19181,40312.0,40311.999999999985,40311.999999999985,0.9999999999999997,12
19183,16986.0,16986.000000000055,16986.000000000055,1.000000000000003,5
19193,78340.0,78340.0,78340.0,1.0,25
20015,50957.0,50957.000000000044,50957.000000000044,1.0000000000000009,13
20043,5967.0,5967.000000000009,5967.000000000009,1.0000000000000016,3
20045,98247.0,98246.99999999996,98246.99999999996,0.9999999999999996,22
20061,24542.0,24542.000000000004,24542.000000000004,1.0000000000000002,8
20079,25749.0,25748.99999999995,25748.99999999995,0.999999999999998,6
20085,10002.0,10002.000000000005,10002.000000000005,1.0000000000000004,3
20087,14300.0,14300.000000000035,14300.000000000035,1.0000000000000024,4
20091,468368.0,468368.0000000002,468368.0000000002,1.0000000000000004,127
20103,62924.0,62924.00000000001,62924.00000000001,1.0000000000000002,16
20107,7580.0,7579.999999999977,7579.999999999977,0.999999999999997,2
20121,26343.0,26342.999999999985,26342.999999999985,0.9999999999999994,8
20139,12099.0,12098.999999999982,12098.999999999982,0.9999999999999984,5
20149,18309.0,18309.0,18309.0,1.0,4
20161,60068.0,60068.00000000002,60068.00000000002,1.0000000000000004,13
20173,392631.0,392631.00000000006,392631.00000000006,1.0000000000000002,124
20177,136774.0,136774.0,136774.0,1.0,43
20191,16970.0,16969.999999999993,16969.999999999993,0.9999999999999996,6
20197,5365.0,5364.999999999986,5364.999999999986,0.9999999999999974,2
20209,121089.0,121088.99999999997,121088.99999999997,0.9999999999999998,64
21003,16184.0,16184.000000000027,16184.000000000027,1.0000000000000018,6
21015,102139.0,102138.99999999999,102138.97227930826,0.9999997285983636,21
21017,15569.0,15569.000000000002,15569.000000000002,1.0000000000000002,6
21019,37818.0,37817.99999999997,37817.99999999997,0.9999999999999992,13
21023,6438.0,6438.000000000019,6438.000000000019,1.0000000000000029,3
21029,65375.0,65375.0,65375.0,1.0,17
21031,9498.0,9498.000000000024,9498.000000000024,1.0000000000000024,5
21037,73837.0,73836.99999999999,73836.99999999999,0.9999999999999998,25
21043,20580.0,20580.0,20580.0,1.0,7
21047,52254.0,52254.00000000007,52254.00000000007,1.0000000000000013,18
21049,28657.0,28657.0,28657.0,1.0,10
21059,77835.0,77835.00000000001,77835.00000000001,1.0000000000000002,23
21061,9930.0,9929.999999999998,9929.999999999998,0.9999999999999998,3
21067,253380.0,253380.0000000001,253380.0000000001,1.0000000000000004,82
21077,6790.0,6789.999999999976,6789.999999999976,0.9999999999999966,2
21081,18494.0,18493.999999999975,18493.999999999975,0.9999999999999987,4
21089,27993.0,27993.0,27993.0,1.0,9
21091,6838.0,6838.000000000009,6838.000000000009,1.0000000000000013,3
21093,83809.0,83808.99999999999,83808.99999999999,0.9999999999999998,22
21101,34366.0,34366.00000000002,34366.00000000002,1.0000000000000007,11
21103,12062.0,12061.999999999996,12061.999999999996,0.9999999999999997,5
21111,604298.0,604298.0000000002,604298.0000000002,1.0000000000000004,190
21113,40967.0,40966.99999999997,40966.99999999997,0.9999999999999993,9
21117,129828.0,129827.99999999997,129827.99999999997,0.9999999999999998,41
21123,11624.0,11624.0,11624.0,1.0,4
21149,7016.0,7016.000000000002,7016.000000000002,1.0000000000000002,3
21163,23369.0,23369.000000000015,23369.000000000015,1.0000000000000007,7
21185,51362.0,51361.999999999985,51361.999999999985,0.9999999999999997,14
21191,11286.0,11285.999999999982,11285.999999999982,0.9999999999999983,3
21209,43861.0,43861.00000000002,43861.00000000002,1.0000000000000004,14
21211,37717.0,37716.999999999985,37716.999999999985,0.9999999999999997,9
21215,15376.0,15375.999999999967,15375.999999999967,0.9999999999999979,4
21221,11117.0,11116.999999999965,11116.999999999965,0.9999999999999969,3
21227,105274.0,105273.99999999999,105268.96120647035,0.99995213639142,24
21239,21098.0,21098.000000000007,21098.000000000007,1.0000000000000004,8
22001,42355.0,42354.999999999985,42354.999999999985,0.9999999999999997,12
22005,94364.0,94364.0,94364.0,1.0,14
22007,16412.0,16412.000000000015,16412.000000000015,1.0000000000000009,6
22015,97012.0,97011.99999999996,97001.30223773423,0.9998897274330416,22
22017,177857.0,177856.99999999994,177844.3695815643,0.999928985542117,63
22019,156293.0,156293.0,156293.0,1.0,42
22023,3967.0,3967.0000000000027,3967.0000000000027,1.0000000000000007,2
22031,20453.0,20453.000000000033,20453.000000000033,1.0000000000000016,7
22033,349987.0,349987.0,349987.0,1.0,91
22037,16030.0,16030.000000000011,16030.000000000011,1.0000000000000007,5
22043,17467.0,17466.999999999996,17466.999999999996,0.9999999999999998,5
22045,51468.0,51468.00000000001,51465.652607630254,0.9999543912262038,15
22047,23679.0,23678.99999999997,23678.99999999997,0.9999999999999988,7
22051,335494.0,335494.0,335493.6438109367,0.9999989383146546,124
22055,185780.0,185780.00000000003,185780.00000000003,1.0000000000000002,42
22057,74447.0,74446.99999999997,74446.66416390223,0.9999954889236937,23
22063,107980.0,107979.99999999999,107979.99999999999,0.9999999999999999,17
22067,19149.0,19149.000000000015,19149.000000000015,1.0000000000000007,8
22071,301614.0,301614.0,301614.0,1.0,172
22073,119617.0,119617.00000000003,119616.99895628214,0.9999999912745023,39
22075,17306.0,17306.00000000001,17306.00000000001,1.0000000000000007,8
22077,16039.0,16038.999999999969,16038.999999999969,0.9999999999999981,6
22079,96239.0,96239.00000000003,96238.99764608912,0.9999999755409877,32
22087,32576.0,32576.0,32576.0,1.0,17
22089,39239.0,39238.99999999999,39238.99999999999,0.9999999999999998,13
22091,8642.0,8641.999999999993,8641.999999999993,0.9999999999999991,2
22093,15366.0,15365.99999999999,15365.193947162048,0.9999475430926753,7
22095,31309.0,31309.000000000004,31309.000000000004,1.0000000000000002,11
22099,39132.0,39131.99999999997,39131.941990128355,0.999998517584799,11
22103,205274.0,205273.99999999994,205273.99999999994,0.9999999999999997,42
22105,102002.0,102002.00000000001,102002.00000000001,1.0000000000000002,20
22109,80194.0,80193.99999999997,80193.99999999997,0.9999999999999997,21
22111,16401.0,16401.000000000022,16401.000000000022,1.0000000000000013,6
22113,42586.0,42586.00000000004,42344.63654593665,0.9943323286041574,12
22121,21128.0,21127.999999999996,21127.999999999996,0.9999999999999998,5
22125,12870.0,12870.000000000011,12870.000000000011,1.0000000000000009,3
23001,88647.0,88646.99999999997,88646.99999999997,0.9999999999999997,28
23005,250163.0,250163.00000000006,250156.77267192627,0.9999751069179945,66
23019,126184.0,126184.00000000004,126184.00000000004,1.0000000000000004,46
23023,30435.0,30435.0,30434.999685473955,0.9999999896656466,8
23031,175891.0,175890.99999999994,175888.58184705197,0.9999862519802148,40
24001,55706.0,55706.000000000015,55706.000000000015,1.0000000000000002,23
24003,457051.0,457050.9999999998,457050.9999999998,0.9999999999999997,103
24005,663161.0,663160.9999999998,663158.7968268568,0.9999966777703405,211
24009,72005.0,72005.0,72005.0,1.0,18
24013,135952.0,135951.9999999999,135951.9999999999,0.9999999999999993,38
24015,80990.0,80989.99999999997,80989.4649878538,0.9999933940962317,19
24017,128233.0,128232.99999999996,128232.99999999996,0.9999999999999997,30
24021,214766.0,214765.9999999999,214765.9999999999,0.9999999999999996,61
24025,203719.0,203719.00000000006,203718.99991329527,0.9999999995743906,57
24027,253643.0,253642.99999999997,253642.99999999997,0.9999999999999999,55
24031,814883.0,814882.9999999999,814882.9999999999,0.9999999999999999,215
24033,743108.0,743108.0,743108.0,1.0,218
24035,40103.0,40102.99999999996,40102.99706164766,0.999999926729862,11
24037,86873.0,86872.99999999996,86872.99999999996,0.9999999999999994,17
24039,20374.0,20374.000000000033,20374.000000000033,1.0000000000000016,7
24043,121129.0,121129.00000000003,121129.00000000003,1.0000000000000002,32
24045,80682.0,80682.00000000003,80682.00000000003,1.0000000000000004,19
24047,44073.0,44072.999999999985,44072.999999999985,0.9999999999999997,15
24510,456699.0,456699.0,456699.0,1.0,199
25001,196898.0,196898.00000000006,196896.6017601721,0.9999928986590626,56
25003,107023.0,107022.99999999997,107022.99999999997,0.9999999999999998,39
25005,458549.0,458549.0000000002,458547.6945570529,0.9999971531004384,125
25009,637838.0,637837.9999999998,637835.7848676525,0.9999965271238974,162
25011,58943.0,58943.00000000004,58943.00000000004,1.0000000000000007,18
25013,365303.0,365303.0000000001,365303.0000000001,1.0000000000000002,103
25015,133246.0,133246.0,133246.0,1.0,36
25017,1304428.0,1304428.0,1304428.0,1.0,317
25021,574797.0,574797.0,574792.5899893765,0.9999923277076541,130
25023,420468.0,420467.99999999994,420466.28607748816,0.9999959237741949,100
25025,655678.0,655678.0,655511.3885381236,0.9997458943843222,196
25027,682295.0,682294.9999999998,682288.7910229927,0.9999908998644175,172
26017,82796.0,82796.00000000001,82793.14474538078,0.999965514582598,26
26021,120292.0,120291.99999999999,120291.99999999999,0.9999999999999999,48
26025,103027.0,103027.00000000001,103027.00000000001,1.0000000000000002,39
26027,41056.0,41055.999999999985,41055.999999999985,0.9999999999999997,11
26037,62172.0,62172.00000000001,62172.00000000001,1.0000000000000002,22
26045,86476.0,86476.00000000001,86474.45016293408,0.9999820778358629,28
26049,313660.0,313660.0000000001,313659.00040183024,0.9999968131155718,129
26065,226359.0,226358.99999999997,226358.99999999997,0.9999999999999999,78
26067,52534.0,52533.99999999998,52533.99999999998,0.9999999999999996,13
26075,126373.0,126373.00000000003,126373.00000000003,1.0000000000000002,38
26077,205174.0,205174.0,205173.53471514024,0.9999977322425855,57
26081,502551.0,502550.99999999994,502550.99999999994,0.9999999999999999,128
26087,70832.0,70832.00000000006,70832.00000000006,1.0000000000000009,24
26093,154983.0,154983.00000000003,154983.00000000003,1.0000000000000002,61
26099,694851.0,694851.0,694847.5725528,0.9999950673637945,213
26111,65936.0,65935.99999999994,65935.99999999994,0.9999999999999991,19
26115,122323.0,122323.0,122322.99407362657,0.9999999515514382,38
26117,53007.0,53007.00000000004,53007.00000000004,1.0000000000000007,13
26121,135566.0,135566.00000000003,135565.3700481849,0.9999953531725131,42
26125,1011540.0,1011540.0,1011538.8822856019,0.9999988950368763,337
26139,228953.0,228952.99999999997,228952.99999999997,0.9999999999999999,53
26145,148509.0,148508.99999999997,148508.99999999997,0.9999999999999998,56
26147,127249.0,127249.0,127249.0,1.0,49
26155,53864.0,53864.000000000015,53864.000000000015,1.0000000000000002,17
26161,300686.0,300686.0,300686.0,1.0,99
26163,1352595.0,1352595.0,1352593.4612202994,0.9999988623500008,601
27003,279615.0,279615.0,279615.0,1.0,83
27009,30888.0,30887.999999999985,30887.999999999985,0.9999999999999996,9
27013,55557.0,55557.00000000004,55557.00000000004,1.0000000000000007,16
27017,28441.0,28440.999999999956,28440.873256019026,0.9999955436172788,7
27019,80712.0,80711.99999999997,80693.70541849778,0.9997733350492836,19
27025,44467.0,44466.99999999999,44466.99999999999,0.9999999999999999,10
27027,49345.0,49344.999999999985,49344.999999999985,0.9999999999999997,13
27037,335288.0,335287.99999999994,335287.99999999994,0.9999999999999998,95
27039,15625.0,15624.999999999975,15624.999999999975,0.9999999999999983,5
27045,16112.0,16112.000000000007,16112.000000000007,1.0000000000000004,6
27053,992536.0,992536.0,992536.0,1.0,299
27055,14709.0,14709.000000000015,14709.000000000015,1.0000000000000009,5
27059,32185.0,32184.999999999993,32184.999999999993,0.9999999999999998,8
27075,8830.0,8829.999999999995,8829.673808706622,0.9999630587436719,3
27079,22211.0,22210.999999999978,22210.999744562,0.9999999884994822,6
27095,20616.0,20616.0,20616.0,1.0,7
27103,26916.0,26915.999999999978,26915.02455010487,0.999963759477815,7
27109,123866.0,123865.99999999999,123865.99999999999,0.9999999999999999,33
27119,23286.0,23286.000000000007,23286.000000000007,1.0000000000000002,10
27123,417993.0,417993.0,417993.0,1.0,136
27137,162534.0,162534.00000000006,162533.98855650518,0.9999999295932247,66
27139,112635.0,112634.99999999999,112634.99999999999,0.9999999999999999,21
27141,73388.0,73388.0,73388.0,1.0,11
27145,121789.0,121789.00000000013,121788.9940266836,0.999999950953564,29
27157,16773.0,16773.0,16773.0,1.0,6
27163,206480.0,206479.99999999997,206479.99999999997,0.9999999999999999,50
27171,105360.0,105359.99999999997,105359.93458762109,0.9999993791535791,17
28029,21675.0,21674.99999999998,21674.99999999998,0.9999999999999991,6
28031,13838.0,13838.000000000018,13838.000000000018,1.0000000000000013,4
28033,141087.0,141087.0,141087.0,1.0,33
28035,60243.0,60242.99999999997,60242.99999999997,0.9999999999999996,17
28045,37048.0,37048.00000000004,37047.12496606574,0.9999763810749768,7
28047,159530.0,159529.99999999997,159523.67187425902,0.9999603326913998,45
28049,169818.0,169818.00000000006,169818.00000000006,1.0000000000000004,64
28051,12400.0,12400.000000000013,12400.000000000013,1.000000000000001,5
28059,111178.0,111177.99999999997,111155.08052651856,0.9997938488416643,28
28073,49089.0,49088.99999999999,49088.99999999999,0.9999999999999999,8
28089,83284.0,83283.99999999994,83283.99999999994,0.9999999999999993,21
28093,26842.0,26842.00000000003,26842.00000000003,1.000000000000001,6
28111,8930.0,8929.999999999993,8929.999999999993,0.9999999999999992,3
28121,122477.0,122477.0000000001,122477.0000000001,1.0000000000000009,27
28127,19803.0,19802.999999999996,19802.999999999996,0.9999999999999998,5
28131,14531.0,14530.999999999978,14530.999999999978,0.9999999999999984,3
28137,21750.0,21750.000000000022,21750.000000000022,1.000000000000001,5
28143,6876.0,6875.999999999994,6874.260360693108,0.9997469983556003,2
28163,21016.0,21015.999999999967,21015.999999999967,0.9999999999999984,6
29003,14000.0,13999.999999999989,13999.999999999989,0.9999999999999992,4
29013,12355.0,12354.999999999982,12354.999999999982,0.9999999999999986,4
29017,8270.0,8270.000000000002,8270.000000000002,1.0000000000000002,3
29019,148102.0,148101.99999999994,148101.99999999994,0.9999999999999996,29
29021,65091.0,65090.99999999996,65090.99999999996,0.9999999999999994,25
29025,6784.0,6784.000000000009,6784.000000000009,1.0000000000000013,2
29027,35260.0,35259.99999999999,35259.99999999999,0.9999999999999998,8
29031,64547.0,64547.00000000002,64547.00000000002,1.0000000000000004,16
29037,83456.0,83456.0,83456.0,1.0,20
29043,68170.0,68169.99999999999,68169.99999999999,0.9999999999999998,14
29047,194751.0,194751.00000000006,194751.00000000006,1.0000000000000002,44
29049,16359.0,16358.999999999998,16358.999999999998,0.9999999999999999,4
29051,59825.0,59825.00000000004,59825.00000000004,1.0000000000000007,15
29053,13041.0,13041.000000000004,13041.000000000004,1.0000000000000002,5
29059,13169.0,13168.999999999947,13168.999999999947,0.999999999999996,3
29063,9071.0,9070.999999999984,9070.999999999984,0.9999999999999982,2
29071,81548.0,81548.00000000003,81548.00000000003,1.0000000000000004,17
29077,238041.0,238040.99999999988,238040.13685764308,0.9999963739760928,62
29089,7903.0,7903.0,7903.0,1.0,3
29095,548629.0,548628.9999999998,548628.9999999998,0.9999999999999996,195
29097,92879.0,92878.99999999999,92878.99999999999,0.9999999999999999,22
29099,176231.0,176231.00000000006,176209.28854538273,0.9998768011608783,42
29107,25371.0,25371.000000000015,25370.992659873365,0.9999997106883199,7
29113,46064.0,46063.99999999993,46063.99999999993,0.9999999999999984,7
29135,11473.0,11472.999999999995,11472.999999999995,0.9999999999999996,4
29145,45272.0,45272.00000000002,45272.00000000002,1.0000000000000004,12
29151,10286.0,10286.000000000024,10286.000000000024,1.0000000000000022,4
29165,83317.0,83316.99999999999,83316.99999999999,0.9999999999999998,19
29167,24568.0,24568.000000000106,24568.000000000106,1.0000000000000042,4
29177,17869.0,17869.000000000062,17869.000000000062,1.0000000000000036,4
29183,316288.0,316287.9999999999,316287.9999999999,0.9999999999999997,78
29189,776147.0,776146.9999999999,776146.9999999999,0.9999999999999999,199
29219,27907.0,27906.999999999975,27906.999999999975,0.9999999999999991,5
29225,28923.0,28922.999999999978,28922.999999999978,0.9999999999999992,8
29510,238700.0,238700.00000000003,238700.00000000003,1.0000000000000002,106
30009,8985.0,8984.999999999996,8984.999999999996,0.9999999999999996,5
30013,65601.0,65601.0,65601.0,1.0,22
30063,97567.0,97567.00000000001,97567.00000000001,1.0000000000000002,20
30095,7144.0,7144.000000000007,7143.61701400916,0.9999463905387962,3
30111,128498.0,128498.0,128498.0,1.0,32
31025,20600.0,20599.99999999999,20599.99999999999,0.9999999999999994,6
31043,15071.0,15070.999999999995,15070.999999999995,0.9999999999999997,4
31051,4170.0,4170.000000000002,4170.000000000002,1.0000000000000004,2
31055,436245.0,436245.0,436238.8128142576,0.9999858171767185,156
31079,45211.0,45210.999999999985,45210.999999999985,0.9999999999999997,14
31093,4844.0,4843.999999999991,4843.999999999991,0.9999999999999981,2
31109,250383.0,250383.0,250383.0,1.0,74
31121,5940.0,5939.999999999995,5939.999999999995,0.9999999999999992,3
31153,142235.0,142235.0,142235.0,1.0,43
31155,17088.0,17087.999999999996,17087.999999999996,0.9999999999999998,5
31159,13485.0,13485.000000000013,13485.000000000013,1.0000000000000009,4
31177,15900.0,15900.0,15900.0,1.0,5
32003,1776818.0,1776818.0000000005,1776770.525561941,0.9999732812037817,487
32029,3659.0,3658.999999999992,3658.999999999992,0.9999999999999978,1
32031,388530.0,388529.99999999994,388529.98756949545,0.9999999680063199,107
32510,46595.0,46595.0,46595.0,1.0,13
33011,340184.0,340184.00000000006,340184.00000000006,1.0000000000000002,85
33015,257607.0,257607.0,257564.1676555496,0.9998337298891319,64
33017,108122.0,108121.99999999999,108119.78779376725,0.9999795397214928,25
34001,217089.0,217089.0,217086.7281050198,0.9999895347300868,69
34003,753888.0,753888.0,753888.0,1.0,179
34005,368180.0,368180.0,368180.0,1.0,114
34007,404536.0,404536.0000000001,404536.0000000001,1.0000000000000002,127
34009,78717.0,78717.0,78702.44275089685,0.99981506854805,32
34011,115652.0,115652.0,115652.0,1.0,33
34013,651811.0,651811.0,651810.9999628447,0.9999999999429967,210
34015,239327.0,239327.0000000001,239325.1308420357,0.9999921899411086,63
34017,568180.0,568180.0,568171.5770489284,0.9999851755586757,165
34019,104600.0,104599.99999999991,104599.99999999991,0.9999999999999991,26
34021,299242.0,299242.0,299242.0,1.0,77
34023,675050.0,675049.9999999999,675045.2335940307,0.999992939180847,175
34025,508148.0,508148.0,508081.11500973895,0.999868374980791,142
34027,404214.0,404214.0,404214.0,1.0,100
34029,485435.0,485435.0,485435.0,1.0,123
34031,395435.0,395435.0,395404.49457988265,0.9999228560443123,100
34033,50752.0,50752.0,50752.0,1.0,24
34035,272106.0,272105.99999999994,272103.04482747224,0.9999891396274696,68
34037,116723.0,116723.00000000003,116722.64254693653,0.9999969375953028,41
34039,437773.0,437773.00000000006,437772.99910369754,0.9999999979525862,108
34041,88834.0,88834.0,88834.0,1.0,23
35001,535032.0,535032.0,535032.0,1.0,153
35013,169534.0,169534.00000000006,169534.00000000006,1.0000000000000004,41
35043,117926.0,117926.00000000007,117926.00000000007,1.0000000000000007,27
35045,90428.0,90428.0,90428.0,1.0,33
35049,129599.0,129599.0,129598.95140182223,0.9999996250111669,50
35057,12132.0,12131.999999999929,12131.999999999929,0.9999999999999941,4
35061,59681.0,59681.0,59681.0,1.0,18
36001,257941.0,257940.99999999997,257940.99999999997,0.9999999999999999,75
36005,1071887.0,1071887.0,1071841.3032806474,0.999957367969429,333
36007,159585.0,159585.0000000001,159577.06000901837,0.9999502460069454,55
36015,65273.0,65272.99999999995,65272.99999999995,0.9999999999999992,22
36027,241802.0,241801.99999999997,241801.99999999997,0.9999999999999999,78
36029,757491.0,757491.0,757490.9815127358,0.9999999755940807,235
36043,47596.0,47596.000000000044,47596.000000000044,1.0000000000000009,19
36045,88289.0,88289.00000000006,88283.00474621501,0.9999320951218726,24
36047,2051269.0,2051269.0,2051235.550838818,0.9999836934301732,749
36051,50507.0,50507.000000000044,50507.000000000044,1.0000000000000009,15
36053,55021.0,55021.00000000003,55021.00000000003,1.0000000000000004,16
36055,599082.0,599082.0,599082.0,1.0,190
36059,1087999.0,1087999.0,1087997.5552343111,0.999998672089139,279
36061,1398269.0,1398269.0000000002,1398269.0000000002,1.0000000000000002,281
36063,169105.0,169105.0000000001,169105.0000000001,1.0000000000000004,60
36065,180103.0,180102.99999999997,180102.99999999997,0.9999999999999999,71
36067,372016.0,372016.0,372016.0,1.0,140
36069,90503.0,90502.99999999996,90502.99999999996,0.9999999999999996,25
36071,300100.0,300100.0,300100.0,1.0,79
36073,32095.0,32095.00000000001,32095.00000000001,1.0000000000000004,10
36075,93525.0,93524.99999999996,93524.99999999996,0.9999999999999996,29
36079,78808.0,78807.99999999996,78807.99999999996,0.9999999999999994,19
36081,1869189.0,1869189.0,1869188.5385747491,0.9999997531414689,646
36083,129499.0,129498.99999999997,129498.99999999997,0.9999999999999998,42
36085,385391.0,385391.00000000006,385388.7029563227,0.999994039705968,108
36087,239203.0,239202.99999999997,239202.99999999997,0.9999999999999999,65
36091,191168.0,191167.9999999999,191167.9863342536,0.9999999285144668,50
36093,125159.0,125159.0,125159.0,1.0,43
36095,24734.0,24733.99999999999,24733.99999999999,0.9999999999999996,8
36103,1206356.0,1206356.0,1206354.3326358476,0.9999986178506574,322
36107,38265.0,38264.999999999985,38264.999999999985,0.9999999999999997,10
36109,87891.0,87890.99999999997,87890.99999999997,0.9999999999999997,23
36111,150473.0,150473.0,150473.0,1.0,47
36113,53954.0,53953.999999999985,53953.71895201365,0.9999947909703387,19
36115,49580.0,49579.99999999997,49579.99999999997,0.9999999999999994,17
36117,71797.0,71796.99999999994,71796.99999999994,0.9999999999999992,22
36119,782149.0,782149.0000000001,782147.0815858918,0.9999975472523672,221
36123,19011.0,19010.999999999945,19010.999999999945,0.9999999999999971,5
37001,135505.0,135505.0000000001,135505.0000000001,1.0000000000000007,36
37003,29301.0,29300.999999999993,29300.999999999993,0.9999999999999998,7
37007,17466.0,17465.99999999998,17465.99999999998,0.999999999999999,6
37019,124942.0,124942.00000000015,124941.16815430619,0.9999933421452049,32
37021,222651.0,222651.0,222605.99094402615,0.9997978492978974,56
37023,71558.0,71558.00000000001,71558.00000000001,1.0000000000000002,18
37025,172577.0,172577.0,172577.0,1.0,37
37027,64579.0,64578.99999999994,64578.99999999994,0.9999999999999991,17
37029,8135.0,8134.999999999992,8132.696623180598,0.9997168559533618,2
37035,126620.0,126619.99999999991,126619.99999999991,0.9999999999999993,31
37037,62905.0,62905.000000000015,62904.09765947032,0.9999856555038601,13
37049,79176.0,79176.0,79176.0,1.0,21
37051,252133.0,252133.0,252132.7657194392,0.999999070805643,67
37053,23058.0,23058.000000000004,23056.60782227967,0.9999396227894731,7
37057,133783.0,133783.00000000003,133755.06015165328,0.9997911554655918,34
37059,34376.0,34376.00000000004,34376.00000000004,1.000000000000001,7
37063,263055.0,263055.0,263055.0,1.0,59
37065,37593.0,37592.99999999997,37592.99999999997,0.9999999999999992,14
37067,298526.0,298526.0,298526.0,1.0,93
37069,56218.0,56217.999999999985,56217.999999999985,0.9999999999999998,12
37071,179258.0,179257.99999999997,179257.99999999997,0.9999999999999999,65
37073,8402.0,8402.00000000001,8402.00000000001,1.000000000000001,3
37077,48792.0,48792.00000000004,48792.00000000004,1.0000000000000007,13
37081,422662.0,422662.0,422661.93872547516,0.9999998550271261,118
37085,101512.0,101511.99999999997,101511.44052360038,0.9999944885688429,27
37087,51297.0,51296.99999999998,51291.73878686708,0.9998974362412437,15
37089,95109.0,95109.00000000003,95089.36441827231,0.9997935465441999,26
37093,38670.0,38670.00000000003,38670.00000000003,1.0000000000000007,8
37097,148652.0,148652.00000000003,148652.00000000003,1.0000000000000002,44
37101,169671.0,169670.99999999997,169669.28386938816,0.9999898855395923,25
37103,7545.0,7544.999999999995,7544.999999999995,0.9999999999999994,3
37109,71590.0,71590.00000000004,71590.00000000004,1.0000000000000007,18
37115,17846.0,17846.00000000003,17839.33726528477,0.9996266538879731,6
37119,870043.0,870043.0,870042.2940778413,0.9999991886353219,230
37127,74362.0,74361.99999999996,74361.99999999996,0.9999999999999994,18
37129,189042.0,189042.0,189041.9999841795,0.9999999999163123,43
37133,157766.0,157766.0,157765.11579820001,0.9999943954857194,31
37135,118781.0,118780.99999999996,118780.99999999996,0.9999999999999997,28
37137,10563.0,10563.000000000005,10562.999991526081,0.9999999991977735,4
37141,49206.0,49206.00000000004,49206.00000000004,1.0000000000000007,15
37145,31142.0,31141.999999999956,31141.999999999956,0.9999999999999986,7
37147,135229.0,135228.99999999997,135228.99999999997,0.9999999999999998,32
37151,112758.0,112758.0,112758.0,1.0,28
37157,72853.0,72852.99999999999,72852.99999999999,0.9999999999999998,21
37159,115387.0,115387.0,115387.0,1.0,30
37169,36522.0,36521.99999999999,36521.99999999999,0.9999999999999998,9
37179,181266.0,181266.00000000006,181266.00000000006,1.0000000000000002,41
37183,881746.0,881746.0,881716.3141145444,0.9999663328379652,185
37191,89701.0,89700.99999999997,89700.99999999997,0.9999999999999997,26
37197,29665.0,29664.99999999999,29664.99999999999,0.9999999999999997,7
38015,75733.0,75733.00000000001,75733.00000000001,1.0000000000000002,19
38017,146920.0,146920.00000000003,146919.88932655958,0.9999992467094989,33
38035,57308.0,57308.0,57307.3082474477,0.9999879292149036,18
38059,25566.0,25566.00000000003,25566.00000000003,1.000000000000001,5
38065,1345.0,1344.9999999999986,1344.9999999999986,0.999999999999999,1
39003,77692.0,77691.99999999999,77689.16502939418,0.9999635101348167,33
39013,53561.0,53561.00000000003,53561.00000000003,1.0000000000000004,20
39015,33698.0,33698.00000000001,33697.1150691889,0.9999737393669921,9
39017,298048.0,298048.0,298047.87693858705,0.9999995871087444,80
39019,21230.0,21230.000000000022,21230.000000000022,1.000000000000001,7
39023,104822.0,104821.99999999997,104794.76109189977,0.9997401413052581,44
39025,162832.0,162832.0,162832.0,1.0,39
39035,991791.0,991791.0000000001,991743.683148352,0.9999522915093523,443
39041,165286.0,165286.00000000006,165286.00000000006,1.0000000000000004,35
39045,122691.0,122691.00000000001,122691.00000000001,1.0000000000000002,28
39049,1012711.0,1012711.0,1012709.4448001732,0.9999984643201991,283
39051,32585.0,32585.00000000007,32583.236077507656,0.9999458670402841,9
39055,74066.0,74066.0,74064.97951924014,0.9999862220079407,21
39057,133637.0,133637.0000000001,133637.0000000001,1.0000000000000007,35
39061,636698.0,636698.0,636698.0,1.0,222
39073,21886.0,21885.999999999985,21885.999999999985,0.9999999999999993,7
39081,52252.0,52251.99999999999,52250.95817632234,0.9999800615540523,23
39085,186724.0,186724.0,186722.90556714707,0.9999941387670951,58
39087,44846.0,44846.0,44846.0,1.0,16
39089,138851.0,138850.99999999997,138850.99999999997,0.9999999999999998,32
39093,246197.0,246197.00000000003,246172.7480877961,0.9999014938760264,73
39095,330439.0,330439.0,330427.06085323583,0.9999638688327825,127
39097,35260.0,35260.00000000004,35259.62193331679,0.9999892777457966,12
39099,180910.0,180910.00000000003,180909.09268747034,0.9999949847298123,70
39103,143394.0,143394.00000000006,143392.7883144455,0.9999915499563824,37
39109,84308.0,84307.99999999996,84307.99999999996,0.9999999999999994,21
39113,416417.0,416417.0000000001,416414.1159256492,0.9999930740715417,152
39117,27441.0,27440.999999999935,27422.984698767934,0.9993434896238451,6
39123,33047.0,33046.999999999985,33040.41782736681,0.9998008238982905,13
39127,27101.0,27100.999999999993,27100.999999999993,0.9999999999999998,6
39129,46673.0,46673.0,46673.0,1.0,13
39133,131750.0,131750.00000000003,131750.00000000003,1.0000000000000002,35
39139,97786.0,97786.00000000003,97749.70505643691,0.9996288329253361,30
39151,292889.0,292889.0,292872.1470349072,0.9999424595492052,86
39153,426041.0,426041.0,426041.0,1.0,135
39155,159837.0,159837.0,159828.50606892756,0.9999468587931928,55
39159,49446.0,49446.00000000002,49446.00000000002,1.0000000000000004,10
39165,187159.0,187159.00000000015,187159.00000000015,1.0000000000000009,33
39173,104913.0,104913.00000000003,104911.15593192773,0.9999824228830339,28
40017,120516.0,120515.99999999997,120515.99999999997,0.9999999999999998,29
40027,235766.0,235766.00000000012,235766.00000000012,1.0000000000000004,62
40031,92616.0,92616.00000000003,92616.00000000003,1.0000000000000002,32
40033,4233.0,4233.0,4232.118946912129,0.999791860834427,2
40037,55417.0,55416.999999999985,55416.999999999985,0.9999999999999998,21
40047,46106.0,46105.999999999985,46105.999999999985,0.9999999999999997,12
40051,42762.0,42762.0,42762.0,1.0,10
40081,25935.0,25935.0,25935.0,1.0,7
40083,39535.0,39535.0,39535.0,1.0,8
40087,32695.0,32695.00000000003,32695.00000000003,1.0000000000000009,6
40109,596231.0,596231.0,596231.0,1.0,240
40111,28185.0,28184.99999999998,28184.99999999998,0.9999999999999993,10
40113,36194.0,36194.00000000003,36194.00000000003,1.0000000000000009,11
40117,12018.0,12018.000000000016,12018.000000000016,1.0000000000000013,5
40131,74669.0,74668.99999999997,74668.99999999997,0.9999999999999996,28
40135,30194.0,30193.999999999967,30193.999999999967,0.9999999999999989,9
40143,503784.0,503784.0,503784.0,1.0,175
40145,64245.0,64244.99999999999,64244.99999999999,0.9999999999999999,22
41003,81184.0,81184.0,81184.0,1.0,18
41005,333294.0,333294.0,333294.0,1.0,80
41009,42300.0,42300.00000000003,42300.00000000003,1.0000000000000007,10
41017,163750.0,163749.99999999988,163749.99999999988,0.9999999999999993,24
41029,177109.0,177108.99999999997,177108.99999999997,0.9999999999999999,41
41033,71081.0,71081.00000000003,71081.00000000003,1.0000000000000004,16
41039,314593.0,314592.9999999999,314592.9999999999,0.9999999999999997,86
41043,100999.0,100998.99999999997,100998.99999999997,0.9999999999999997,21
41047,263662.0,263661.99999999994,263661.99999999994,0.9999999999999998,58
41051,659774.0,659774.0,659774.0,1.0,170
41053,68991.0,68991.00000000004,68991.00000000004,1.0000000000000007,12
41067,468240.0,468240.0000000001,468240.0000000001,1.0000000000000002,104
41071,84968.0,84968.0,84968.0,1.0,17
42001,84424.0,84424.00000000003,84424.00000000003,1.0000000000000004,23
42003,1008186.0,1008186.0,1008077.9755073318,0.9998928526158187,392
42005,52684.0,52683.999999999985,52683.644368626046,0.9999932497271666,19
42007,134458.0,134457.99999999997,134457.99999999997,0.9999999999999998,51
42011,334868.0,334868.00000000006,334868.00000000006,1.0000000000000002,90
42013,97164.0,97164.0,97131.45755592824,0.9996650771471763,34
42017,516115.0,516114.99999999994,516114.999225222,0.9999999984988268,142
42019,157715.0,157715.0,157701.1424972639,0.9999121357972539,44
42021,106871.0,106870.99999999999,106869.12305054774,0.9999824372425423,42
42025,52737.0,52736.999999999985,52736.12417882534,0.9999833926621791,12
42027,134702.0,134701.99999999997,134701.57393783677,0.9999968370019507,31
42029,420196.0,420196.00000000006,420196.00000000006,1.0000000000000002,116
42037,53562.0,53562.00000000001,53561.98921122373,0.9999997985740586,15
42041,210294.0,210294.00000000006,210294.00000000006,1.0000000000000002,49
42043,222951.0,222950.99999999994,222950.1567300121,0.9999962176891429,65
42045,448836.0,448836.0,448835.998125702,0.9999999958240917,143
42049,213206.0,213206.0000000001,213204.6697217588,0.9999937605966005,71
42051,102412.0,102411.99999999999,102393.55793435372,0.9998199228054693,36
42055,121987.0,121986.99999999991,121986.99999999991,0.9999999999999993,27
42069,171535.0,171534.99999999997,171534.99999999997,0.9999999999999998,59
42071,426058.0,426058.0000000001,426058.0000000001,1.0000000000000002,98
42075,111019.0,111018.99999999997,111018.99999999997,0.9999999999999998,31
42077,290864.0,290863.9999999999,290863.9999999999,0.9999999999999996,76
42079,259927.0,259927.0,259914.78284131928,0.9999529977313603,103
42081,90147.0,90146.99999999999,90146.99999999999,0.9999999999999999,29
42085,88911.0,88910.99999999997,88906.3022955386,0.9999471639677723,30
42089,135333.0,135332.99999999994,135332.99999999994,0.9999999999999996,33
42091,676249.0,676249.0,676249.0,1.0,211
42093,14417.0,14416.99999999999,14416.99999999999,0.9999999999999993,4
42095,254425.0,254424.99999999997,254424.99999999997,0.9999999999999999,68
42099,36302.0,36302.000000000044,36302.000000000044,1.000000000000001,10
42101,1243710.0,1243710.0,1243708.8293405375,0.9999990587359895,376
42103,49366.0,49365.99999999999,49365.99999999999,0.9999999999999999,18
42125,168523.0,168523.0,168523.0,1.0,59
42129,288614.0,288613.99999999994,288551.50259039534,0.999783456763689,100
42131,21037.0,21037.0,21028.00021023571,0.999572192339008,7
42133,358282.0,358281.99999999994,358281.99999999994,0.9999999999999999,90
44001,41405.0,41405.00000000001,41405.00000000001,1.0000000000000002,11
44003,139423.0,139423.0,139419.23530644356,0.9999729980451113,38
44005,71196.0,71195.99999999999,71193.59981167306,0.999966287595835,22
44007,525159.0,525159.0,525157.8507616054,0.9999978116372478,141
44009,109708.0,109707.99999999999,109662.72698987446,0.9995873317340072,28
45003,134885.0,134885.00000000006,134884.98899831972,0.9999999184365921,32
45007,160100.0,160100.0000000001,160100.0000000001,1.0000000000000004,39
45013,157927.0,157926.99999999994,157926.11336098416,0.9999943857667414,40
45015,181906.0,181905.9999999999,181905.92834087036,0.9999996060650576,44
45017,11498.0,11497.999999999967,11497.999999999967,0.9999999999999971,3
45019,333213.0,333213.0000000002,333212.9928805423,0.9999999786339138,85
45023,24965.0,24964.999999999996,24964.999999999996,0.9999999999999999,11
45027,25281.0,25281.000000000015,25281.000000000015,1.0000000000000007,11
45031,48702.0,48702.000000000015,48702.000000000015,1.0000000000000002,16
45035,124573.0,124573.00000000004,124562.21892518479,0.9999134557663762,25
45037,21935.0,21935.00000000002,21934.653700280818,0.9999842124586651,6
45039,16922.0,16921.999999999985,16921.999999999985,0.9999999999999991,5
45041,104482.0,104482.00000000003,104482.00000000003,1.0000000000000002,32
45045,413455.0,413455.0,413451.9318266082,0.9999925791842116,111
45051,305319.0,305319.0,305318.65503549,0.999998870150531,71
45053,24820.0,24820.000000000015,24819.18631834268,0.9999672166939033,4
45055,51367.0,51366.99999999996,51366.99999999996,0.9999999999999993,15
45057,79098.0,79097.99999999987,79097.99999999987,0.9999999999999983,14
45059,52957.0,52956.999999999935,52871.582860387054,0.9983870472343043,17
45063,230910.0,230909.99999999997,230877.4166980349,0.9998588917675064,73
45077,107754.0,107754.0,107752.76112636365,0.999988502759653,28
45079,327912.0,327912.0000000001,327912.0000000001,1.0000000000000004,88
45081,14812.0,14811.999999999984,14811.996337544317,0.9999997527372615,5
45083,258968.0,258968.0000000001,258950.24702708382,0.9999314472331864,69
45085,79798.0,79798.0,79798.0,1.0,23
45091,219639.0,219638.99999999994,219633.83756400834,0.999976495813623,46
46083,49857.0,49856.99999999996,49856.99999999996,0.9999999999999992,11
46087,4108.0,4107.999999999998,4107.999999999998,0.9999999999999996,2
46093,23727.0,23726.99999999998,23726.99999999998,0.9999999999999992,5
46099,149421.0,149420.99999999997,149420.7434718179,0.9999982831852142,42
46103,87162.0,87162.0,87162.0,1.0,23
46125,6557.0,6557.0,6557.0,1.0,2
46127,12824.0,12823.99999999999,12823.675806109388,0.9999747197527595,3
47001,61459.0,61458.99999999999,61458.99999999999,0.9999999999999999,17
47009,110277.0,110277.00000000006,110277.00000000006,1.0000000000000004,26
47011,85684.0,85684.0,85684.0,1.0,19
47013,31492.0,31492.0,31492.0,1.0,11
47015,11395.0,11394.999999999942,11394.999999999942,0.9999999999999949,3
47019,46380.0,46379.99999999996,46348.41855392271,0.9993190718827665,17
47021,32529.0,32529.00000000003,32528.890840275133,0.999996644233611,9
47023,13672.0,13672.000000000004,13672.000000000004,1.0000000000000002,3
47033,10676.0,10676.0,10676.0,1.0,5
47037,561736.0,561735.9999999999,561735.193693574,0.9999985646167845,159
47043,42630.0,42630.00000000004,42630.00000000004,1.0000000000000009,10
47047,34848.0,34848.00000000004,34653.39754096362,0.9944156778283867,11
47053,38264.0,38264.000000000044,38263.99905148208,0.999999975211219,13
47057,19197.0,19196.999999999945,19196.999999999945,0.9999999999999971,5
47063,49412.0,49412.00000000003,49412.00000000003,1.0000000000000007,12
47065,292393.0,292393.0000000001,292389.09525818896,0.9999866455701366,80
47073,46400.0,46400.00000000003,46400.00000000003,1.0000000000000007,13
47089,45072.0,45071.99999999993,45071.99999999993,0.9999999999999983,9
47093,384726.0,384726.0,384725.9998109122,0.999999999508513,112
47105,46104.0,46104.0,46103.972373281395,0.9999994007739327,10
47111,19341.0,19341.00000000002,19341.00000000002,1.0000000000000009,4
47113,76596.0,76595.99999999999,76595.99999999999,0.9999999999999998,27
47115,23003.0,23002.999999999985,23002.999999999985,0.9999999999999993,6
47119,80580.0,80579.99999999997,80568.90831669999,0.9998623519074211,17
47125,166727.0,166726.99999999994,166726.99999999994,0.9999999999999997,39
47129,17154.0,17154.00000000002,17154.00000000002,1.000000000000001,5
47139,14309.0,14309.000000000031,14309.000000000031,1.0000000000000022,5
47145,44182.0,44181.99999999999,44181.99999999999,0.9999999999999999,10
47147,56381.0,56380.99999999994,56380.99999999994,0.999999999999999,14
47149,264421.0,264421.0,264421.0,1.0,49
47153,13132.0,13131.999999999978,13131.999999999978,0.9999999999999983,3
47157,687301.0,687300.9999999999,687300.9764068848,0.9999999656728055,219
47159,15676.0,15675.999999999975,15675.999999999975,0.9999999999999983,5
47161,10864.0,10864.000000000015,10864.000000000015,1.0000000000000013,3
47163,129064.0,129064.0,129064.0,1.0,39
47165,153775.0,153774.99999999994,153774.99999999994,0.9999999999999997,42
47167,46707.0,46707.00000000003,46707.00000000003,1.0000000000000007,13
47169,9863.0,9863.000000000004,9863.000000000004,1.0000000000000004,2
47171,14534.0,14534.000000000007,14533.837909873077,0.999988847521197,4
47173,15799.0,15798.999999999995,15798.999999999995,0.9999999999999997,4
47179,109346.0,109346.0,109346.0,1.0,23
47187,187765.0,187765.0,187757.2785859602,0.999958877245281,37
47189,117540.0,117540.00000000004,117540.00000000004,1.0000000000000004,21
48009,6722.0,6722.000000000013,6722.000000000013,1.000000000000002,3
48011,1474.0,1474.0000000000027,1474.0000000000027,1.0000000000000018,1
48013,36654.0,36653.99999999994,36653.99999999994,0.9999999999999984,8
48015,23470.0,23470.000000000025,23455.486752749104,0.999381625596468,6
48019,17993.0,17993.00000000002,17993.00000000002,1.000000000000001,5
48021,75796.0,75795.99999999978,75795.99999999978,0.9999999999999971,10
48027,274805.0,274804.99999999994,274804.99999999994,0.9999999999999998,63
48029,1529319.0,1529319.0,1529319.0,1.0,362
48037,70271.0,70270.99999999999,70270.99999999999,0.9999999999999998,18
48039,282908.0,282908.00000000035,282906.62422952714,0.9999951370393454,50
48041,189739.0,189739.0,189739.0,1.0,41
48051,14294.0,14294.000000000035,14294.000000000035,1.0000000000000024,5
48055,36142.0,36141.99999999999,36088.86052954736,0.998529703102965,8
48059,11012.0,11011.99999999999,11011.99999999999,0.9999999999999992,3
48061,299901.0,299901.0000000002,299890.8164882883,0.9999660437554002,84
48065,4499.0,4498.999999999997,4498.999999999997,0.9999999999999994,2
48071,35663.0,35663.00000000001,35662.8489521691,0.9999957645786698,5
48077,8362.0,8362.000000000004,8362.000000000004,1.0000000000000004,3
48085,836553.0,836553.0000000001,836470.4307172233,0.9999012982049235,152
48091,135761.0,135761.0,135761.0,1.0,24
48099,64716.0,64715.99999999993,64715.99999999993,0.9999999999999989,18
48107,3772.0,3772.000000000001,3772.000000000001,1.0000000000000002,3
48113,1941989.0,1941989.0000000002,1941960.3911162394,0.9999852682565346,527
48121,720747.0,720746.9999999998,720239.9809972388,0.9992965367836963,137
48135,113701.0,113701.00000000009,113701.00000000009,1.0000000000000007,28
48139,149972.0,149972.00000000006,149972.00000000006,1.0000000000000004,31
48141,637480.0,637479.9999999998,637479.9999999998,0.9999999999999997,160
48145,13459.0,13459.000000000007,13459.000000000007,1.0000000000000004,6
48157,628018.0,628017.9999999997,628017.9999999997,0.9999999999999994,76
48167,270087.0,270087.0000000001,270065.479970294,0.9999203218603413,66
48175,5668.0,5667.999999999991,5667.999999999991,0.9999999999999984,2
48181,106228.0,106228.00000000003,106226.57520090042,0.9999865873489139,26
48183,92536.0,92536.00000000006,92536.00000000006,1.0000000000000007,24
48187,134976.0,134976.0000000001,134976.0000000001,1.0000000000000007,29
48199,42954.0,42953.999999999935,42953.999999999935,0.9999999999999984,11
48201,3515154.0,3515154.0,3515148.8587627495,0.9999985374076782,785
48203,52662.0,52661.99999999996,52661.99999999996,0.9999999999999993,14
48209,198459.0,198458.99999999988,198398.80027145302,0.9996966641545761,25
48215,604282.0,604282.0,604282.0,1.0,112
48229,2733.0,2733.0000000000055,2733.0000000000055,1.000000000000002,1
48231,79382.0,79382.00000000004,79382.00000000004,1.0000000000000004,19
48235,1089.0,1089.0000000000005,1089.0000000000005,1.0000000000000004,1
48245,191375.0,191375.00000000006,191375.00000000006,1.0000000000000002,72
48251,139921.0,139920.99999999997,139920.99999999997,0.9999999999999998,28
48253,16655.0,16655.00000000002,16655.00000000002,1.000000000000001,6
48257,114732.0,114731.99999999991,114731.99999999991,0.9999999999999992,18
48259,36296.0,36295.99999999999,36295.99999999999,0.9999999999999998,6
48281,17432.0,17432.000000000007,17431.9952105577,0.9999997252499827,5
48291,69242.0,69242.00000000004,69242.00000000004,1.0000000000000007,14
48303,240399.0,240399.0,240399.0,1.0,67
48305,4102.0,4102.000000000003,4102.000000000003,1.0000000000000007,3
48309,199939.0,199938.9999999999,199938.9999999999,0.9999999999999996,50
48317,3691.0,3691.0000000000023,3691.0000000000023,1.0000000000000007,2
48325,40541.0,40540.99999999997,40540.99999999997,0.9999999999999993,8
48329,121782.0,121782.0,121782.0,1.0,26
48339,483927.0,483926.9999999999,483926.9999999999,0.9999999999999998,59
48355,268391.0,268391.00000000006,268390.9947809602,0.9999999805543413,80
48359,1346.0,1346.0000000000005,1346.0000000000005,1.0000000000000004,1
48361,63421.0,63421.00000000003,63421.00000000003,1.0000000000000004,21
48367,118916.0,118916.00000000006,118916.00000000006,1.0000000000000004,19
48375,85300.0,85300.0,85300.0,1.0,33
48381,109341.0,109341.00000000004,109341.00000000004,1.0000000000000004,29
48395,12908.0,12907.999999999962,12907.999999999962,0.999999999999997,5
48397,85697.0,85697.00000000003,85697.00000000003,1.0000000000000004,11
48401,40681.0,40680.999999999985,40680.999999999985,0.9999999999999997,13
48409,51441.0,51440.99999999997,51435.00703928048,0.9998834983627938,16
48423,180105.0,180105.0,180105.0,1.0,40
48431,889.0,888.9999999999955,888.9999999999955,0.9999999999999949,1
48439,1587266.0,1587265.9999999998,1587265.9999999998,0.9999999999999999,356
48441,108832.0,108832.00000000013,108832.00000000013,1.000000000000001,37
48451,90818.0,90817.99999999997,90817.99999999997,0.9999999999999997,24
48453,1039958.0,1039958.0,1039616.0344980347,0.999671173737819,217
48459,31808.0,31807.999999999964,31807.999999999964,0.9999999999999989,7
48469,68255.0,68254.99999999999,68254.99999999999,0.9999999999999998,22
48473,45329.0,45329.00000000009,45329.00000000009,1.000000000000002,6
48479,182995.0,182995.00000000006,182995.00000000006,1.0000000000000002,60
48485,100034.0,100034.00000000003,100034.00000000003,1.0000000000000002,36
48491,486290.0,486290.0,485940.7615035095,0.999281830807768,89
48493,39383.0,39383.00000000001,39383.00000000001,1.0000000000000002,11
48497,54523.0,54523.0,54523.0,1.0,11
49003,41257.0,41257.00000000006,41257.00000000006,1.0000000000000013,11
49005,96391.0,96391.00000000003,96391.00000000003,1.0000000000000002,26
49011,253678.0,253678.00000000006,253678.00000000006,1.0000000000000002,54
49023,8136.0,8135.9999999999945,8135.9999999999945,0.9999999999999993,2
49029,8300.0,8300.000000000004,8300.000000000004,1.0000000000000004,2
49035,878345.0,878345.0,878344.9997553381,0.9999999997214513,211
49045,52486.0,52486.000000000065,52486.000000000065,1.0000000000000013,10
49049,463691.0,463690.99999999994,463690.99999999994,0.9999999999999999,127
49053,142689.0,142688.99999999988,142688.99999999988,0.9999999999999992,21
49057,194087.0,194087.0000000001,194086.99858274005,0.999999992697811,50
50007,139407.0,139407.00000000003,139406.43318693442,0.9999959341133116,34
50011,39396.0,39396.0,39396.0,1.0,10
50013,6126.0,6125.99999999998,6125.99999999998,0.9999999999999968,2
51003,91251.0,91251.00000000006,91251.00000000006,1.0000000000000007,22
51007,10573.0,10573.000000000022,10573.000000000022,1.000000000000002,2
51009,25130.0,25129.99999999997,25129.99999999997,0.9999999999999989,9
51011,12833.0,12832.999999999993,12832.999999999993,0.9999999999999994,3
51013,192709.0,192709.0,192709.0,1.0,57
51015,63186.0,63186.000000000015,63186.000000000015,1.0000000000000002,13
51019,64519.0,64519.0,64519.0,1.0,17
51023,27520.0,27520.000000000025,27520.000000000025,1.0000000000000009,8
51031,44514.0,44513.99999999998,44494.57699329341,0.9995636652130434,12
51036,5713.0,5713.000000000002,5713.000000000002,1.0000000000000002,3
51041,283089.0,283088.99999999994,283088.99999999994,0.9999999999999998,71
51043,12201.0,12201.000000000011,12200.996661055768,0.9999997263384778,3
51045,3658.0,3658.0000000000364,3658.0000000000364,1.00000000000001,1
51047,40158.0,40157.99999999999,40157.99999999999,0.9999999999999998,8
51053,22428.0,22427.9999999999,22427.9999999999,0.9999999999999957,6
51059,879683.0,879683.0000000002,879683.0000000002,1.0000000000000002,255
51061,56620.0,56620.00000000005,56620.00000000005,1.0000000000000009,17
51065,22270.0,22269.99999999997,22269.99999999997,0.9999999999999987,4
51067,44587.0,44586.999999999935,44586.999999999935,0.9999999999999986,10
51069,72013.0,72013.00000000007,72010.6540224925,0.9999674228610459,14
51071,13313.0,13312.999999999987,13312.999999999987,0.999999999999999,4
51073,31365.0,31364.999999999975,31364.999999999975,0.9999999999999992,8
51075,21368.0,21367.99999999999,21259.43609644775,0.9949193231209168,5
51079,15989.0,15989.0,15989.0,1.0,3
51085,87394.0,87394.00000000001,87377.3522053,0.9998095087225668,23
51087,260169.0,260169.00000000015,260168.9992508565,0.9999999971205504,63
51093,31041.0,31041.0,31041.0,1.0,8
51095,64322.0,64322.0,64321.99963507129,0.9999999943265335,11
51097,5486.0,5486.000000000027,5486.000000000027,1.0000000000000049,2
51101,14045.0,14045.000000000022,14045.000000000022,1.0000000000000016,4
51107,311307.0,311307.0,311307.0,1.0,64
51113,11139.0,11138.999999999996,11138.999999999996,0.9999999999999997,2
51115,7188.0,7187.9999999999945,7187.624737213988,0.9999477931572047,2
51121,83992.0,83991.99999999999,83991.56605039991,0.999994833441279,16
51125,12167.0,12167.0,12167.0,1.0,3
51127,19432.0,19431.999999999993,19431.999999999993,0.9999999999999997,3
51145,25518.0,25518.00000000004,25518.00000000004,1.0000000000000016,5
51149,34419.0,34419.00000000002,34418.99557196376,0.9999998713490734,7
51153,355514.0,355514.0,355440.35135205224,0.999792838965701,82
51155,27738.0,27738.0,27738.0,1.0,8
51157,6102.0,6101.999999999991,6101.999999999991,0.9999999999999986,2
51161,77581.0,77581.00000000004,77573.4063443484,0.9999021196471869,18
51165,65961.0,65961.00000000004,65944.52167011157,0.9997501807145369,19
51169,17637.0,17636.99999999995,17636.99999999995,0.9999999999999971,6
51175,14544.0,14543.999999999989,14543.999999999989,0.9999999999999992,5
51177,108492.0,108492.0,108490.87481118547,0.9999896288314849,30
51179,118466.0,118465.9999999999,118465.9999999999,0.9999999999999991,27
51183,9090.0,9090.000000000025,9089.965746118556,0.9999962316962108,5
51187,32230.0,32229.999999999964,32227.602984653633,0.9999256278204665,8
51191,44573.0,44572.99999999997,44572.99999999997,0.9999999999999993,13
51199,54112.0,54112.0,54112.0,1.0,14
51510,128076.0,128075.99999999999,128075.99999999999,0.9999999999999999,38
51520,13591.0,13591.000000000004,13590.628878395404,0.9999726935762935,4
51540,38444.0,38444.00000000001,38444.00000000001,1.0000000000000002,12
51550,190053.0,190053.0,190053.0,1.0,41
51570,13813.0,13813.000000000002,13813.000000000002,1.0000000000000002,5
51600,18595.0,18595.0,18595.0,1.0,5
51610,11065.0,11064.999999999996,11042.85997438029,0.9979990939340524,3
51620,6030.0,6030.0,6030.0,1.0,2
51630,22375.0,22374.99999999998,22374.99999999998,0.9999999999999992,6
51650,107751.0,107751.00000000003,107750.85278418496,0.9999986337406145,33
51660,42691.0,42691.0,42689.73170684774,0.9999702913224741,11
51670,17086.0,17086.000000000007,17086.000000000007,1.0000000000000004,6
51680,63949.0,63949.000000000015,63943.66538431344,0.9999165801547083,19
51683,31145.0,31144.99999999999,31144.99999999999,0.9999999999999997,7
51685,12824.0,12824.000000000004,12824.000000000004,1.0000000000000002,2
51700,141720.0,141720.0,141719.9866850306,0.9999999060473511,44
51710,186947.0,186947.00000000003,186944.69887153813,0.9999876910115602,77
51730,25705.0,25705.0,25704.999986153263,0.9999999994613212,11
51735,9684.0,9683.999999999993,9682.286454077774,0.9998230539113768,3
51740,74735.0,74735.0,74719.14946491581,0.9997879101480673,31
51750,14467.0,14467.000000000004,14467.000000000004,1.0000000000000002,3
51760,187532.0,187532.00000000006,187501.63271827827,0.9998380688004088,66
51770,76346.0,76346.0,76346.0,1.0,23
51775,20643.0,20643.000000000007,20635.06637986444,0.9996156750406645,5
51790,20828.0,20828.000000000004,20828.000000000004,1.0000000000000002,6
51800,73761.0,73761.00000000003,73761.00000000003,1.0000000000000004,28
51810,356060.0,356060.0,356060.0,1.0,99
51820,17483.0,17482.99999999999,17482.99999999999,0.9999999999999993,5
51830,13936.0,13935.999999999996,13935.999999999996,0.9999999999999998,3
51840,21705.0,21704.999999999993,21704.999999999993,0.9999999999999997,5
53003,18031.0,18031.000000000015,18031.000000000015,1.0000000000000009,6
53005,154720.0,154720.0000000001,154720.0000000001,1.0000000000000007,36
53007,61401.0,61401.0,61400.975885679516,0.9999996072650204,14
53011,392420.0,392420.0,392420.0,1.0,104
53015,86297.0,86296.99999999994,86296.99999999994,0.9999999999999993,24
53017,32768.0,32767.999999999927,32767.999999999927,0.9999999999999978,8
53021,66970.0,66970.0,66970.0,1.0,12
53033,1815592.0,1815592.0,1815571.7188452554,0.9999888294535642,397
53035,221457.0,221456.99999999994,221264.01084236283,0.999128547945483,54
53053,709667.0,709667.0000000001,709666.1012143813,0.9999987335107611,172
53057,102843.0,102843.00000000007,102840.6473728887,0.9999771240909805,29
53059,10192.0,10192.0,10192.0,1.0,5
53061,648013.0,648013.0,648012.7823352898,0.999999664104408,149
53063,425898.0,425898.0,425869.0105077293,0.9999319332509881,105
53065,37366.0,37365.999999999985,37357.44845538317,0.9997711410207989,12
53067,234047.0,234046.99999999997,234046.69724556027,0.999998706437426,49
53071,49217.0,49217.000000000065,49217.000000000065,1.0000000000000013,12
53073,185313.0,185312.99999999994,185310.93097396032,0.9999888349654925,34
53077,181508.0,181507.99999999997,181507.99999999997,0.9999999999999999,45
54003,96931.0,96930.99999999994,96930.99999999994,0.9999999999999994,14
54005,16908.0,16907.99999999998,16907.99999999998,0.9999999999999989,8
54009,18240.0,18240.000000000015,18240.000000000015,1.0000000000000009,6
54011,74835.0,74835.0,74835.0,1.0,29
54015,6194.0,6193.999999999986,6193.999999999986,0.9999999999999978,3
54019,31753.0,31752.999999999964,31752.999999999964,0.9999999999999989,12
54027,19071.0,19071.00000000002,19071.00000000002,1.0000000000000009,5
54029,23304.0,23304.0,23304.0,1.0,8
54035,21738.0,21738.00000000007,21738.00000000007,1.000000000000003,6
54037,45973.0,45972.99999999998,45972.99999999998,0.9999999999999996,15
54039,142591.0,142590.99999999997,142590.86511681482,0.999999054055409,53
54043,15693.0,15693.00000000003,15693.00000000003,1.0000000000000018,5
54051,24398.0,24397.99999999997,24397.99999999997,0.9999999999999988,9
54057,21557.0,21556.99999999996,21556.99999999996,0.9999999999999981,7
54061,89287.0,89286.99999999997,89286.99999999997,0.9999999999999997,24
54065,14302.0,14302.000000000024,14302.000000000024,1.0000000000000016,4
54069,33668.0,33668.0,33668.0,1.0,18
54077,28066.0,28066.00000000003,28066.00000000003,1.000000000000001,8
54079,44778.0,44777.999999999985,44777.999999999985,0.9999999999999997,10
54081,58104.0,58104.0,58103.70213987414,0.999994873672624,17
54099,30583.0,30583.000000000004,30583.000000000004,1.0000000000000002,11
54105,4035.0,4034.999999999992,4034.999999999992,0.999999999999998,2
54107,66204.0,66203.99999999999,66203.99999999999,0.9999999999999998,26
55009,206673.0,206672.99999999997,206633.88568483677,0.9998107429845058,54
55015,40657.0,40656.99999999998,40654.82842636723,0.999946587952068,11
55017,52132.0,52132.000000000015,52130.32136187106,0.9999678002353843,11
55021,46191.0,46191.00000000004,46170.020160464956,0.9995458024391105,12
55025,451869.0,451869.0,451828.2812519799,0.9999098881578066,105
55031,35666.0,35665.99999999996,35665.99999999996,0.999999999999999,12
55035,85009.0,85009.0,85009.0,1.0,20
55039,81868.0,81867.99999999993,81867.99999999993,0.9999999999999991,20
55045,28937.0,28937.00000000003,28937.00000000003,1.000000000000001,8
55049,18620.0,18620.000000000007,18620.000000000007,1.0000000000000004,6
55059,131217.0,131216.99999999997,131216.7944484082,0.9999984334987708,35
55061,16278.0,16278.000000000004,16278.000000000004,1.0000000000000002,4
55063,96670.0,96670.0,96670.0,1.0,25
55069,23283.0,23282.999999999993,23282.999999999993,0.9999999999999997,10
55073,106762.0,106762.0,106757.43658611442,0.9999572561970965,27
55079,706106.0,706106.0,706072.0573001897,0.9999519297388632,296
55083,31488.0,31487.999999999967,31487.859242031725,0.9999955297901335,10
55087,147114.0,147113.99999999994,147079.74772600367,0.9997671718939304,40
55089,72871.0,72871.0,72861.49527578814,0.999869567808705,18
55093,33673.0,33673.000000000044,33673.000000000044,1.0000000000000013,8
55101,151746.0,151746.0,151742.37302833257,0.9999760984034675,44
55105,126772.0,126772.00000000001,126772.00000000001,1.0000000000000002,38
55109,71937.0,71937.00000000001,71936.904005646,0.9999986655774638,14
55117,92152.0,92152.00000000007,92067.80454231061,0.9990863415043689,26
55131,108067.0,108067.00000000004,108067.00000000004,1.0000000000000004,28
55133,322286.0,322285.99999999994,322285.99999999994,0.9999999999999998,86
55139,136375.0,136374.9999999999,136374.66966967707,0.9999975777794835,41
56021,77791.0,77791.00000000003,77791.00000000003,1.0000000000000004,20
56025,60699.0,60699.00000000005,60698.63962887084,0.9999940629807879,18
