tractfips,depression_crudeprev
12001000200,26.0
12001000301,20.7
12001000302,20.0
12001000400,19.1
12001000500,19.6
12001000600,18.4
12001000700,18.7
12001000806,21.2
12001000808,19.5
12001000809,18.0
12001000901,22.0
12001000902,25.9
12001001000,21.5
12001001100,16.9
12001001201,17.9
12001001202,18.3
12001001203,19.9
12001001400,18.3
12001001514,20.2
12001001515,22.5
12001001516,22.6
12001001517,21.2
12001001519,21.4
12001001520,23.1
12001001521,22.3
12001001603,20.5
12001001604,21.9
12001001701,18.1
12001001702,17.6
12001001801,19.2
12001001802,20.5
12001001803,18.1
12001001805,18.5
12001001806,20.1
12001001811,17.5
12001001813,17.2
12001001814,18.2
12001001902,22.4
12001001907,19.1
12001001908,19.5
12001002000,20.2
12001002101,18.2
12001002102,19.8
12001002201,19.2
12001002202,18.2
12001002204,16.8
12001002205,17.1
12001002207,16.5
12001002208,16.6
12001002209,18.1
12001002210,19.6
12001002217,21.5
12001002218,21.2
12001002219,20.1
12001002220,18.6
12001110800,16.4
12003040101,21.2
12003040102,20.0
12003040201,20.7
12003040202,22.0
12005000201,23.8
12005000202,22.5
12005000300,23.1
12005000400,22.7
12005000500,21.0
12005000600,19.1
12005000700,21.6
12005000803,22.4
12005000804,21.2
12005000805,21.1
12005000806,21.5
12005000900,21.8
12005001000,22.7
12005001100,23.4
12005001200,24.4
12005001301,20.9
12005001302,22.1
12005001402,19.5
12005001403,22.4
12005001404,21.2
12005001501,20.3
12005001502,20.6
12005001600,20.6
12005001700,20.6
12005001800,24.4
12005001900,20.0
12005002000,21.5
12005002200,22.5
12005002300,22.9
12005002400,23.9
12005002500,19.8
12005002601,20.4
12005002603,22.9
12005002604,22.1
12005002605,22.1
12005002606,21.6
12005002607,21.8
12005002608,19.0
12005002701,20.8
12005002702,20.4
12005002703,20.2
12005002704,21.3
12005002705,20.1
12007000100,20.2
12007000200,20.0
12007000300,20.2
12007000400,19.7
12009060101,20.5
12009060102,20.5
12009060200,19.1
12009060300,20.8
12009060400,20.4
12009060500,19.9
12009060600,19.8
12009060700,22.5
12009061001,19.3
12009061002,20.9
12009061100,18.9
12009061201,20.2
12009061202,18.3
12009062103,19.8
12009062104,21.4
12009062106,20.9
12009062107,20.6
12009062108,20.4
12009062109,19.4
12009062301,21.0
12009062302,21.9
12009062400,22.2
12009062500,20.0
12009062600,21.0
12009062800,18.2
12009062900,18.7
12009063000,19.3
12009063102,17.8
12009063104,19.3
12009063105,19.6
12009063106,18.6
12009063107,16.8
12009064102,18.2
12009064123,19.6
12009064124,20.2
12009064125,19.6
12009064126,19.3
12009064127,18.0
12009064128,17.6
12009064201,20.5
12009064202,20.2
12009064301,20.9
12009064302,20.3
12009064400,20.7
12009064500,22.1
12009064601,18.8
12009064602,18.6
12009064700,18.5
12009064800,21.2
12009064901,19.2
12009064902,20.7
12009065001,19.9
12009065021,18.9
12009065022,18.1
12009065121,18.9
12009065122,20.2
12009065123,20.2
12009065124,18.2
12009065125,17.7
12009065201,19.1
12009065202,19.4
12009065231,19.2
12009065234,18.7
12009065235,17.1
12009065236,18.8
12009066101,17.3
12009066103,16.7
12009066104,16.8
12009066200,17.9
12009066301,17.7
12009066302,17.4
12009066400,18.1
12009066500,19.0
12009066600,18.1
12009066700,18.0
12009066800,19.3
12009066900,17.8
12009067100,21.8
12009068101,19.1
12009068102,17.1
12009068200,17.4
12009068300,16.0
12009068400,16.9
12009068501,17.7
12009068502,19.3
12009068601,19.1
12009068602,19.1
12009069100,18.4
12009069200,18.7
12009069300,19.9
12009069400,17.5
12009069700,20.5
12009069801,18.2
12009069802,20.5
12009069901,18.3
12009069902,19.4
12009071100,18.5
12009071200,19.2
12009071301,17.7
12009071322,21.1
12009071332,21.3
12009071334,20.6
12009071335,19.2
12009071336,19.2
12009071337,19.7
12009071338,19.2
12009071339,19.6
12009071340,19.6
12009071400,19.8
12009071500,19.0
12009071600,18.7
12011010102,17.6
12011010103,17.1
12011010104,16.8
12011010200,18.9
12011010304,16.3
12011010305,19.3
12011010306,17.6
12011010307,17.7
12011010308,16.5
12011010401,18.2
12011010402,15.7
12011010403,13.7
12011010405,20.4
12011010406,18.7
12011010407,17.8
12011010502,17.8
12011010503,16.7
12011010504,17.3
12011010601,16.2
12011010603,17.3
12011010604,17.6
12011010605,16.4
12011010606,18.2
12011010607,17.8
12011010609,17.2
12011010610,18.0
12011010611,16.6
12011010612,16.4
12011010701,19.1
12011010702,17.8
12011010800,18.5
12011010901,16.4
12011010902,16.9
12011011000,14.7
12011020101,18.2
12011020103,18.1
12011020104,17.3
12011020204,17.0
12011020205,17.1
12011020206,18.7
12011020207,16.3
12011020209,17.8
12011020210,18.2
12011020211,16.0
12011020212,16.1
12011020302,18.2
12011020308,17.9
12011020309,17.1
12011020311,18.0
12011020312,17.4
12011020313,18.0
12011020314,18.3
12011020315,17.7
12011020316,17.7
12011020317,18.0
12011020318,16.3
12011020319,18.1
12011020320,17.5
12011020321,17.8
12011020322,17.3
12011020323,18.0
12011020324,17.2
12011020325,17.0
12011020326,18.3
12011020404,16.7
12011020405,18.4
12011020406,17.0
12011020407,17.9
12011020409,14.9
12011020411,15.9
12011020412,18.2
12011020413,18.0
12011020414,16.1
12011020415,16.0
12011020501,16.5
12011020502,18.3
12011030100,17.1
12011030201,18.6
12011030202,19.0
12011030203,20.1
12011030301,19.8
12011030302,18.4
12011030401,15.8
12011030402,19.3
12011030500,18.5
12011030600,17.2
12011030702,18.7
12011030703,17.0
12011030704,14.5
12011030705,12.6
12011030801,17.4
12011030802,16.2
12011030902,17.8
12011030903,19.9
12011030904,17.4
12011031001,19.3
12011031002,18.6
12011031101,17.1
12011031102,17.6
12011031202,15.0
12011031203,15.3
12011031204,15.9
12011031205,16.6
12011040101,16.6
12011040102,15.5
12011040203,16.3
12011040204,16.2
12011040205,17.2
12011040206,16.2
12011040300,18.3
12011040401,15.9
12011040402,16.3
12011040502,15.8
12011040503,14.1
12011040504,14.3
12011040601,15.3
12011040602,16.5
12011040701,16.4
12011040702,17.6
12011040801,17.3
12011040802,17.4
12011040901,18.5
12011040902,17.6
12011041000,17.3
12011041100,17.8
12011041200,17.9
12011041300,16.6
12011041400,18.5
12011041500,19.6
12011041600,18.4
12011041700,18.5
12011041801,16.5
12011041802,17.3
12011041900,16.9
12011042000,15.5
12011042100,15.3
12011042200,14.2
12011042301,17.5
12011042302,17.0
12011042400,16.9
12011042500,16.5
12011042600,16.8
12011042700,18.5
12011042800,18.1
12011042900,16.8
12011043001,17.2
12011043002,18.0
12011043100,16.8
12011043301,17.2
12011043302,20.2
12011050100,19.6
12011050204,17.3
12011050205,13.6
12011050206,15.5
12011050207,17.4
12011050208,19.1
12011050301,16.8
12011050306,18.6
12011050307,17.8
12011050308,17.7
12011050309,19.8
12011050310,15.7
12011050311,17.5
12011050312,16.5
12011050401,16.7
12011050402,18.2
12011050501,18.9
12011050502,18.6
12011050601,16.9
12011050602,17.4
12011050701,17.1
12011050702,18.7
12011050800,16.8
12011050900,16.7
12011051001,15.6
12011051002,15.0
12011060105,16.7
12011060107,16.2
12011060109,14.9
12011060111,16.2
12011060112,17.4
12011060113,17.1
12011060114,17.0
12011060115,18.4
12011060116,16.5
12011060117,17.5
12011060118,17.3
12011060119,17.6
12011060120,16.0
12011060121,16.7
12011060122,17.1
12011060123,14.6
12011060124,16.9
12011060125,16.7
12011060126,14.7
12011060127,17.2
12011060128,16.1
12011060203,18.1
12011060206,16.5
12011060207,15.5
12011060208,16.8
12011060209,17.0
12011060210,17.8
12011060211,15.1
12011060212,17.7
12011060213,14.5
12011060302,18.6
12011060303,18.7
12011060304,18.3
12011060305,17.2
12011060306,15.3
12011060401,16.7
12011060402,17.6
12011060403,16.8
12011060501,18.1
12011060503,16.6
12011060504,16.7
12011060505,16.1
12011060603,17.4
12011060605,17.6
12011060606,16.7
12011060607,16.2
12011060608,17.1
12011060609,16.9
12011060700,16.2
12011060801,16.6
12011060802,16.6
12011060900,16.6
12011061001,16.2
12011061002,17.1
12011061100,18.6
12011070101,18.6
12011070102,18.8
12011070204,19.6
12011070205,17.6
12011070207,16.2
12011070208,17.1
12011070209,17.0
12011070210,17.2
12011070211,18.2
12011070304,17.6
12011070305,18.2
12011070306,16.0
12011070310,17.0
12011070311,15.9
12011070312,15.4
12011070313,14.8
12011070314,17.3
12011070315,16.3
12011070316,16.2
12011070317,14.7
12011070318,15.4
12011070319,15.3
12011070320,15.3
12011070321,14.1
12011070322,16.0
12011070401,17.3
12011070402,17.4
12011070403,17.5
12011070404,17.9
12011070405,17.0
12011070501,16.8
12011070502,17.5
12011070601,18.8
12011070602,18.5
12011080101,17.5
12011080102,17.6
12011080103,17.1
12011080200,17.4
12011080402,18.4
12011080403,18.7
12011080405,18.8
12011080406,17.8
12011080500,18.3
12011090101,15.4
12011090102,16.1
12011090200,17.2
12011090301,18.6
12011090302,17.7
12011090401,16.9
12011090403,18.1
12011090404,18.4
12011090502,17.6
12011090503,15.6
12011090504,17.3
12011090601,16.9
12011090602,17.1
12011090700,16.2
12011090801,18.0
12011090802,16.0
12011090900,16.2
12011091000,16.9
12011091100,18.8
12011091201,17.6
12011091202,17.1
12011091300,15.9
12011091400,16.7
12011091500,17.7
12011091600,16.8
12011091701,17.6
12011091702,17.0
12011091801,17.8
12011091802,17.2
12011091901,18.7
12011091902,18.7
12011092000,16.3
12011100101,16.2
12011100103,16.9
12011100104,15.7
12011100105,15.4
12011100201,17.1
12011100202,17.1
12011100300,17.5
12011100400,17.2
12011100501,19.2
12011100502,19.1
12011100600,17.5
12011100700,16.7
12011100801,18.4
12011100802,18.0
12011110100,16.5
12011110301,16.2
12011110302,15.4
12011110303,15.2
12011110307,16.8
12011110308,16.8
12011110309,16.0
12011110311,16.7
12011110312,16.4
12011110313,17.0
12011110319,15.0
12011110320,16.9
12011110321,15.1
12011110322,15.0
12011110323,16.4
12011110324,14.2
12011110325,14.3
12011110326,15.4
12011110327,15.3
12011110328,15.3
12011110330,15.0
12011110331,15.5
12011110332,14.8
12011110333,14.3
12011110334,13.0
12011110335,13.5
12011110336,15.6
12011110337,16.9
12011110338,16.6
12011110339,15.2
12011110340,15.3
12011110341,15.9
12011110342,16.3
12011110343,14.4
12011110402,15.6
12011110403,16.6
12011110404,16.5
12011110501,16.5
12011110502,16.3
12011110600,18.2
12013010100,21.0
12013010200,22.5
12013010300,19.5
12015010100,18.0
12015010200,19.4
12015010301,17.8
12015010302,20.1
12015010401,15.2
12015010402,15.8
12015010403,15.8
12015010404,15.6
12015010501,19.0
12015010502,18.9
12015020101,18.6
12015020103,17.6
12015020104,15.8
12015020201,18.3
12015020202,19.0
12015020301,18.2
12015020302,19.5
12015020303,19.8
12015020400,18.9
12015020501,18.5
12015020502,16.8
12015020601,18.4
12015020602,19.8
12015020700,19.8
12015020800,20.8
12015020900,19.0
12015021001,19.5
12015021002,16.5
12015021003,16.7
12015030100,19.3
12015030200,19.2
12015030301,16.8
12015030302,16.5
12015030401,17.8
12015030402,17.5
12015030501,17.8
12015030502,17.8
12015030503,17.9
12017450101,19.3
12017450102,20.7
12017450201,21.7
12017450202,23.0
12017450302,21.9
12017450303,21.4
12017450304,19.3
12017450400,22.3
12017450500,20.8
12017450601,22.2
12017450602,20.0
12017450701,18.1
12017450702,21.6
12017450800,22.7
12017450901,20.7
12017450902,20.4
12017451000,20.8
12017451101,22.2
12017451102,21.9
12017451200,21.0
12017451300,22.3
12017451400,22.6
12017451501,22.2
12017451502,23.0
12017451601,19.1
12017451602,18.4
12017451700,20.2
12019030102,23.5
12019030103,23.4
12019030104,23.0
12019030201,20.4
12019030202,22.0
12019030203,19.8
12019030301,20.8
12019030303,20.0
12019030304,20.7
12019030400,22.7
12019030500,19.8
12019030600,18.8
12019030701,19.5
12019030702,20.4
12019030703,18.8
12019030801,19.9
12019030802,20.0
12019030902,21.3
12019030903,21.9
12019030904,20.4
12019031101,21.4
12019031104,22.3
12019031105,22.7
12019031106,23.0
12019031107,19.0
12019031108,21.2
12019031200,20.9
12019031300,20.6
12019031400,21.3
12019031500,21.8
12021000101,15.4
12021000102,15.4
12021000200,16.3
12021000301,14.1
12021000302,15.1
12021000401,12.7
12021000402,12.1
12021000500,13.8
12021000600,15.7
12021000700,17.1
12021010102,14.9
12021010105,14.9
12021010106,13.3
12021010107,17.2
12021010108,16.1
12021010109,16.1
12021010110,17.6
12021010205,15.4
12021010208,12.7
12021010209,13.5
12021010210,13.4
12021010211,15.2
12021010212,15.1
12021010213,14.9
12021010215,12.5
12021010300,16.6
12021010401,16.6
12021010405,16.9
12021010408,17.1
12021010410,17.2
12021010411,17.7
12021010412,16.6
12021010413,17.1
12021010414,17.7
12021010415,16.8
12021010416,15.8
12021010417,15.9
12021010418,15.2
12021010419,17.6
12021010420,17.9
12021010505,17.3
12021010506,17.2
12021010507,16.1
12021010508,15.2
12021010509,15.6
12021010510,13.4
12021010601,18.3
12021010602,16.5
12021010604,16.0
12021010605,15.9
12021010606,15.6
12021010701,17.5
12021010702,16.9
12021010801,14.7
12021010802,16.6
12021010803,15.5
12021010902,17.1
12021010903,15.8
12021010904,14.6
12021010905,14.9
12021011001,12.8
12021011002,13.0
12021011102,17.1
12021011103,16.4
12021011105,15.8
12021011106,15.6
12021011201,15.2
12021011202,17.4
12021011204,18.5
12021011205,19.9
12021011301,19.1
12021011302,19.5
12021011400,18.6
12023110201,21.5
12023110202,22.1
12023110300,21.0
12023110400,22.1
12023110500,21.1
12023110601,20.9
12023110602,21.8
12023110700,20.0
12023110800,21.7
12023110901,22.6
12023110903,23.5
12023110904,21.7
12027010101,18.2
12027010102,17.6
12027010200,19.6
12027010301,20.0
12027010302,19.3
12027010403,17.0
12027010404,20.2
12027010405,16.7
12027010406,19.8
12029970101,21.3
12029970102,22.7
12029970200,23.1
12031000100,21.3
12031000200,19.5
12031000300,21.0
12031000600,21.8
12031000700,18.6
12031000800,18.8
12031001000,19.8
12031001100,18.1
12031001200,18.7
12031001300,19.7
12031001400,18.8
12031001500,19.6
12031001600,21.1
12031002101,19.9
12031002102,18.8
12031002200,19.2
12031002300,18.0
12031002400,18.3
12031002501,20.3
12031002502,21.1
12031002600,21.4
12031002701,19.2
12031002702,20.6
12031002801,17.1
12031002802,17.8
12031002901,18.5
12031002902,18.1
12031010101,20.2
12031010102,19.8
12031010103,19.7
12031010201,21.0
12031010202,20.5
12031010301,19.7
12031010303,18.1
12031010304,16.8
12031010401,19.8
12031010402,21.8
12031010500,19.0
12031010600,20.8
12031010700,16.9
12031010800,17.0
12031010900,16.6
12031011000,20.0
12031011100,19.0
12031011200,17.4
12031011300,18.4
12031011400,16.1
12031011500,18.7
12031011600,17.2
12031011700,22.1
12031011800,21.3
12031011901,21.6
12031011902,20.1
12031011903,19.7
12031012000,20.2
12031012100,22.0
12031012200,22.7
12031012300,22.7
12031012400,21.5
12031012500,20.4
12031012601,20.7
12031012602,19.8
12031012702,21.2
12031012703,19.4
12031012704,19.2
12031012800,19.9
12031012900,20.3
12031013000,17.4
12031013100,18.6
12031013200,20.3
12031013300,20.4
12031013402,22.4
12031013403,20.2
12031013404,19.6
12031013502,19.9
12031013503,19.7
12031013504,18.7
12031013521,20.0
12031013522,19.1
12031013721,20.0
12031013723,20.6
12031013726,20.4
12031013727,18.4
12031013800,20.7
12031013901,19.2
12031013902,20.1
12031013904,21.5
12031013905,17.2
12031013906,16.9
12031014001,19.9
12031014002,18.7
12031014101,18.9
12031014102,19.2
12031014202,19.5
12031014203,18.3
12031014204,18.0
12031014311,21.7
12031014312,19.4
12031014326,18.6
12031014328,18.0
12031014329,18.8
12031014330,18.2
12031014331,21.1
12031014332,19.7
12031014333,19.2
12031014334,18.8
12031014335,18.8
12031014336,18.6
12031014337,18.3
12031014338,19.3
12031014401,19.4
12031014404,21.4
12031014406,17.6
12031014408,19.9
12031014409,19.1
12031014410,18.0
12031014411,17.9
12031014412,17.8
12031014413,16.5
12031014500,21.1
12031014601,18.6
12031014603,19.8
12031014604,19.2
12031014701,19.7
12031014702,18.8
12031014800,21.0
12031014901,19.4
12031014902,19.2
12031015001,20.0
12031015002,19.8
12031015100,20.3
12031015200,19.9
12031015300,19.8
12031015400,20.8
12031015501,19.7
12031015502,23.1
12031015600,19.6
12031015700,20.9
12031015801,19.2
12031015802,19.9
12031015922,18.7
12031015923,20.0
12031015924,19.4
12031015925,20.6
12031015926,19.0
12031016000,20.3
12031016100,20.3
12031016200,20.2
12031016300,21.4
12031016400,18.6
12031016500,18.0
12031016601,19.5
12031016603,19.0
12031016604,19.1
12031016711,17.4
12031016722,19.7
12031016724,20.1
12031016725,19.9
12031016726,21.4
12031016727,18.2
12031016728,19.1
12031016729,20.0
12031016801,18.6
12031016803,18.8
12031016804,18.3
12031016805,18.1
12031016806,19.8
12031016807,21.0
12031016808,20.2
12031017100,18.7
12031017200,18.5
12031017300,21.6
12031017400,20.2
12033000100,18.7
12033000300,21.6
12033000400,21.3
12033000500,19.5
12033000600,18.6
12033000800,20.1
12033000900,19.5
12033001001,19.2
12033001002,21.5
12033001101,19.1
12033001103,19.6
12033001104,21.5
12033001201,21.4
12033001202,23.5
12033001300,20.0
12033001401,25.3
12033001402,21.2
12033001500,19.7
12033001600,19.5
12033001700,24.0
12033001800,20.7
12033001900,22.2
12033002000,19.5
12033002100,22.5
12033002200,22.8
12033002300,21.5
12033002400,20.2
12033002500,19.4
12033002601,20.5
12033002602,18.1
12033002603,20.2
12033002604,21.1
12033002605,21.8
12033002701,21.6
12033002703,24.2
12033002704,22.7
12033002801,22.0
12033002802,20.5
12033002803,22.8
12033002804,21.4
12033002900,23.7
12033003000,21.4
12033003100,20.6
12033003201,19.7
12033003203,18.3
12033003204,21.1
12033003301,21.8
12033003305,19.2
12033003306,21.9
12033003307,22.3
12033003308,20.8
12033003309,21.0
12033003400,22.4
12033003503,20.6
12033003505,22.8
12033003506,22.9
12033003507,21.6
12033003508,22.5
12033003603,21.4
12033003607,23.0
12033003608,21.3
12033003609,22.3
12033003610,20.8
12033003611,20.9
12033003612,20.0
12033003613,21.6
12033003614,21.8
12033003700,20.9
12033003800,21.6
12033003900,22.4
12033004000,19.8
12035060103,18.7
12035060104,20.2
12035060105,18.3
12035060106,18.6
12035060107,19.1
12035060204,21.9
12035060205,19.8
12035060206,23.9
12035060207,19.6
12035060208,23.1
12035060209,21.0
12035060210,20.1
12035060211,18.8
12035060212,20.9
12035060213,21.8
12035060214,21.5
12035060301,18.6
12035060302,19.5
12035060303,17.2
12035060304,19.2
12037970100,18.4
12037970200,22.2
12037970302,20.6
12037970304,17.9
12039020101,18.9
12039020102,19.7
12039020300,17.6
12039020400,19.4
12039020500,17.7
12039020600,17.5
12039020701,19.0
12039020702,18.9
12039020800,20.2
12041950100,21.8
12041950201,21.8
12041950202,20.0
12041950203,21.2
12041950204,21.6
12043000100,19.2
12043000200,20.7
12043000300,18.4
12045960100,19.1
12045960200,17.9
12045960300,19.2
12047960100,18.5
12047960200,21.7
12047960300,19.6
12049970101,20.7
12049970102,20.5
12049970201,20.1
12049970202,19.1
12049970300,20.3
12049970400,20.7
12051000100,18.3
12051000200,19.3
12051000300,18.8
12051000401,20.2
12051000402,19.4
12051000600,18.8
12053040101,20.4
12053040102,21.0
12053040201,21.0
12053040202,21.4
12053040301,20.5
12053040302,20.6
12053040303,20.2
12053040400,18.8
12053040501,21.4
12053040502,22.1
12053040601,21.3
12053040602,21.5
12053040701,21.6
12053040702,20.5
12053040801,18.7
12053040802,17.6
12053040901,19.9
12053040905,17.9
12053040906,20.3
12053040907,19.1
12053040908,19.4
12053040909,18.5
12053040910,21.0
12053040911,21.0
12053041003,21.4
12053041004,20.1
12053041005,19.8
12053041006,20.7
12053041103,20.3
12053041104,20.0
12053041105,20.0
12053041106,19.6
12053041201,20.0
12053041203,18.9
12053041204,21.9
12053041302,20.7
12053041303,14.1
12053041304,13.8
12053041305,14.3
12053041401,21.8
12053041402,19.6
12053041501,19.6
12053041502,18.5
12053041600,18.1
12055960101,18.4
12055960102,18.4
12055960103,19.6
12055960200,21.3
12055960300,21.8
12055960400,19.4
12055960501,18.3
12055960502,17.0
12055960601,19.2
12055960602,18.1
12055960700,18.7
12055960800,21.1
12055960900,19.5
12055961000,20.0
12055961100,20.2
12055961200,21.9
12055961301,18.9
12055961302,18.5
12055961400,18.4
12055961500,19.6
12055961601,19.4
12055961602,20.4
12055961603,19.8
12055961700,18.6
12057000101,21.4
12057000102,19.4
12057000201,19.1
12057000202,19.0
12057000300,18.9
12057000401,18.5
12057000402,19.2
12057000500,18.7
12057000601,18.0
12057000602,19.6
12057000700,20.2
12057000800,19.0
12057000901,19.7
12057000902,17.4
12057001001,19.4
12057001002,16.6
12057001100,18.7
12057001200,18.8
12057001300,18.1
12057001400,17.9
12057001500,17.8
12057001600,18.2
12057001700,17.7
12057001800,18.0
12057001900,17.8
12057002000,18.2
12057002100,17.2
12057002200,18.0
12057002300,18.0
12057002400,16.9
12057002500,17.1
12057002600,19.5
12057002700,15.7
12057002800,15.7
12057002900,17.9
12057003000,20.0
12057003100,17.5
12057003200,18.0
12057003300,18.5
12057003400,18.1
12057003500,17.5
12057003600,19.3
12057003700,19.5
12057003800,17.0
12057003900,18.5
12057004000,15.9
12057004100,19.2
12057004200,16.5
12057004300,21.9
12057004400,17.5
12057004500,15.2
12057004600,15.0
12057004700,16.6
12057004800,16.2
12057004900,18.6
12057005000,22.1
12057005101,17.1
12057005102,17.1
12057005301,17.3
12057005302,18.9
12057005401,16.0
12057005500,17.5
12057005700,17.6
12057005800,16.1
12057005900,15.8
12057006000,16.9
12057006101,16.8
12057006103,15.4
12057006200,16.9
12057006300,16.8
12057006400,16.1
12057006501,17.9
12057006502,18.2
12057006600,18.0
12057006700,16.4
12057006801,17.9
12057006802,16.5
12057006900,16.8
12057007001,17.4
12057007002,20.2
12057007102,17.8
12057007103,18.4
12057007200,17.1
12057007300,19.6
12057010103,20.0
12057010105,21.0
12057010106,19.7
12057010107,17.1
12057010108,19.0
12057010203,20.8
12057010204,19.4
12057010205,16.4
12057010209,16.3
12057010210,16.7
12057010211,17.5
12057010212,15.9
12057010213,19.4
12057010214,18.1
12057010303,22.0
12057010304,18.6
12057010305,19.1
12057010401,19.4
12057010402,17.9
12057010501,18.5
12057010502,17.3
12057010600,17.4
12057010701,17.9
12057010702,18.3
12057010805,21.0
12057010808,19.6
12057010809,19.7
12057010810,16.6
12057010811,18.9
12057010812,20.7
12057010813,20.6
12057010814,16.6
12057010815,20.6
12057010816,19.6
12057010817,20.2
12057010818,19.3
12057010900,28.7
12057011003,19.2
12057011005,17.4
12057011006,17.5
12057011007,17.3
12057011008,17.1
12057011010,19.4
12057011012,15.8
12057011013,16.8
12057011014,17.9
12057011015,18.3
12057011016,15.9
12057011103,17.0
12057011106,17.7
12057011107,17.2
12057011108,15.8
12057011109,17.1
12057011203,17.3
12057011204,18.1
12057011205,17.8
12057011206,18.6
12057011301,16.8
12057011303,17.5
12057011304,16.6
12057011407,16.1
12057011408,16.9
12057011409,16.0
12057011410,16.7
12057011411,15.2
12057011412,18.3
12057011413,17.3
12057011414,17.5
12057011415,16.5
12057011416,17.1
12057011417,18.1
12057011418,16.2
12057011504,17.6
12057011506,16.8
12057011507,16.5
12057011509,17.0
12057011510,16.2
12057011512,16.3
12057011514,17.0
12057011515,17.7
12057011516,17.1
12057011517,16.2
12057011518,16.9
12057011519,16.8
12057011520,17.2
12057011521,17.7
12057011522,16.0
12057011523,16.5
12057011524,18.0
12057011603,17.2
12057011605,17.3
12057011606,17.3
12057011607,18.0
12057011608,15.7
12057011610,17.3
12057011611,16.4
12057011612,16.5
12057011613,17.4
12057011614,17.4
12057011615,17.6
12057011706,17.4
12057011708,17.4
12057011709,17.9
12057011710,17.8
12057011712,17.3
12057011802,15.9
12057011803,18.6
12057011804,16.5
12057011901,18.5
12057011902,17.6
12057011904,18.7
12057011905,17.6
12057011906,17.2
12057012001,17.4
12057012002,19.6
12057012103,20.0
12057012104,20.8
12057012106,17.9
12057012107,20.6
12057012108,18.8
12057012206,18.3
12057012207,18.0
12057012208,17.4
12057012209,17.1
12057012210,18.2
12057012211,17.7
12057012212,19.5
12057012213,17.6
12057012301,17.5
12057012303,19.0
12057012304,18.6
12057012401,20.3
12057012402,18.7
12057012403,20.4
12057012501,19.9
12057012503,18.2
12057012504,17.7
12057012600,18.2
12057012701,19.2
12057012702,19.7
12057012800,19.4
12057012900,18.0
12057013001,20.0
12057013002,19.4
12057013003,19.8
12057013004,18.4
12057013100,20.6
12057013203,17.6
12057013204,19.0
12057013205,18.0
12057013206,16.7
12057013207,19.1
12057013208,17.0
12057013305,17.5
12057013307,18.8
12057013310,17.8
12057013311,18.8
12057013312,18.2
12057013313,17.6
12057013314,18.6
12057013315,18.6
12057013316,20.4
12057013317,20.5
12057013318,18.9
12057013319,19.2
12057013320,18.3
12057013321,17.4
12057013322,18.1
12057013406,19.3
12057013407,17.8
12057013409,17.5
12057013410,20.1
12057013411,17.4
12057013412,18.0
12057013413,17.5
12057013414,17.7
12057013415,18.1
12057013501,17.5
12057013503,19.0
12057013504,17.2
12057013505,18.3
12057013602,19.6
12057013604,21.4
12057013702,17.6
12057013703,17.6
12057013704,18.5
12057013801,20.3
12057013802,21.0
12057013803,22.4
12057013804,18.9
12057013806,19.1
12057013807,17.5
12057013903,19.8
12057013907,19.3
12057013908,18.1
12057013912,19.9
12057013913,17.3
12057013914,18.6
12057013915,17.2
12057013916,17.7
12057013917,18.1
12057013918,20.3
12057013919,18.1
12057013920,19.3
12057013921,16.9
12057013922,17.5
12057013923,17.7
12057014002,18.6
12057014003,17.2
12057014007,18.1
12057014008,13.0
12057014009,12.0
12057014010,14.4
12057014011,13.7
12057014012,13.7
12057014013,21.1
12057014014,11.9
12057014015,14.3
12057014016,12.9
12057014104,18.4
12057014106,18.3
12057014108,19.9
12057014109,18.4
12057014117,17.2
12057014118,17.1
12057014119,17.5
12057014121,18.0
12057014122,18.2
12057980400,18.3
12059960100,22.9
12059960200,22.6
12059960300,22.5
12059960400,21.6
12061050100,19.1
12061050200,18.3
12061050301,14.7
12061050302,18.0
12061050401,19.6
12061050402,17.3
12061050501,13.6
12061050503,14.4
12061050504,14.5
12061050505,14.2
12061050601,17.0
12061050602,19.1
12061050603,19.4
12061050604,14.0
12061050605,15.4
12061050606,20.4
12061050702,18.4
12061050703,17.9
12061050704,17.4
12061050705,14.2
12061050802,18.4
12061050804,17.4
12061050805,17.0
12061050806,17.9
12061050807,18.0
12061050808,17.6
12061050902,15.9
12061050903,21.3
12061050904,19.6
12063210100,18.8
12063210200,19.2
12063210300,19.6
12063210400,21.9
12063210500,20.8
12063210600,21.6
12063210700,19.5
12063210800,19.9
12063210900,20.2
12063211000,22.8
12063211100,23.0
12065250101,19.1
12065250102,19.1
12065250200,19.2
12067960100,18.8
12067960200,21.5
12069030102,22.3
12069030104,19.2
12069030105,20.8
12069030106,23.9
12069030107,22.2
12069030108,20.2
12069030203,18.0
12069030204,22.2
12069030206,21.5
12069030207,19.6
12069030208,19.8
12069030209,22.1
12069030302,18.2
12069030305,19.2
12069030306,19.6
12069030307,19.8
12069030308,19.6
12069030405,22.2
12069030406,19.7
12069030407,23.4
12069030408,16.1
12069030409,15.8
12069030410,19.4
12069030411,19.9
12069030502,21.8
12069030503,22.0
12069030504,19.0
12069030601,19.2
12069030602,22.0
12069030701,16.4
12069030702,21.3
12069030803,18.9
12069030804,20.6
12069030805,19.8
12069030806,19.2
12069030807,19.0
12069030902,20.2
12069030912,21.0
12069030913,14.7
12069030914,20.9
12069031000,19.8
12069031101,17.8
12069031102,16.2
12069031103,20.1
12069031202,20.8
12069031203,19.1
12069031204,19.3
12069031205,21.7
12069031301,20.3
12069031305,20.8
12069031306,19.6
12069031307,19.1
12069031308,16.5
12069031309,20.3
12069031310,19.7
12069031311,20.3
12071000301,18.0
12071000302,19.0
12071000401,19.1
12071000402,17.0
12071000502,18.4
12071000503,17.8
12071000504,18.5
12071000600,17.0
12071000700,19.6
12071000800,16.4
12071000900,17.0
12071001000,18.6
12071001101,20.1
12071001102,18.8
12071001201,19.6
12071001202,17.7
12071001300,17.6
12071001401,19.5
12071001402,17.6
12071001501,16.4
12071001502,20.6
12071001601,18.6
12071001602,15.5
12071001701,17.3
12071001703,16.0
12071001705,16.5
12071001706,17.3
12071001707,16.3
12071001801,18.2
12071001802,14.7
12071001903,15.8
12071001906,17.2
12071001907,15.8
12071001908,15.5
12071001910,14.0
12071001911,14.8
12071001912,14.6
12071001913,15.4
12071001914,17.6
12071001915,11.0
12071010102,17.9
12071010103,19.1
12071010104,14.8
12071010105,18.1
12071010201,19.7
12071010203,19.2
12071010204,17.6
12071010302,19.1
12071010303,17.4
12071010304,17.8
12071010305,18.0
12071010306,18.5
12071010307,19.6
12071010404,18.9
12071010405,18.4
12071010406,17.2
12071010407,17.8
12071010409,18.4
12071010410,18.6
12071010411,18.6
12071010412,18.6
12071010501,18.1
12071010502,17.7
12071010601,17.3
12071010602,17.4
12071010701,16.3
12071010702,17.1
12071010801,17.6
12071010802,18.4
12071010803,17.0
12071020101,15.9
12071020102,16.8
12071020201,18.6
12071020202,19.6
12071020300,21.4
12071020400,17.0
12071020501,16.7
12071020502,17.7
12071020600,18.2
12071020700,17.8
12071020800,19.3
12071030100,18.4
12071030201,16.6
12071030202,19.2
12071030203,18.9
12071030204,18.6
12071030300,18.2
12071040108,16.6
12071040109,20.1
12071040110,19.1
12071040111,14.6
12071040112,17.3
12071040113,18.2
12071040114,16.0
12071040115,22.6
12071040116,18.0
12071040117,15.4
12071040118,16.3
12071040119,17.0
12071040120,19.2
12071040121,19.2
12071040122,20.5
12071040123,18.4
12071040124,19.1
12071040125,17.5
12071040126,19.2
12071040127,19.7
12071040203,18.7
12071040205,21.5
12071040206,18.4
12071040207,17.1
12071040208,20.7
12071040209,19.9
12071040210,19.3
12071040301,19.2
12071040302,18.9
12071040303,20.5
12071040304,18.9
12071040305,19.9
12071040308,19.8
12071040309,17.4
12071040310,18.2
12071040311,18.9
12071040312,17.9
12071040313,18.3
12071040314,20.4
12071050103,17.3
12071050104,15.8
12071050105,16.1
12071050106,17.2
12071050203,16.7
12071050204,19.6
12071050205,18.9
12071050206,20.3
12071050207,16.7
12071050208,20.2
12071050209,20.6
12071050305,13.1
12071050306,16.3
12071050307,14.8
12071050308,17.1
12071050310,15.7
12071050311,17.4
12071050312,16.0
12071050313,17.0
12071050314,15.0
12071050400,17.7
12071050500,17.5
12071050601,17.5
12071050602,17.4
12071060101,17.1
12071060102,17.2
12071060201,13.9
12071060202,14.7
12071060203,16.7
12071060300,14.2
12071070101,17.6
12071070102,18.6
12071070200,17.2
12071080100,21.0
12071080202,14.5
12071080203,14.1
12071080204,15.3
12071080300,15.8
12071090100,16.4
12073000200,20.6
12073000301,18.2
12073000302,18.8
12073000303,21.5
12073000400,22.1
12073000500,29.4
12073000600,21.6
12073000700,21.5
12073000800,20.0
12073000901,19.2
12073000903,21.1
12073000904,20.4
12073000905,20.2
12073001001,22.4
12073001002,20.2
12073001101,21.9
12073001102,17.7
12073001200,20.7
12073001300,30.2
12073001401,22.1
12073001402,24.2
12073001500,20.7
12073001601,20.5
12073001602,17.5
12073001700,17.6
12073001801,21.8
12073001802,20.3
12073001901,18.8
12073001902,22.0
12073002003,22.8
12073002004,25.8
12073002005,27.9
12073002006,25.4
12073002101,21.1
12073002103,24.6
12073002104,25.0
12073002201,22.2
12073002205,21.4
12073002206,20.2
12073002207,21.6
12073002208,20.7
12073002302,19.4
12073002303,20.5
12073002304,22.5
12073002403,19.3
12073002408,18.8
12073002410,19.3
12073002411,19.6
12073002412,19.3
12073002413,18.3
12073002414,17.9
12073002415,18.7
12073002416,17.0
12073002417,17.5
12073002505,17.3
12073002507,18.9
12073002508,19.0
12073002509,22.1
12073002510,18.2
12073002511,18.4
12073002512,18.9
12073002513,17.7
12073002603,20.6
12073002604,22.0
12073002605,17.9
12073002606,19.7
12073002701,21.5
12073002702,21.7
12075970101,21.6
12075970102,22.5
12075970200,22.3
12075970301,22.1
12075970302,22.2
12075970400,21.9
12075970500,21.5
12075970600,21.2
12075970700,21.9
12077950100,21.3
12077950200,19.6
12079110100,20.3
12079110200,21.9
12079110301,20.0
12079110302,18.7
12079110400,22.0
12081000101,16.4
12081000103,20.2
12081000105,20.7
12081000106,20.4
12081000201,19.2
12081000202,17.8
12081000304,17.9
12081000305,19.6
12081000306,20.2
12081000307,22.3
12081000308,17.9
12081000309,21.6
12081000310,20.5
12081000403,18.3
12081000405,18.6
12081000406,17.1
12081000407,14.6
12081000408,18.4
12081000501,21.2
12081000503,19.2
12081000504,20.4
12081000601,21.9
12081000603,20.6
12081000604,19.2
12081000703,18.4
12081000704,20.5
12081000705,18.1
12081000803,20.8
12081000804,18.3
12081000805,18.9
12081000807,17.4
12081000808,16.5
12081000809,17.4
12081000810,15.9
12081000901,20.2
12081000902,18.4
12081001000,18.7
12081001104,17.6
12081001105,18.0
12081001106,21.2
12081001107,19.6
12081001108,16.6
12081001202,19.6
12081001203,20.1
12081001204,17.2
12081001300,21.3
12081001402,17.7
12081001403,18.1
12081001404,20.2
12081001501,17.8
12081001502,18.5
12081001601,17.4
12081001602,17.0
12081001701,17.7
12081001703,15.3
12081001704,12.7
12081001800,16.5
12081001904,18.4
12081001907,19.1
12081001908,17.1
12081001909,17.1
12081001910,18.9
12081001911,18.2
12081001912,18.0
12081001913,19.0
12081001914,18.6
12081002003,19.0
12081002005,17.1
12081002007,17.7
12081002008,18.8
12081002010,20.6
12081002011,18.3
12081002012,18.8
12081002013,18.3
12081002014,18.7
12081002015,18.4
12081002016,16.1
12081002017,18.1
12083000100,19.2
12083000200,21.1
12083000301,22.5
12083000302,22.4
12083000401,21.7
12083000402,23.6
12083000501,20.0
12083000502,21.3
12083000601,21.9
12083000602,22.0
12083000604,24.1
12083000605,22.4
12083000701,22.2
12083000702,18.9
12083000801,16.8
12083000802,18.5
12083000901,20.6
12083000902,22.5
12083001003,24.1
12083001004,18.2
12083001005,17.8
12083001006,17.5
12083001007,16.5
12083001008,15.8
12083001102,22.3
12083001103,20.9
12083001104,20.3
12083001204,20.8
12083001205,19.2
12083001206,21.1
12083001207,21.0
12083001208,19.3
12083001301,20.6
12083001302,21.4
12083001401,22.8
12083001402,20.2
12083001500,21.7
12083001600,21.4
12083001700,20.7
12083001800,20.3
12083001900,21.6
12083002001,21.9
12083002002,22.1
12083002100,20.0
12083002201,20.8
12083002202,19.0
12083002203,20.1
12083002301,18.5
12083002302,20.5
12083002401,19.0
12083002402,19.9
12083002502,19.1
12083002503,20.2
12083002504,19.0
12083002601,21.4
12083002602,22.4
12083002604,21.2
12083002605,16.3
12083002606,14.5
12083002701,19.7
12083002702,18.5
12085000100,13.5
12085000200,16.8
12085000300,17.4
12085000400,17.1
12085000501,17.5
12085000502,15.8
12085000603,17.7
12085000604,15.8
12085000606,16.3
12085000607,14.9
12085000610,15.9
12085000700,15.3
12085000800,16.4
12085000901,14.3
12085000902,17.0
12085001000,18.5
12085001102,16.0
12085001103,16.2
12085001104,18.4
12085001200,19.8
12085001301,17.5
12085001302,16.2
12085001404,17.0
12085001406,16.6
12085001407,15.3
12085001408,19.0
12085001409,16.3
12085001410,15.9
12085001500,15.9
12085001601,14.6
12085001602,15.8
12085001700,17.5
12085001801,17.9
12085001802,16.8
12086000107,15.2
12086000109,17.5
12086000113,15.5
12086000115,16.1
12086000118,14.5
12086000119,15.0
12086000120,15.0
12086000121,14.5
12086000122,13.7
12086000123,14.9
12086000124,17.3
12086000125,16.0
12086000126,14.9
12086000127,15.4
12086000128,15.0
12086000129,13.6
12086000130,14.6
12086000131,15.5
12086000132,15.3
12086000133,14.7
12086000134,15.3
12086000140,15.3
12086000202,16.0
12086000204,15.4
12086000206,16.4
12086000209,17.8
12086000211,15.9
12086000212,17.2
12086000213,16.4
12086000214,16.8
12086000215,16.6
12086000216,15.4
12086000217,17.2
12086000218,16.5
12086000219,16.9
12086000220,17.0
12086000301,15.7
12086000302,15.7
12086000305,17.4
12086000306,17.2
12086000307,16.2
12086000308,15.2
12086000402,16.2
12086000403,16.5
12086000404,15.8
12086000405,16.3
12086000408,16.6
12086000409,16.4
12086000410,16.8
12086000411,16.6
12086000412,16.6
12086000413,16.0
12086000414,16.9
12086000501,16.9
12086000503,18.3
12086000504,17.5
12086000505,16.2
12086000601,14.5
12086000602,14.7
12086000603,14.6
12086000604,14.5
12086000605,14.7
12086000607,14.4
12086000608,16.1
12086000705,14.7
12086000706,15.3
12086000707,15.6
12086000708,15.0
12086000709,15.2
12086000710,16.3
12086000711,15.7
12086000712,15.3
12086000804,14.8
12086000805,15.8
12086000806,15.9
12086000807,16.9
12086000808,14.9
12086000901,16.6
12086000902,15.2
12086000903,16.5
12086001002,16.1
12086001003,15.4
12086001004,17.7
12086001005,15.0
12086001006,16.4
12086001101,16.5
12086001102,16.4
12086001103,16.4
12086001104,14.1
12086001203,16.9
12086001204,15.4
12086001205,14.8
12086001206,14.9
12086001301,15.5
12086001302,15.2
12086001401,17.4
12086001402,17.2
12086001501,19.8
12086001502,18.8
12086001602,14.5
12086001603,14.5
12086001605,15.8
12086001606,15.8
12086001701,18.0
12086001702,17.4
12086001703,16.5
12086001801,17.0
12086001802,17.1
12086001803,18.0
12086001901,17.2
12086001903,16.2
12086001904,17.4
12086002001,17.5
12086002003,18.0
12086002004,17.8
12086002100,14.6
12086002201,14.8
12086002202,15.8
12086002300,16.8
12086002402,16.2
12086002403,15.8
12086002404,16.4
12086002501,17.0
12086002502,17.0
12086002600,16.2
12086002702,15.7
12086002703,15.0
12086002705,14.3
12086002706,14.1
12086002800,16.9
12086002900,16.6
12086003001,15.3
12086003003,16.4
12086003004,15.4
12086003100,19.1
12086003400,16.8
12086003601,16.3
12086003602,15.2
12086003702,15.5
12086003703,14.6
12086003704,14.4
12086003705,14.5
12086003706,13.3
12086003707,14.0
12086003801,14.9
12086003803,14.4
12086003804,13.4
12086003906,14.6
12086003909,14.4
12086003911,16.1
12086003912,15.2
12086003913,15.0
12086003914,14.7
12086003915,14.3
12086003916,15.6
12086003917,15.9
12086003918,14.2
12086003919,13.5
12086003921,13.1
12086003922,13.7
12086004000,15.2
12086004102,14.5
12086004103,15.6
12086004105,14.9
12086004106,14.7
12086004203,16.5
12086004204,15.6
12086004205,15.3
12086004206,14.9
12086004301,15.6
12086004303,17.1
12086004304,15.3
12086004403,15.3
12086004404,16.0
12086004405,16.2
12086004406,15.7
12086004500,15.2
12086004602,13.4
12086004605,12.8
12086004607,12.7
12086004608,13.4
12086004701,14.4
12086004702,14.7
12086004703,14.2
12086004901,15.0
12086004902,15.0
12086005001,15.0
12086005002,14.9
12086005102,14.8
12086005103,15.5
12086005104,16.2
12086005201,17.3
12086005202,16.0
12086005302,16.0
12086005303,16.2
12086005304,16.1
12086005403,15.4
12086005405,16.2
12086005406,16.8
12086005407,14.8
12086005409,18.1
12086005410,15.9
12086005501,14.4
12086005502,14.3
12086005600,13.4
12086005701,14.4
12086005703,14.2
12086005704,15.2
12086005801,13.4
12086005802,14.0
12086005901,13.5
12086005902,13.6
12086005903,14.4
12086005904,13.8
12086006001,12.9
12086006002,14.0
12086006101,12.9
12086006102,12.7
12086006201,14.4
12086006203,13.8
12086006205,14.8
12086006206,14.7
12086006301,14.0
12086006302,13.8
12086006401,14.4
12086006402,14.3
12086006403,14.7
12086006501,13.5
12086006503,13.6
12086006504,13.0
12086006601,14.2
12086006602,15.5
12086006702,14.6
12086006705,13.6
12086006706,13.6
12086006707,13.7
12086006709,14.9
12086006711,15.1
12086006713,14.2
12086006714,14.6
12086006801,14.7
12086006802,13.6
12086006900,14.0
12086007001,14.0
12086007002,15.0
12086007101,15.0
12086007103,15.3
12086007104,15.3
12086007200,15.6
12086007300,15.1
12086007400,13.6
12086007501,13.0
12086007503,14.0
12086007601,14.4
12086007603,17.3
12086007604,14.2
12086007605,15.2
12086007606,14.0
12086007701,13.6
12086007702,13.7
12086007704,14.6
12086007705,13.8
12086007801,14.7
12086007804,15.5
12086007805,13.9
12086007806,14.1
12086007807,14.0
12086007901,13.6
12086007902,14.4
12086008000,13.4
12086008101,14.1
12086008102,14.4
12086008202,15.3
12086008205,14.1
12086008206,14.1
12086008207,14.7
12086008208,15.9
12086008209,14.6
12086008304,15.0
12086008305,14.7
12086008306,14.7
12086008307,15.2
12086008308,14.9
12086008309,17.8
12086008405,14.2
12086008407,14.1
12086008409,14.7
12086008410,14.3
12086008412,14.3
12086008414,14.3
12086008415,14.5
12086008416,14.2
12086008417,15.2
12086008418,13.9
12086008419,14.8
12086008501,14.1
12086008502,13.7
12086008601,13.4
12086008602,14.5
12086008701,14.6
12086008702,14.3
12086008803,13.8
12086008804,13.7
12086008805,14.5
12086008806,13.7
12086008901,13.1
12086008902,12.8
12086008904,19.6
12086008906,13.2
12086008907,13.3
12086009006,13.6
12086009010,14.5
12086009014,13.7
12086009015,13.9
12086009017,15.9
12086009019,13.4
12086009020,16.4
12086009021,15.8
12086009022,14.7
12086009023,15.2
12086009024,15.1
12086009026,14.7
12086009027,14.8
12086009028,13.6
12086009029,13.5
12086009030,14.7
12086009031,14.9
12086009034,14.1
12086009035,14.8
12086009036,14.3
12086009038,14.1
12086009039,14.6
12086009040,9.2
12086009043,14.2
12086009044,15.2
12086009046,16.3
12086009047,14.8
12086009100,14.4
12086009200,13.8
12086009305,13.7
12086009306,15.3
12086009307,15.9
12086009308,16.2
12086009309,15.3
12086009311,14.8
12086009312,15.8
12086009313,14.7
12086009314,16.0
12086009315,14.4
12086009400,15.9
12086009501,17.1
12086009503,15.8
12086009504,15.3
12086009600,16.3
12086009703,15.4
12086009704,15.3
12086009705,15.9
12086009706,15.8
12086009803,15.9
12086009804,15.5
12086009806,16.0
12086009807,14.8
12086009808,14.9
12086009901,16.1
12086009903,15.0
12086009904,17.4
12086009905,15.4
12086009906,16.3
12086010001,16.3
12086010005,15.0
12086010006,16.0
12086010009,15.3
12086010010,16.3
12086010011,18.1
12086010012,16.3
12086010013,14.8
12086010015,16.1
12086010016,15.2
12086010193,14.1
12086010198,14.4
12086010201,14.6
12086010204,15.0
12086010205,15.2
12086010207,17.1
12086010208,16.4
12086010209,15.8
12086010210,16.2
12086010300,16.7
12086010400,15.2
12086010500,16.5
12086010604,16.8
12086010606,15.8
12086010608,16.4
12086010609,16.5
12086010610,14.1
12086010612,15.5
12086010613,14.9
12086010614,15.9
12086010617,15.8
12086010703,16.2
12086010704,17.7
12086010801,17.8
12086010802,17.5
12086010900,18.5
12086011001,17.6
12086011003,16.6
12086011005,16.9
12086011007,15.6
12086011008,15.8
12086011009,16.5
12086011101,17.9
12086011102,16.7
12086011201,18.4
12086011202,19.3
12086011300,19.8
12086011401,17.1
12086011403,18.6
12086011404,21.9
12086011500,15.3
12086011600,15.6
12086011700,16.2
12086011800,14.2
12086011900,15.0
12086012000,16.4
12086012100,15.9
12086012200,14.5
12086012300,14.5
12086012400,13.7
12086012500,14.6
12086012600,14.6
12086012700,13.2
12086012800,13.6
12086012900,14.6
12086013000,14.3
12086013100,14.9
12086013200,14.8
12086013300,14.6
12086013400,15.2
12086013500,15.6
12086013600,15.9
12086013700,15.1
12086013800,15.3
12086013900,14.4
12086014000,14.7
12086014100,13.2
12086014200,13.3
12086014300,13.3
12086014400,14.3
12086014500,13.6
12086014600,14.9
12086014700,13.9
12086014800,15.5
12086014900,14.2
12086015000,13.7
12086015100,13.5
12086015200,13.6
12086015300,13.9
12086015400,13.8
12086015500,13.8
12086015600,15.3
12086015700,13.3
12086015800,14.6
12086015900,14.1
12086016000,14.4
12086016100,13.1
12086016200,13.7
12086016300,13.4
12086016400,13.6
12086016500,13.8
12086016600,14.1
12086016700,14.2
12086016800,13.8
12086016900,15.4
12086017000,14.6
12086017100,14.8
12086017200,13.6
12086017300,14.5
12086017400,15.0
12086017500,15.7
12086017600,15.3
12086017700,15.2
12086017800,16.2
12086017900,14.1
12086018000,13.8
12086018100,14.5
12086018200,14.7
12086018300,14.5
12086018400,14.9
12086018500,15.2
12086018600,14.5
12086018700,14.2
12086018800,15.2
12086018900,14.6
12086019000,14.8
12086019100,14.1
12086019200,15.4
12086019300,15.3
12086019400,14.9
12086019500,14.6
12086019600,14.7
12086019700,14.2
12086019800,14.1
12086019900,15.0
12086020000,15.0
12086020100,14.7
12086020200,14.1
12086020300,15.3
12086490100,13.8
12086980300,23.4
12086980700,22.3
12086981000,13.9
12087970200,15.6
12087970300,18.2
12087970400,18.9
12087970500,18.5
12087970600,17.1
12087970700,17.3
12087970800,17.6
12087970900,17.0
12087971001,16.7
12087971002,18.0
12087971100,18.8
12087971200,17.1
12087971300,18.0
12087971401,19.0
12087971402,18.4
12087971501,17.3
12087971502,17.6
12087971600,17.5
12087971700,18.7
12087971800,18.0
12087971900,18.9
12087972000,17.6
12087972100,17.3
12087972200,18.2
12087972300,17.6
12087972400,17.7
12087972500,16.5
12087972600,17.4
12089050101,19.2
12089050102,18.8
12089050201,13.9
12089050202,18.0
12089050203,16.8
12089050301,20.6
12089050302,21.8
12089050303,19.6
12089050400,21.9
12089050502,20.9
12089050503,21.9
12089050504,21.1
12091020100,21.5
12091020200,22.2
12091020301,20.2
12091020302,19.8
12091020400,21.8
12091020500,21.8
12091020600,20.1
12091020700,20.8
12091020800,20.1
12091020900,18.3
12091021001,18.9
12091021002,17.9
12091021101,20.0
12091021102,19.4
12091021200,20.4
12091021400,23.5
12091021501,19.2
12091021502,19.3
12091021600,17.8
12091021700,18.4
12091021801,20.6
12091021802,19.5
12091021900,20.3
12091022001,20.2
12091022002,20.0
12091022100,22.4
12091022300,20.5
12091022400,18.9
12091022500,19.6
12091022600,20.6
12091022700,18.7
12091022800,20.5
12091022900,19.0
12091023100,20.3
12091023200,17.8
12091023303,17.7
12091023304,19.3
12091023305,19.1
12091023306,20.2
12091023307,22.3
12091023308,18.4
12093910101,19.5
12093910102,23.4
12093910201,21.4
12093910202,21.3
12093910300,18.8
12093910401,20.5
12093910402,22.9
12093910403,20.9
12093910500,19.7
12093910601,19.6
12093910602,20.0
12095010200,17.2
12095010300,16.3
12095010400,18.5
12095010500,18.1
12095010802,17.5
12095011000,19.2
12095011100,17.9
12095011200,16.9
12095011300,17.6
12095011600,18.7
12095011701,15.6
12095011702,16.5
12095012000,18.0
12095012100,18.3
12095012201,18.5
12095012202,18.7
12095012303,17.2
12095012304,17.7
12095012305,18.0
12095012306,17.3
12095012307,17.7
12095012401,19.1
12095012402,19.4
12095012403,17.7
12095012500,18.0
12095012600,17.5
12095012701,17.6
12095012800,16.1
12095012900,16.7
12095013201,17.1
12095013202,17.9
12095013300,17.5
12095013402,17.7
12095013403,18.3
12095013405,19.4
12095013406,17.1
12095013503,18.5
12095013505,16.7
12095013507,17.5
12095013508,18.2
12095013509,17.2
12095013510,17.7
12095013511,18.8
12095013512,18.1
12095013603,18.2
12095013604,18.2
12095013605,18.9
12095013606,19.1
12095013607,17.7
12095013701,18.9
12095013702,18.9
12095013801,19.1
12095013802,18.0
12095013803,17.5
12095013900,17.4
12095014000,17.2
12095014100,17.1
12095014200,17.5
12095014301,17.4
12095014302,17.8
12095014400,16.7
12095014502,19.4
12095014503,19.2
12095014504,17.0
12095014601,18.4
12095014605,15.2
12095014606,19.0
12095014607,17.6
12095014608,17.8
12095014609,19.2
12095014701,18.7
12095014702,18.2
12095014703,19.1
12095014704,18.1
12095014804,18.0
12095014805,18.3
12095014806,16.8
12095014807,16.8
12095014808,15.9
12095014809,16.2
12095014810,16.4
12095014811,16.4
12095014812,18.0
12095014813,16.2
12095014904,19.1
12095014906,17.0
12095014908,16.3
12095014909,17.6
12095015001,20.5
12095015002,20.0
12095015003,19.9
12095015004,17.1
12095015103,17.4
12095015104,19.2
12095015105,18.5
12095015106,17.4
12095015201,18.3
12095015202,19.3
12095015300,18.5
12095015402,17.6
12095015501,16.8
12095015601,15.7
12095015602,16.1
12095015701,16.3
12095015702,17.6
12095015801,15.6
12095015802,16.2
12095015901,16.6
12095015902,17.8
12095016001,20.1
12095016002,15.7
12095016100,15.2
12095016200,16.6
12095016301,16.6
12095016302,19.8
12095016402,18.4
12095016406,19.1
12095016407,19.7
12095016408,17.2
12095016409,16.9
12095016410,17.9
12095016411,18.5
12095016412,17.2
12095016503,19.7
12095016504,17.9
12095016505,18.8
12095016507,20.5
12095016508,21.8
12095016509,17.7
12095016510,21.8
12095016511,19.7
12095016601,17.9
12095016602,17.7
12095016704,16.4
12095016709,17.6
12095016710,16.2
12095016712,19.1
12095016713,17.2
12095016714,17.2
12095016715,17.3
12095016716,16.5
12095016717,17.0
12095016723,17.2
12095016724,18.6
12095016727,19.4
12095016728,17.6
12095016729,18.4
12095016730,16.6
12095016731,17.0
12095016732,16.7
12095016733,16.4
12095016734,16.3
12095016802,16.1
12095016803,16.2
12095016804,16.8
12095016806,15.9
12095016807,15.4
12095016902,17.8
12095016903,18.1
12095016904,17.4
12095016906,18.3
12095016907,19.0
12095017001,17.4
12095017004,17.5
12095017006,15.9
12095017008,17.8
12095017011,16.5
12095017012,15.8
12095017013,16.2
12095017014,16.8
12095017015,16.7
12095017016,15.8
12095017017,19.1
12095017103,17.4
12095017104,16.4
12095017105,16.8
12095017107,15.4
12095017108,16.8
12095017109,15.6
12095017200,18.0
12095017300,19.3
12095017400,17.6
12095017501,17.2
12095017503,19.5
12095017504,18.2
12095017600,18.0
12095017701,18.2
12095017702,18.3
12095017703,19.5
12095017802,17.2
12095017804,18.0
12095017805,19.4
12095017806,17.6
12095017807,18.7
12095017808,16.9
12095017901,17.7
12095017902,16.2
12095018000,17.1
12095018100,18.1
12095018200,17.4
12095018300,16.8
12095018400,18.2
12095018500,18.1
12095018700,19.2
12095018800,17.3
12095018900,16.1
12097040801,21.8
12097040802,19.5
12097040803,18.7
12097040804,19.5
12097040901,18.5
12097040902,19.4
12097041001,17.2
12097041002,18.1
12097041100,18.3
12097041300,18.2
12097041500,17.8
12097041600,20.0
12097041700,19.9
12097041800,21.0
12097041900,19.6
12097042000,19.4
12097042100,19.0
12097042200,18.8
12097042300,18.4
12097042400,18.4
12097042500,17.0
12097042601,17.6
12097042602,17.9
12097042701,17.6
12097042702,17.9
12097042800,18.0
12097042900,18.7
12097043100,18.8
12097043201,20.0
12097043202,21.7
12097043203,19.4
12097043204,18.9
12097043205,20.8
12097043206,21.9
12097043301,19.2
12097043302,20.3
12097043400,22.9
12097043500,22.6
12097043600,19.7
12097043700,19.8
12097043800,20.4
12099000101,17.2
12099000102,16.3
12099000202,17.9
12099000204,18.4
12099000205,17.6
12099000206,17.8
12099000208,17.8
12099000209,17.6
12099000210,17.8
12099000211,16.8
12099000213,16.8
12099000214,18.1
12099000215,18.1
12099000301,14.3
12099000303,15.4
12099000304,17.5
12099000405,15.4
12099000406,16.4
12099000407,13.5
12099000408,15.8
12099000410,14.7
12099000505,13.5
12099000507,14.6
12099000509,13.6
12099000511,16.0
12099000600,18.9
12099000702,18.0
12099000703,16.5
12099000802,18.2
12099000803,16.0
12099000804,17.9
12099000902,18.6
12099000903,18.5
12099000904,16.5
12099000905,16.0
12099001002,16.9
12099001003,16.6
12099001004,17.8
12099001101,16.7
12099001102,16.8
12099001200,15.7
12099001301,17.8
12099001302,17.2
12099001402,18.4
12099001403,17.8
12099001404,18.1
12099001500,16.4
12099001600,18.8
12099001700,18.5
12099001801,16.6
12099001802,15.5
12099001904,17.8
12099001907,14.8
12099001908,16.9
12099001909,19.7
12099001910,14.6
12099001911,15.2
12099001912,14.1
12099001913,14.0
12099001914,15.6
12099001915,17.1
12099001916,17.7
12099001917,18.9
12099002005,16.5
12099002006,17.4
12099002100,16.5
12099002200,18.0
12099002300,18.5
12099002400,17.7
12099002600,16.6
12099002700,17.2
12099002800,17.6
12099002900,21.4
12099003000,19.2
12099003101,17.9
12099003102,19.1
12099003201,18.2
12099003202,17.8
12099003300,16.7
12099003400,17.2
12099003504,15.7
12099003507,14.2
12099003509,14.1
12099003511,12.4
12099003600,17.7
12099003700,17.6
12099003800,16.8
12099003901,17.8
12099003902,17.6
12099004005,18.3
12099004007,19.3
12099004008,17.8
12099004009,17.7
12099004010,19.1
12099004011,19.6
12099004012,15.1
12099004013,16.7
12099004101,18.0
12099004102,17.1
12099004201,17.3
12099004202,17.6
12099004203,16.6
12099004300,16.7
12099004401,18.2
12099004402,20.1
12099004500,19.3
12099004601,18.4
12099004602,18.9
12099004702,20.1
12099004704,19.1
12099004705,18.4
12099004706,15.9
12099004809,14.0
12099004810,17.0
12099004811,17.1
12099004812,17.8
12099004813,18.3
12099004815,17.2
12099004816,15.4
12099004817,15.1
12099004818,16.0
12099004819,19.2
12099004902,14.3
12099004903,19.6
12099004904,19.5
12099005000,18.0
12099005101,19.2
12099005102,18.9
12099005202,20.3
12099005203,19.6
12099005204,18.8
12099005300,18.3
12099005405,13.2
12099005407,12.2
12099005409,15.3
12099005411,14.8
12099005501,19.2
12099005502,18.5
12099005601,18.1
12099005602,18.3
12099005701,18.7
12099005702,17.7
12099005807,16.2
12099005808,17.9
12099005810,15.9
12099005811,15.9
12099005812,19.1
12099005813,17.9
12099005814,20.3
12099005815,18.0
12099005816,18.4
12099005817,18.1
12099005903,17.9
12099005915,15.9
12099005916,17.8
12099005917,16.7
12099005918,18.2
12099005921,16.8
12099005922,15.0
12099005923,13.0
12099005926,13.7
12099005930,14.0
12099005931,13.0
12099005933,12.3
12099005934,13.2
12099005935,11.7
12099005936,14.7
12099005937,13.8
12099005938,13.3
12099005939,13.8
12099005940,14.4
12099005942,14.6
12099005943,13.4
12099005944,13.4
12099005945,13.6
12099005946,17.7
12099005947,12.6
12099005949,15.1
12099005950,16.3
12099005951,15.9
12099005952,12.1
12099005953,13.8
12099005954,14.1
12099005955,14.4
12099005956,12.7
12099006005,17.0
12099006006,14.4
12099006007,16.6
12099006008,13.8
12099006009,14.0
12099006010,18.2
12099006011,17.1
12099006012,17.4
12099006100,17.7
12099006201,18.5
12099006202,16.8
12099006203,15.4
12099006300,17.0
12099006401,17.8
12099006402,15.4
12099006501,19.1
12099006502,17.8
12099006602,17.2
12099006603,13.5
12099006604,16.6
12099006605,15.1
12099006700,16.1
12099006801,18.5
12099006802,17.8
12099006906,18.5
12099006907,16.2
12099006908,15.3
12099006909,16.5
12099006910,16.7
12099006911,16.2
12099006912,16.7
12099007002,15.4
12099007005,13.3
12099007006,15.0
12099007007,16.1
12099007008,17.2
12099007009,16.1
12099007010,12.8
12099007011,13.4
12099007100,21.7
12099007201,16.6
12099007202,17.5
12099007203,17.5
12099007301,17.1
12099007302,18.1
12099007407,15.1
12099007410,15.2
12099007412,14.8
12099007414,12.8
12099007416,14.5
12099007418,13.3
12099007420,14.4
12099007501,16.9
12099007504,16.4
12099007505,16.7
12099007602,17.7
12099007603,16.9
12099007604,17.3
12099007605,16.9
12099007607,16.5
12099007610,15.8
12099007612,17.1
12099007613,16.8
12099007614,15.9
12099007615,18.1
12099007616,13.7
12099007617,13.3
12099007618,15.7
12099007705,17.2
12099007710,17.1
12099007713,16.2
12099007716,17.8
12099007721,16.8
12099007723,16.7
12099007724,18.2
12099007725,17.7
12099007730,16.4
12099007731,14.7
12099007732,20.2
12099007733,17.9
12099007734,17.8
12099007735,17.2
12099007736,18.1
12099007738,18.0
12099007739,17.1
12099007740,16.0
12099007741,14.5
12099007742,14.4
12099007743,18.1
12099007744,14.0
12099007746,13.3
12099007747,11.9
12099007748,16.1
12099007749,16.1
12099007750,18.1
12099007751,17.3
12099007752,16.7
12099007753,15.6
12099007754,14.6
12099007756,16.9
12099007757,15.3
12099007758,17.8
12099007759,16.6
12099007760,16.1
12099007762,15.7
12099007763,16.5
12099007764,16.4
12099007765,16.1
12099007766,17.7
12099007767,19.1
12099007805,17.5
12099007808,18.1
12099007809,18.5
12099007812,17.1
12099007813,16.9
12099007814,14.3
12099007817,17.6
12099007818,15.8
12099007820,17.9
12099007821,18.4
12099007822,18.2
12099007823,18.0
12099007828,17.5
12099007830,15.9
12099007831,16.2
12099007832,17.2
12099007833,18.0
12099007834,13.7
12099007835,16.3
12099007836,16.8
12099007837,16.4
12099007838,16.3
12099007839,18.0
12099007908,18.5
12099007909,15.8
12099007910,17.7
12099007912,19.0
12099008001,19.4
12099008002,18.9
12099008101,18.6
12099008102,14.9
12099008201,19.2
12099008202,18.7
12099008203,18.6
12099008301,20.8
12099008302,17.4
12101030101,23.3
12101030102,23.7
12101030202,21.6
12101030203,22.6
12101030204,22.2
12101030205,21.5
12101030301,22.4
12101030302,20.7
12101030303,21.4
12101030404,21.5
12101030405,22.8
12101030406,22.5
12101030407,24.5
12101030408,22.8
12101030409,22.2
12101030410,23.2
12101030411,23.4
12101030412,23.8
12101030501,23.6
12101030502,23.9
12101030601,20.9
12101030602,24.0
12101030700,24.5
12101030800,23.3
12101030901,23.2
12101030903,22.6
12101030904,23.1
12101030905,23.0
12101031003,23.2
12101031005,25.0
12101031006,25.1
12101031007,23.9
12101031008,25.2
12101031009,25.5
12101031010,23.5
12101031011,22.0
12101031012,20.4
12101031013,23.2
12101031014,25.1
12101031101,22.1
12101031102,20.4
12101031203,19.5
12101031204,20.1
12101031205,22.1
12101031206,25.3
12101031207,24.0
12101031208,21.9
12101031301,20.4
12101031302,22.3
12101031401,24.4
12101031404,22.8
12101031405,25.3
12101031406,21.7
12101031407,22.8
12101031408,20.7
12101031409,23.9
12101031503,22.9
12101031504,21.7
12101031505,24.0
12101031506,23.4
12101031507,21.3
12101031508,21.0
12101031601,19.0
12101031602,21.4
12101031603,20.4
12101031604,21.4
12101031605,20.8
12101031701,19.3
12101031703,27.2
12101031704,22.1
12101031705,22.1
12101031706,19.9
12101031707,19.4
12101031708,20.2
12101031804,19.9
12101031805,22.7
12101031806,25.1
12101031807,25.0
12101031808,24.0
12101031809,24.8
12101031901,21.8
12101031902,21.1
12101031903,22.4
12101032001,21.0
12101032005,19.5
12101032006,22.3
12101032007,20.5
12101032008,21.5
12101032009,21.6
12101032010,21.8
12101032011,20.7
12101032012,22.2
12101032013,20.9
12101032014,20.9
12101032103,21.1
12101032104,21.2
12101032105,21.3
12101032106,20.3
12101032107,19.4
12101032108,21.7
12101032109,19.7
12101032110,20.0
12101032111,20.0
12101032112,20.8
12101032113,21.0
12101032200,22.4
12101032300,22.6
12101032401,23.0
12101032402,24.9
12101032500,23.3
12101032601,22.9
12101032602,23.6
12101032700,21.1
12101032801,22.1
12101032802,22.7
12101032803,22.1
12101032804,20.8
12101032901,23.7
12101032902,19.2
12101032903,20.4
12101032904,19.4
12101033005,22.4
12101033006,21.3
12101033007,18.5
12101033008,22.1
12101033009,23.4
12101033010,22.0
12101033011,22.5
12101033012,22.2
12101033013,24.3
12101033014,22.1
12101033101,20.0
12101033102,23.0
12103020101,17.3
12103020105,17.9
12103020106,16.4
12103020107,13.5
12103020108,15.5
12103020201,15.2
12103020202,16.7
12103020206,17.2
12103020207,16.9
12103020208,16.8
12103020209,15.6
12103020301,16.9
12103020302,17.8
12103020400,17.1
12103020500,18.9
12103020600,17.2
12103020700,16.8
12103020800,18.2
12103021200,18.9
12103021500,15.6
12103021600,18.3
12103021800,19.1
12103021900,17.9
12103022000,17.8
12103022100,18.6
12103022200,18.9
12103022301,18.6
12103022302,17.9
12103022401,17.7
12103022402,19.0
12103022501,18.3
12103022502,18.8
12103022503,16.9
12103022601,19.2
12103022602,18.7
12103022700,17.8
12103022801,20.9
12103022802,17.1
12103022901,18.5
12103022902,17.6
12103023000,20.1
12103023100,20.3
12103023200,18.9
12103023300,19.2
12103023400,18.4
12103023500,19.7
12103023600,18.2
12103023700,17.0
12103023800,17.6
12103023900,18.5
12103024001,16.7
12103024002,17.1
12103024004,17.2
12103024005,18.0
12103024100,19.2
12103024200,19.8
12103024301,19.5
12103024302,18.1
12103024403,20.0
12103024406,18.6
12103024408,20.1
12103024409,16.2
12103024410,19.7
12103024411,18.9
12103024412,18.7
12103024413,17.8
12103024505,18.1
12103024507,18.8
12103024508,19.1
12103024509,17.3
12103024510,20.3
12103024511,19.5
12103024512,16.9
12103024513,15.3
12103024514,20.8
12103024601,20.9
12103024602,20.2
12103024701,19.9
12103024702,20.2
12103024703,20.5
12103024801,19.5
12103024803,20.7
12103024804,19.4
12103024805,17.7
12103024901,20.4
12103024902,20.3
12103024904,19.5
12103024905,19.3
12103024906,20.0
12103025004,18.9
12103025007,18.2
12103025009,20.1
12103025010,17.3
12103025011,17.9
12103025012,17.9
12103025013,18.7
12103025014,18.9
12103025015,15.7
12103025016,17.8
12103025017,18.6
12103025018,19.7
12103025019,19.3
12103025106,17.5
12103025107,17.6
12103025108,16.2
12103025109,19.6
12103025110,17.9
12103025111,14.5
12103025112,18.9
12103025113,19.3
12103025114,18.8
12103025115,19.8
12103025116,19.3
12103025119,18.1
12103025120,17.7
12103025121,18.1
12103025122,16.9
12103025123,17.9
12103025203,17.4
12103025204,18.6
12103025205,17.1
12103025207,20.3
12103025208,17.0
12103025209,19.1
12103025303,19.2
12103025304,17.5
12103025305,17.5
12103025306,18.1
12103025307,18.2
12103025308,17.6
12103025401,18.0
12103025405,17.6
12103025407,18.9
12103025408,19.0
12103025411,20.2
12103025412,18.7
12103025413,17.8
12103025414,18.1
12103025415,19.7
12103025416,19.8
12103025417,16.7
12103025501,18.9
12103025503,16.3
12103025505,21.0
12103025506,18.2
12103025602,19.1
12103025603,20.8
12103025604,21.5
12103025700,16.0
12103025800,20.9
12103025900,18.8
12103026001,16.3
12103026002,16.9
12103026101,20.3
12103026102,19.2
12103026200,19.3
12103026300,20.4
12103026400,19.3
12103026500,19.1
12103026601,18.2
12103026602,19.8
12103026701,19.5
12103026702,17.8
12103026703,20.0
12103026804,19.0
12103026809,17.8
12103026811,16.5
12103026812,17.7
12103026813,15.8
12103026814,16.1
12103026815,17.3
12103026816,18.8
12103026817,18.6
12103026818,19.9
12103026819,19.5
12103026820,17.6
12103026821,19.5
12103026904,19.3
12103026907,17.6
12103026908,17.4
12103026909,18.4
12103026910,18.3
12103026911,15.7
12103026912,16.9
12103026913,16.7
12103027000,18.7
12103027101,17.7
12103027105,18.9
12103027106,16.9
12103027202,18.5
12103027204,18.2
12103027205,19.0
12103027206,18.6
12103027207,19.4
12103027208,18.5
12103027209,17.4
12103027210,18.3
12103027308,20.2
12103027309,16.4
12103027310,17.2
12103027314,16.9
12103027315,14.8
12103027316,16.2
12103027317,18.9
12103027318,18.3
12103027319,17.7
12103027320,19.1
12103027321,17.7
12103027322,18.6
12103027323,18.6
12103027324,17.5
12103027325,16.5
12103027326,18.3
12103027327,18.8
12103027401,19.0
12103027402,18.2
12103027403,18.8
12103027501,18.2
12103027502,18.5
12103027603,18.4
12103027604,14.5
12103027605,16.4
12103027606,17.4
12103027701,16.7
12103027703,16.2
12103027704,16.5
12103027801,16.8
12103027802,18.8
12103027901,17.0
12103027903,16.1
12103027904,17.0
12103028002,16.5
12103028003,16.5
12103028004,17.0
12103028102,17.2
12103028103,16.2
12103028104,15.4
12103028200,18.8
12103028300,18.5
12103028401,14.8
12103028402,19.1
12103028500,18.2
12103028600,18.7
12103028700,19.2
12105010300,21.2
12105010401,19.5
12105010402,22.0
12105010501,18.2
12105010502,19.3
12105010601,19.3
12105010603,18.6
12105010604,19.9
12105010701,18.9
12105010702,18.8
12105010800,20.5
12105010900,20.0
12105011000,18.4
12105011100,20.8
12105011202,19.2
12105011203,19.6
12105011204,20.5
12105011300,19.8
12105011400,20.6
12105011501,23.2
12105011502,18.9
12105011603,17.9
12105011604,20.5
12105011605,20.9
12105011606,22.4
12105011704,21.8
12105011721,22.6
12105011722,20.7
12105011731,23.4
12105011732,21.9
12105011821,18.9
12105011822,18.1
12105011832,20.2
12105011833,18.7
12105011834,18.4
12105011835,17.9
12105011836,18.1
12105011901,20.2
12105011902,19.2
12105011908,20.7
12105011909,19.2
12105011910,21.1
12105011911,19.3
12105011912,20.1
12105011913,21.0
12105012001,21.0
12105012002,19.2
12105012003,18.5
12105012004,19.9
12105012111,18.8
12105012113,19.8
12105012124,22.7
12105012125,23.4
12105012126,16.9
12105012127,18.2
12105012128,20.2
12105012129,19.6
12105012203,21.6
12105012204,18.8
12105012205,19.6
12105012206,18.2
12105012303,19.1
12105012304,19.2
12105012305,24.0
12105012306,20.4
12105012307,23.3
12105012309,22.5
12105012403,18.9
12105012404,16.6
12105012405,19.4
12105012406,18.0
12105012407,19.0
12105012408,19.4
12105012409,20.4
12105012410,18.6
12105012411,18.9
12105012502,19.1
12105012503,17.0
12105012504,17.0
12105012506,20.5
12105012507,18.4
12105012601,18.1
12105012602,21.3
12105012700,19.1
12105012802,18.5
12105012803,16.8
12105012804,17.6
12105012900,19.6
12105013001,20.0
12105013002,22.4
12105013101,18.9
12105013102,21.6
12105013103,23.2
12105013200,21.9
12105013300,22.5
12105013400,22.6
12105013500,17.9
12105013600,18.0
12105013701,19.8
12105013702,20.3
12105013801,21.3
12105013802,22.0
12105013901,20.1
12105013902,18.3
12105014001,19.1
12105014003,20.5
12105014005,18.4
12105014006,18.8
12105014103,19.0
12105014104,20.0
12105014105,19.8
12105014121,21.9
12105014123,19.8
12105014124,18.2
12105014125,21.4
12105014201,21.2
12105014202,20.1
12105014203,20.4
12105014301,18.3
12105014302,18.5
12105014400,17.7
12105014501,20.0
12105014502,22.8
12105014600,22.8
12105014701,19.2
12105014702,20.0
12105014802,20.1
12105014803,19.4
12105014804,18.5
12105014901,19.5
12105014902,22.5
12105015000,20.5
12105015101,19.9
12105015102,18.9
12105015200,20.2
12105015301,20.2
12105015302,20.2
12105015401,20.9
12105015402,21.2
12105015404,19.4
12105015405,21.4
12105015500,21.0
12105015600,17.5
12105015701,20.0
12105015702,18.9
12105015801,18.9
12105015802,19.4
12105015900,19.9
12105016001,21.3
12105016002,19.6
12105016003,19.0
12105016100,19.8
12105016400,20.1
12107950100,21.0
12107950201,22.4
12107950202,22.1
12107950300,20.5
12107950400,19.1
12107950500,20.5
12107950600,20.0
12107950700,20.4
12107950800,19.8
12107950900,21.6
12107951000,18.8
12107951100,20.1
12107951200,21.5
12107951300,19.1
12107951401,19.6
12107951402,20.2
12109020200,19.8
12109020300,22.8
12109020400,23.0
12109020500,18.4
12109020601,18.0
12109020602,19.4
12109020704,17.2
12109020705,17.8
12109020706,18.7
12109020707,19.8
12109020708,18.0
12109020710,17.5
12109020711,17.5
12109020801,18.1
12109020802,18.9
12109020803,19.1
12109020804,19.6
12109020805,19.1
12109020806,18.9
12109020807,18.6
12109020901,21.2
12109020902,19.5
12109021002,21.7
12109021003,21.4
12109021004,21.9
12109021101,22.4
12109021102,20.2
12109021103,21.4
12109021203,19.9
12109021204,19.8
12109021205,17.5
12109021206,19.2
12109021301,20.6
12109021302,20.6
12109021403,16.2
12109021404,18.8
12109021405,19.8
12109021406,18.3
12109021407,18.2
12111380100,19.1
12111380200,19.2
12111380300,20.0
12111380400,19.6
12111380500,19.3
12111380600,20.8
12111380700,19.7
12111380800,19.2
12111380901,18.3
12111380902,18.7
12111381000,19.5
12111381101,21.3
12111381102,17.4
12111381204,15.7
12111381300,17.0
12111381401,19.1
12111381402,20.7
12111381502,19.5
12111381503,20.3
12111381601,19.3
12111381602,17.7
12111381603,17.5
12111381701,14.4
12111381702,15.7
12111381802,19.8
12111381803,18.3
12111381804,19.7
12111381900,17.0
12111382002,20.0
12111382003,19.6
12111382006,17.9
12111382007,19.5
12111382008,18.8
12111382009,18.9
12111382010,17.5
12111382106,18.9
12111382108,17.8
12111382109,17.3
12111382110,19.6
12111382111,19.6
12111382112,19.6
12111382113,19.2
12111382200,18.0
12113010100,21.7
12113010200,20.6
12113010300,19.9
12113010400,20.5
12113010502,20.8
12113010503,20.9
12113010504,19.6
12113010600,21.5
12113010702,19.3
12113010704,20.5
12113010705,22.1
12113010706,21.4
12113010707,19.4
12113010708,20.9
12113010802,20.4
12113010808,19.9
12113010809,21.1
12113010811,19.8
12113010812,18.7
12113010813,19.1
12113010814,18.6
12113010815,19.9
12113010817,20.7
12113010819,20.2
12113010900,17.8
12115000101,16.6
12115000102,19.8
12115000200,18.9
12115000300,19.5
12115000401,19.8
12115000404,15.5
12115000405,20.5
12115000406,18.4
12115000407,19.2
12115000501,18.6
12115000502,19.7
12115000503,19.6
12115000601,17.9
12115000602,19.4
12115000700,14.4
12115000801,13.9
12115000802,14.4
12115000900,18.1
12115001000,21.7
12115001101,17.6
12115001102,19.9
12115001201,19.1
12115001202,19.6
12115001203,14.5
12115001204,19.6
12115001301,19.6
12115001302,18.7
12115001303,19.2
12115001304,17.4
12115001401,18.1
12115001402,20.7
12115001403,17.0
12115001503,20.4
12115001504,21.4
12115001505,21.3
12115001506,18.6
12115001507,17.9
12115001601,18.9
12115001602,18.4
12115001702,19.0
12115001703,19.6
12115001704,20.0
12115001801,16.6
12115001803,19.7
12115001804,19.7
12115001805,18.0
12115001903,15.9
12115001904,17.3
12115001905,14.5
12115001907,14.7
12115001908,14.9
12115002003,19.8
12115002004,17.5
12115002005,17.4
12115002007,16.6
12115002008,17.5
12115002009,15.9
12115002010,16.1
12115002100,16.8
12115002201,17.2
12115002202,17.4
12115002203,18.9
12115002302,15.7
12115002303,15.4
12115002304,15.2
12115002305,15.4
12115002401,16.5
12115002402,16.5
12115002504,19.2
12115002505,19.6
12115002507,19.8
12115002508,20.3
12115002509,19.6
12115002510,17.8
12115002511,17.2
12115002601,17.4
12115002602,16.7
12115002603,18.5
12115002604,16.8
12115002605,18.9
12115002710,18.8
12115002711,18.6
12115002712,20.8
12115002713,18.8
12115002714,17.3
12115002715,15.4
12115002716,17.7
12115002718,16.6
12115002719,14.6
12115002720,15.8
12115002721,20.5
12115002722,20.8
12115002723,17.1
12115002724,14.6
12117020101,18.4
12117020102,18.1
12117020201,20.0
12117020202,17.8
12117020301,19.4
12117020302,20.5
12117020401,17.0
12117020402,17.1
12117020500,20.4
12117020600,20.0
12117020701,17.9
12117020703,16.6
12117020704,16.6
12117020705,17.2
12117020803,18.6
12117020805,17.1
12117020806,18.9
12117020807,19.6
12117020808,18.1
12117020810,17.6
12117020811,18.9
12117020812,18.4
12117020901,19.4
12117020902,19.7
12117020903,20.4
12117021000,18.5
12117021100,17.9
12117021201,19.1
12117021203,17.9
12117021204,18.6
12117021306,17.7
12117021307,17.7
12117021311,17.7
12117021312,18.7
12117021313,17.5
12117021314,18.2
12117021315,20.6
12117021316,18.9
12117021317,18.4
12117021318,18.0
12117021319,18.9
12117021320,18.9
12117021321,18.8
12117021401,19.4
12117021403,17.8
12117021404,19.3
12117021502,19.8
12117021503,19.1
12117021504,16.7
12117021505,18.3
12117021506,18.1
12117021604,17.7
12117021606,18.5
12117021608,19.8
12117021609,17.8
12117021611,17.5
12117021612,18.1
12117021613,19.3
12117021614,17.9
12117021615,19.2
12117021616,16.4
12117021704,18.5
12117021705,18.0
12117021706,17.5
12117021707,18.8
12117021708,18.2
12117021802,19.0
12117021803,18.8
12117021805,16.8
12117021806,17.6
12117021901,18.3
12117021902,18.2
12117022001,20.2
12117022002,19.0
12117022004,18.9
12117022005,18.5
12117022101,19.9
12117022104,19.1
12117022105,18.9
12117022106,19.3
12117022201,19.0
12117022205,18.2
12117022206,19.2
12117022207,18.0
12117022208,19.6
12117022209,18.5
12119910100,20.0
12119910300,19.9
12119910401,20.9
12119910402,20.2
12119910500,19.7
12119910601,21.0
12119910602,20.1
12119910700,21.6
12119910800,13.9
12119910900,13.9
12119911000,14.5
12119911200,16.0
12119911301,17.2
12119911302,18.2
12119911400,16.7
12119911500,19.5
12119911701,15.3
12119911702,15.2
12121970100,19.8
12121970200,21.0
12121970301,22.4
12121970302,19.7
12121970400,20.6
12121970500,20.7
12121970600,22.0
12123950100,20.1
12123950200,21.2
12123950300,21.1
12123950400,18.9
12125960100,17.9
12125960200,20.1
12125960300,21.9
12127080100,18.6
12127080201,17.4
12127080202,18.9
12127080300,20.3
12127080400,18.1
12127080500,19.5
12127080600,19.9
12127080700,19.9
12127080803,20.7
12127080804,19.7
12127080805,21.3
12127080806,19.5
12127080807,19.0
12127080901,20.8
12127080902,23.1
12127081000,21.3
12127081101,19.3
12127081102,20.3
12127081200,21.9
12127081300,19.8
12127081500,22.1
12127081600,21.4
12127081700,20.0
12127081800,19.0
12127081900,20.2
12127082000,21.7
12127082100,21.1
12127082201,21.3
12127082202,18.1
12127082301,20.6
12127082401,22.5
12127082404,21.8
12127082405,20.4
12127082406,20.6
12127082410,20.2
12127082411,18.4
12127082412,20.3
12127082413,21.2
12127082414,20.2
12127082415,20.3
12127082503,21.6
12127082506,21.4
12127082507,21.8
12127082508,20.2
12127082509,20.7
12127082510,20.9
12127082511,22.4
12127082604,19.0
12127082605,17.0
12127082606,17.4
12127082607,18.6
12127082701,17.7
12127082703,18.1
12127082704,18.1
12127082705,17.4
12127082801,20.8
12127082802,20.1
12127082902,20.8
12127082903,19.9
12127082904,17.3
12127083003,20.2
12127083005,19.5
12127083006,21.6
12127083007,22.2
12127083008,21.9
12127083009,21.4
12127083203,19.9
12127083205,19.5
12127083206,17.7
12127083207,19.6
12127083208,19.0
12127083209,20.8
12127090101,21.4
12127090102,22.0
12127090202,20.0
12127090203,20.5
12127090204,20.2
12127090303,21.9
12127090304,21.1
12127090305,21.4
12127090306,18.5
12127090307,20.7
12127090400,21.7
12127090500,22.4
12127090600,20.2
12127090701,20.6
12127090702,19.2
12127090803,22.4
12127090804,21.4
12127090805,18.0
12127090806,19.7
12127090902,19.8
12127090903,18.0
12127090904,20.2
12127091001,20.6
12127091005,20.9
12127091013,20.2
12127091015,19.7
12127091016,19.7
12127091017,19.8
12127091018,19.9
12127091019,20.6
12127091020,21.1
12127091021,21.5
12127091022,20.3
12127091023,19.7
12127091024,20.9
12127091025,21.3
12127091026,20.0
12127091027,20.0
12127091028,19.8
12127091029,19.7
12127092500,20.4
12129010100,21.5
12129010201,21.4
12129010202,19.4
12129010203,21.0
12131950101,22.2
12131950102,21.2
12131950200,18.7
12131950301,21.5
12131950302,21.0
12131950400,21.6
12131950501,22.0
12131950502,20.2
12131950601,19.0
12131950602,18.3
12131950603,17.5
12133970102,21.3
12133970103,24.5
12133970104,23.6
12133970200,24.1
12133970301,22.7
12133970302,21.4
12133970303,23.5
